source_id,org,title,year,source_url,doi,tier,priority,atomization_status,evidence_atoms,risk,license_class,license_name,rights_holder,local_store,atomize_tdm_ai,factual_claim_use,short_quote,translate_adapt,reproduce_tables_figures,redistribute_full_source,public_site_use,commercial_site_use,logo_trademark,pipeline_action,confidence,evidence_basis,evidence_urls,reviewed_at,notes
SRC-AAP-NRP9-2025,American Academy of Pediatrics,"Textbook of Neonatal Resuscitation, 9th Edition",2025,https://www.aap.org/Textbook-of-Neonatal-Resuscitation-9th-Edition-eBook,,professional_standard,P0,ATOMIZED_METADATA_ONLY,0,RED,COMMERCIAL_LICENSED_PRODUCT,AAP NRP 9th Edition — RightsLink permissions,American Academy of Pediatrics,LICENSED_COPY_ONLY; NO_SHARED_REPOSITORY,NOT_GRANTED; PERMISSION/LICENCE REQUIRED,HUMAN_REFERENCE_ONLY; USE_OPEN_GUIDELINES_FOR_CLAIMS,LIMITED_NOMINATIVE/SCHOLARLY_REFERENCE,PERMISSION_REQUIRED,RIGHTSLINK_PERMISSION_REQUIRED,PROHIBITED_WITHOUT_LICENSE,CITATION/LINK ONLY,LICENSE_REQUIRED,AAP/NRP MARKS PROTECTED,QUARANTINE_AI; SUBSTITUTE_WITH_OPEN_AHA/AAP_OR_ILCOR_WHERE_RIGHTS_ALLOW,HIGH,AAP directs all NRP reproduction/translation permission requests through RightsLink.,https://www.aap.org/en/pedialink/neonatal-resuscitation-program/nrp-frequently-asked-questions/nrp-9th-edition-materials/,2026-10-03,"Facts/scientific concepts may be independently restated where lawful; this does not authorize copying protected expression, tables, algorithms, figures or branded forms."
SRC-ABA-BURN-2024,American Burn Association,Clinical Practice Guidelines on Burn Shock Resuscitation,2024,https://pubmed.ncbi.nlm.nih.gov/38051821/,10.1093/jbcr/irad125,clinical_guideline,P0,ATOMIZED_EVIDENCE,749,ORANGE,ALL_RIGHTS_RESERVED,OUP on behalf of ABA — all rights reserved,Authors / Oxford University Press on behalf of ABA,INTERNAL_EVIDENCE_COPY_ONLY_IF_LAWFULLY_ACCESSED,NOT_EXPRESSLY_GRANTED; PERMISSION REQUIRED FOR AUTOMATED PIPELINE,HUMAN_READ_AND_INDEPENDENT_FACTUAL_SYNTHESIS_WITH_CITATION,LIMITED_WITH_CITATION,PERMISSION REQUIRED,PERMISSION REQUIRED,NOT ALLOWED WITHOUT PERMISSION,LINK/CITATION; NO DIRECT REUSE,PERMISSION REQUIRED,ABA/OUP MARKS NOT LICENSED,QUARANTINE_AI; HUMAN_REFERENCE_ONLY,HIGH,Article copyright notice says all rights reserved; commercial reuse/translation/reprints/other permissions handled by OUP/RightsLink.,https://pubmed.ncbi.nlm.nih.gov/38051821/,2026-10-03,"Existing corpus contains 749 evidence atoms from this source; downstream generative use must be blocked until permission/substitution. Facts/scientific concepts may be independently restated where lawful; this does not authorize copying protected expression, tables, algorithms, figures or branded forms."
SRC-ABA-REFERRAL,American Burn Association,Guidelines for Burn Patient Referral,current,https://www.ameriburn.org/burn-care-team/resources/guidelines-for-burn-patient-referral,,clinical_guidance,P1,ATOMIZED_EVIDENCE,71,GREEN_CONDITIONAL,DISTRIBUTE_ORIGINAL_ONLY,ABA explicit distribution permission for original PDF,American Burn Association,ALLOWED_INTERNAL,NOT_EXPRESSLY_GRANTED; REVIEW_REQUIRED,ALLOW_INDEPENDENT_FACTUAL_SYNTHESIS_WITH_CITATION,LIMITED_WITH_ATTRIBUTION,PERMISSION_REQUIRED,PERMISSION_REQUIRED_IF_EXTRACTED/REPURPOSED,ALLOWED_ONLY_IN_ORIGINAL_FORM_IN_ENTIRETY_WITH_ATTRIBUTION,LINK_OR_DISTRIBUTE_ORIGINAL_PDF; DO_NOT_EDIT,REVIEW_REQUIRED,DO_NOT_REUSE_LOGO/BRANDING_BEYOND_ORIGINAL_FILE,HUMAN_REFERENCE_ONLY_FOR_DERIVATIVE_CONTENT,HIGH,ABA PDF permits distribution only in original form and entirety with attribution; edit/repurpose/reprint requires permission.,https://www.ameriburn.org/storyblok-asset/x/b7f8f5d4e8/one-page-guidelines-for-burn-patient-referral-1.pdf,2026-10-03,
SRC-ACOG-PREECLAMPSIA,American College of Obstetricians and Gynecologists,Practice Bulletin No. 222 — Gestational Hypertension and Preeclampsia,2020; reaffirmed 2026,https://www.acog.org/clinical/clinical-guidance/practice-bulletin/articles/2020/06/gestational-hypertension-and-preeclampsia,,clinical_guideline,P0,ACQUISITION_GAP,0,RED,SUBSCRIPTION_PROPRIETARY,ACOG Practice Bulletin copyright/all rights reserved,American College of Obstetricians and Gynecologists,LICENSED_COPY_ONLY; LANDING/METADATA MAY_BE_STORED,NOT_GRANTED; FULL_TEXT_NOT_AVAILABLE_WITHOUT_SUBSCRIPTION,HUMAN_REFERENCE_TO_LAWFULLY_ACCESSED_TEXT; PREFER_OPEN_SUBSTITUTES_FOR_PIPELINE,"ACOG STATES SMALL TEXT SELECTIONS ~100 WORDS MAY NOT REQUIRE PERMISSION, WITH ATTRIBUTION",PERMISSION_REQUIRED,PERMISSION_REQUIRED,PROHIBITED_WITHOUT_PERMISSION,CITATION/LINK; NO REPRODUCTION,PERMISSION/LICENSE REQUIRED,ACOG MARKS/LOGO NOT LICENSED,QUARANTINE_AI; USE_OPEN_OBSTETRIC_SOURCES,HIGH,ACOG publications are copyright/all-rights-reserved; reproduction generally requires written permission; only small attributed text selections are excepted by ACOG policy.,https://www.acog.org/legal/permissions-information,2026-10-03,"Facts/scientific concepts may be independently restated where lawful; this does not authorize copying protected expression, tables, algorithms, figures or branded forms."
SRC-ACS-TRAUMA-STANDARDS,American College of Surgeons,"Resources for Optimal Care of the Injured Patient — 2022 Standards, revisions through 2025",2022–2025,https://www.facs.org/quality-programs/trauma/quality/verification-review-and-consultation-program/standards/,,professional_standard,P0,ATOMIZED_EVIDENCE,80,ORANGE,ALL_RIGHTS_RESERVED_STANDARD,ACS trauma standards proprietary publication,American College of Surgeons,INTERNAL_REFERENCE_COPY_ONLY_IF_PUBLICLY_DOWNLOADED,NOT_EXPRESSLY_GRANTED; PERMISSION REQUIRED,HUMAN_READ_AND_INDEPENDENT_FACTUAL_SYNTHESIS_WITH_CITATION,LIMITED_WITH_CITATION,PERMISSION REQUIRED,PERMISSION REQUIRED,NOT ALLOWED UNLESS ACS EXPRESSLY AUTHORIZES,LINK/CITATION; DO NOT REPUBLISH STANDARDS,PERMISSION REQUIRED,ACS MARKS PROTECTED,QUARANTINE_AI; HUMAN_REFERENCE_ONLY,MEDIUM_HIGH,ACS standards are downloadable but prior editions carry all-rights-reserved notices; no open licence identified for 2022/2025 standards.,https://www.facs.org/quality-programs/trauma/quality/verification-review-and-consultation-program/standards/,2026-10-03,"Existing corpus contains 80 evidence atoms from this source; downstream generative use must be blocked until permission/substitution. Facts/scientific concepts may be independently restated where lawful; this does not authorize copying protected expression, tables, algorithms, figures or branded forms."
SRC-ADA-2026,American Diabetes Association,"Standards of Care in Diabetes—2026: Glycemic Goals, Hypoglycemia, and Hyperglycemic Crises",2026,https://diabetesjournals.org/care/article/49/Supplement_1/S132/163927/6-Glycemic-Goals-Hypoglycemia-and-Hyperglycemic,,clinical_guideline,P0,ATOMIZED_EVIDENCE,969,RED,PROPRIETARY_EXPLICIT_NO_TDM_AI,ADA educational noncommercial limited use; explicit TDM/ML prohibition without permission,American Diabetes Association,INTERNAL_EVIDENCE_ONLY_IF_LAWFULLY_ACCESSED; DO_NOT_REDISTRIBUTE,PROHIBITED_WITHOUT_PRIOR_WRITTEN_PERMISSION,HUMAN_READ_AND_INDEPENDENT_FACTUAL_SYNTHESIS_WITH_CITATION; DO_NOT_COPY_EXPRESSION,LIMITED_ONLY_IF_APPLICABLE_EXCEPTION/TERMS_ALLOW; CITE,PERMISSION_REQUIRED,PERMISSION_REQUIRED,NOT_ALLOWED_WITHOUT_PERMISSION,LINK/CITATION; NO_DIRECT_REPRODUCTION,PERMISSION_REQUIRED,DO_NOT_USE_ADA_LOGO/MARKS_AS_ENDORSEMENT,QUARANTINE_AI,HIGH,"ADA publication notice expressly bars reproduction/distribution and text/data mining, machine learning or similar technologies without prior written permission.",https://diabetesjournals.org/journals/pages/license | https://diabetesjournals.org/care/article/49/Supplement_1/S132/163927/6-Glycemic-Goals-Hypoglycemia-and-Hyperglycemic,2026-10-03,"Existing corpus contains 969 evidence atoms from this source; downstream generative use must be blocked until permission/substitution. Facts/scientific concepts may be independently restated where lawful; this does not authorize copying protected expression, tables, algorithms, figures or branded forms."
SRC-AES-CSE-2016,American Epilepsy Society,Evidence-Based Guideline: Treatment of Convulsive Status Epilepticus in Children and Adults,2016; current while update in development,https://aesnet.org/clinical-care/clinical-guidance/guideline-prolonged-seizures/guideline-for-treatment-of-prolonged-seizures-in-children-and-adults,,clinical_guideline,P0,ATOMIZED_EVIDENCE,15,ORANGE,COPYRIGHTED_FREE_ACCESS,© American Epilepsy Society; no open licence displayed on 2016 guideline,American Epilepsy Society,INTERNAL_REFERENCE_COPY_ONLY,NOT_EXPRESSLY_GRANTED; REVIEW/PERMISSION REQUIRED,HUMAN_READ_AND_INDEPENDENT_FACTUAL_SYNTHESIS_WITH_CITATION,LIMITED_WITH_CITATION,PERMISSION REQUIRED,PERMISSION REQUIRED (algorithm especially),DO NOT REDISTRIBUTE UNLESS TERMS ALLOW,LINK/CITATION; RECREATE OWN NON-COPYING ALGORITHM FROM FACTS ONLY AFTER REVIEW,PERMISSION REQUIRED FOR DIRECT REUSE,AES MARKS PROTECTED,HUMAN_REFERENCE_ONLY; CONSIDER OPEN 2025 BRAZIL REVIEW AS SUPPLEMENT,MEDIUM_HIGH,PMC shows © American Epilepsy Society and no Creative Commons licence for the 2016 guideline.,https://pmc.ncbi.nlm.nih.gov/articles/PMC4749120/,2026-10-03,"Facts/scientific concepts may be independently restated where lawful; this does not authorize copying protected expression, tables, algorithms, figures or branded forms."
SRC-AGREE-II-2017,AGREE Enterprise,AGREE II Instrument — 2017 update,2017,https://www.agreetrust.org/wp-content/uploads/2017/12/AGREE-II-Users-Manual-and-23-item-Instrument-2009-Update-2017.pdf,,methodological_tool,P2,ATOMIZED_EVIDENCE,513,YELLOW,NONCOMMERCIAL_EDUCATIONAL,AGREE reproduction permission — educational/QA/critical appraisal only; no commercial/product marketing,AGREE Research Trust,ALLOWED_FOR_PERMITTED_USE,NOT_EXPRESSLY_GRANTED; NONCOMMERCIAL_RESEARCH_ONLY_PENDING_REVIEW,ALLOWED_WITH_CITATION,ALLOWED_WITH_CITATION,USE_APPROVED_TRANSLATIONS; NEW_TRANSLATION_REQUIRES_PROTOCOL,NONCOMMERCIAL_EDUCATIONAL_ONLY,NONCOMMERCIAL_EDUCATIONAL_ONLY,ONLY_IF_NONCOMMERCIAL_AND_CONDITIONS_MET,NOT_ALLOWED_WITHOUT_PERMISSION,DO_NOT_USE_LOGOS_FOR_MARKETING,HUMAN_REFERENCE_OR_NONCOMMERCIAL_GATED,HIGH,"AGREE manual explicitly permits educational, QA and critical-appraisal use and prohibits commercial use/product marketing.",https://www.agreetrust.org/wp-content/uploads/2017/12/AGREE-II-Users-Manual-and-23-item-Instrument-2009-Update-2017.pdf,2026-10-03,"Facts/scientific concepts may be independently restated where lawful; this does not authorize copying protected expression, tables, algorithms, figures or branded forms."
SRC-AHA-ACS-2025,ACC/AHA/ACEP/NAEMSP/SCAI,2025 Guideline for the Management of Patients With Acute Coronary Syndromes,2025,https://professional.heart.org/en/science-news/2025-guideline-for-the-management-of-patients-with-acute-coronary-syndromes,,clinical_guideline,P0,ATOMIZED_EVIDENCE,3582,RED,PROPRIETARY_PERMISSION_REQUIRED,AHA/ASA guideline/scientific-statement copyright,American Heart Association / American Stroke Association / collaborators as applicable,INTERNAL_REFERENCE_COPY_ONLY_IF_LAWFULLY_ACCESSED,NOT_EXPRESSLY_GRANTED; PERMISSION_REQUIRED_FOR_SYSTEMATIC_AI_PIPELINE,HUMAN_READ_AND_INDEPENDENT_FACTUAL_SYNTHESIS_WITH_CITATION,LIMITED_WITH_CITATION; DO_NOT_SUBSTITUTE_FOR_SOURCE,AHA_PERMISSION_REQUIRED; SPECIAL_ECC_RULES_APPLY,PERMISSION_REQUIRED; ECC ALGORITHMS/ASSETS ESPECIALLY RESTRICTED,NOT_ALLOWED_WITHOUT_PERMISSION,LINK/CITATION; NO_REPUBLISHING,NOT_ALLOWED_WITHOUT_LICENSE/PERMISSION,AHA/ASA LOGOS/SERVICE MARKS NOT PERMITTED WITHOUT AUTHORIZATION,QUARANTINE_AI_PENDING_PERMISSION_OR_OPEN_SUBSTITUTE,HIGH,AHA says its copyrighted materials may not be reproduced without prior written permission; translations require permission and ECC materials have additional restrictions.,https://www.heart.org/en/about-us/statements-and-policies/copyright-permission-guidelines | https://www.heart.org/en/about-us/statements-and-policies/guidelines-for-requests-to-translate-american-heart-association-materials,2026-10-03,"Existing corpus contains 3582 evidence atoms from this source; downstream generative use must be blocked until permission/substitution. Facts/scientific concepts may be independently restated where lawful; this does not authorize copying protected expression, tables, algorithms, figures or branded forms."
SRC-AHA-ALS-2025,American Heart Association,2025 AHA Guidelines — Adult Advanced Life Support,2025,https://cpr.heart.org/en/resuscitation-science/cpr-and-ecc-guidelines/adult-advanced-life-support,,clinical_guideline,P0,ATOMIZED_EVIDENCE,1693,RED,PROPRIETARY_PERMISSION_REQUIRED,AHA/ASA guideline/scientific-statement copyright,American Heart Association / American Stroke Association / collaborators as applicable,INTERNAL_REFERENCE_COPY_ONLY_IF_LAWFULLY_ACCESSED,NOT_EXPRESSLY_GRANTED; PERMISSION_REQUIRED_FOR_SYSTEMATIC_AI_PIPELINE,HUMAN_READ_AND_INDEPENDENT_FACTUAL_SYNTHESIS_WITH_CITATION,LIMITED_WITH_CITATION; DO_NOT_SUBSTITUTE_FOR_SOURCE,AHA_PERMISSION_REQUIRED; SPECIAL_ECC_RULES_APPLY,PERMISSION_REQUIRED; ECC ALGORITHMS/ASSETS ESPECIALLY RESTRICTED,NOT_ALLOWED_WITHOUT_PERMISSION,LINK/CITATION; NO_REPUBLISHING,NOT_ALLOWED_WITHOUT_LICENSE/PERMISSION,AHA/ASA LOGOS/SERVICE MARKS NOT PERMITTED WITHOUT AUTHORIZATION,QUARANTINE_AI_PENDING_PERMISSION_OR_OPEN_SUBSTITUTE,HIGH,AHA says its copyrighted materials may not be reproduced without prior written permission; translations require permission and ECC materials have additional restrictions.,https://www.heart.org/en/about-us/statements-and-policies/copyright-permission-guidelines | https://www.heart.org/en/about-us/statements-and-policies/guidelines-for-requests-to-translate-american-heart-association-materials,2026-10-03,"Existing corpus contains 1693 evidence atoms from this source; downstream generative use must be blocked until permission/substitution. Facts/scientific concepts may be independently restated where lawful; this does not authorize copying protected expression, tables, algorithms, figures or branded forms."
SRC-AHA-BLS-2025,American Heart Association,2025 AHA Guidelines — Adult Basic Life Support,2025,https://cpr.heart.org/en/resuscitation-science/cpr-and-ecc-guidelines/adult-basic-life-support,,clinical_guideline,P0,ATOMIZED_EVIDENCE,1255,RED,PROPRIETARY_PERMISSION_REQUIRED,AHA/ASA guideline/scientific-statement copyright,American Heart Association / American Stroke Association / collaborators as applicable,INTERNAL_REFERENCE_COPY_ONLY_IF_LAWFULLY_ACCESSED,NOT_EXPRESSLY_GRANTED; PERMISSION_REQUIRED_FOR_SYSTEMATIC_AI_PIPELINE,HUMAN_READ_AND_INDEPENDENT_FACTUAL_SYNTHESIS_WITH_CITATION,LIMITED_WITH_CITATION; DO_NOT_SUBSTITUTE_FOR_SOURCE,AHA_PERMISSION_REQUIRED; SPECIAL_ECC_RULES_APPLY,PERMISSION_REQUIRED; ECC ALGORITHMS/ASSETS ESPECIALLY RESTRICTED,NOT_ALLOWED_WITHOUT_PERMISSION,LINK/CITATION; NO_REPUBLISHING,NOT_ALLOWED_WITHOUT_LICENSE/PERMISSION,AHA/ASA LOGOS/SERVICE MARKS NOT PERMITTED WITHOUT AUTHORIZATION,QUARANTINE_AI_PENDING_PERMISSION_OR_OPEN_SUBSTITUTE,HIGH,AHA says its copyrighted materials may not be reproduced without prior written permission; translations require permission and ECC materials have additional restrictions.,https://www.heart.org/en/about-us/statements-and-policies/copyright-permission-guidelines | https://www.heart.org/en/about-us/statements-and-policies/guidelines-for-requests-to-translate-american-heart-association-materials,2026-10-03,"Existing corpus contains 1255 evidence atoms from this source; downstream generative use must be blocked until permission/substitution. Facts/scientific concepts may be independently restated where lawful; this does not authorize copying protected expression, tables, algorithms, figures or branded forms."
SRC-AHA-NEONATAL-2025,American Heart Association / AAP,2025 AHA/AAP Guidelines — Neonatal Resuscitation,2025,https://cpr.heart.org/en/resuscitation-science/cpr-and-ecc-guidelines/neonatal-resuscitation,,clinical_guideline,P0,ATOMIZED_EVIDENCE,1788,RED,PROPRIETARY_PERMISSION_REQUIRED,AHA/ASA guideline/scientific-statement copyright,American Heart Association / American Stroke Association / collaborators as applicable,INTERNAL_REFERENCE_COPY_ONLY_IF_LAWFULLY_ACCESSED,NOT_EXPRESSLY_GRANTED; PERMISSION_REQUIRED_FOR_SYSTEMATIC_AI_PIPELINE,HUMAN_READ_AND_INDEPENDENT_FACTUAL_SYNTHESIS_WITH_CITATION,LIMITED_WITH_CITATION; DO_NOT_SUBSTITUTE_FOR_SOURCE,AHA_PERMISSION_REQUIRED; SPECIAL_ECC_RULES_APPLY,PERMISSION_REQUIRED; ECC ALGORITHMS/ASSETS ESPECIALLY RESTRICTED,NOT_ALLOWED_WITHOUT_PERMISSION,LINK/CITATION; NO_REPUBLISHING,NOT_ALLOWED_WITHOUT_LICENSE/PERMISSION,AHA/ASA LOGOS/SERVICE MARKS NOT PERMITTED WITHOUT AUTHORIZATION,QUARANTINE_AI_PENDING_PERMISSION_OR_OPEN_SUBSTITUTE,HIGH,AHA says its copyrighted materials may not be reproduced without prior written permission; translations require permission and ECC materials have additional restrictions.,https://www.heart.org/en/about-us/statements-and-policies/copyright-permission-guidelines | https://www.heart.org/en/about-us/statements-and-policies/guidelines-for-requests-to-translate-american-heart-association-materials,2026-10-03,"Existing corpus contains 1788 evidence atoms from this source; downstream generative use must be blocked until permission/substitution. Facts/scientific concepts may be independently restated where lawful; this does not authorize copying protected expression, tables, algorithms, figures or branded forms."
SRC-AHA-PALS-2025,American Heart Association / AAP,2025 AHA/AAP Guidelines — Pediatric Advanced Life Support,2025,https://cpr.heart.org/en/resuscitation-science/cpr-and-ecc-guidelines/pediatric-advanced-life-support,,clinical_guideline,P0,ATOMIZED_EVIDENCE,2485,RED,PROPRIETARY_PERMISSION_REQUIRED,AHA/ASA guideline/scientific-statement copyright,American Heart Association / American Stroke Association / collaborators as applicable,INTERNAL_REFERENCE_COPY_ONLY_IF_LAWFULLY_ACCESSED,NOT_EXPRESSLY_GRANTED; PERMISSION_REQUIRED_FOR_SYSTEMATIC_AI_PIPELINE,HUMAN_READ_AND_INDEPENDENT_FACTUAL_SYNTHESIS_WITH_CITATION,LIMITED_WITH_CITATION; DO_NOT_SUBSTITUTE_FOR_SOURCE,AHA_PERMISSION_REQUIRED; SPECIAL_ECC_RULES_APPLY,PERMISSION_REQUIRED; ECC ALGORITHMS/ASSETS ESPECIALLY RESTRICTED,NOT_ALLOWED_WITHOUT_PERMISSION,LINK/CITATION; NO_REPUBLISHING,NOT_ALLOWED_WITHOUT_LICENSE/PERMISSION,AHA/ASA LOGOS/SERVICE MARKS NOT PERMITTED WITHOUT AUTHORIZATION,QUARANTINE_AI_PENDING_PERMISSION_OR_OPEN_SUBSTITUTE,HIGH,AHA says its copyrighted materials may not be reproduced without prior written permission; translations require permission and ECC materials have additional restrictions.,https://www.heart.org/en/about-us/statements-and-policies/copyright-permission-guidelines | https://www.heart.org/en/about-us/statements-and-policies/guidelines-for-requests-to-translate-american-heart-association-materials,2026-10-03,"Existing corpus contains 2485 evidence atoms from this source; downstream generative use must be blocked until permission/substitution. Facts/scientific concepts may be independently restated where lawful; this does not authorize copying protected expression, tables, algorithms, figures or branded forms."
SRC-AHA-STROKE-2026,American Heart Association / American Stroke Association,2026 Guideline for the Early Management of Patients With Acute Ischemic Stroke,2026,https://professional.heart.org/en/science-news/2026-guideline-for-the-early-management-of-patients-with-acute-ischemic-stroke,,clinical_guideline,P0,ATOMIZED_EVIDENCE,4141,RED,PROPRIETARY_PERMISSION_REQUIRED,AHA/ASA guideline/scientific-statement copyright,American Heart Association / American Stroke Association / collaborators as applicable,INTERNAL_REFERENCE_COPY_ONLY_IF_LAWFULLY_ACCESSED,NOT_EXPRESSLY_GRANTED; PERMISSION_REQUIRED_FOR_SYSTEMATIC_AI_PIPELINE,HUMAN_READ_AND_INDEPENDENT_FACTUAL_SYNTHESIS_WITH_CITATION,LIMITED_WITH_CITATION; DO_NOT_SUBSTITUTE_FOR_SOURCE,AHA_PERMISSION_REQUIRED; SPECIAL_ECC_RULES_APPLY,PERMISSION_REQUIRED; ECC ALGORITHMS/ASSETS ESPECIALLY RESTRICTED,NOT_ALLOWED_WITHOUT_PERMISSION,LINK/CITATION; NO_REPUBLISHING,NOT_ALLOWED_WITHOUT_LICENSE/PERMISSION,AHA/ASA LOGOS/SERVICE MARKS NOT PERMITTED WITHOUT AUTHORIZATION,QUARANTINE_AI_PENDING_PERMISSION_OR_OPEN_SUBSTITUTE,HIGH,AHA says its copyrighted materials may not be reproduced without prior written permission; translations require permission and ECC materials have additional restrictions.,https://www.heart.org/en/about-us/statements-and-policies/copyright-permission-guidelines | https://www.heart.org/en/about-us/statements-and-policies/guidelines-for-requests-to-translate-american-heart-association-materials,2026-10-03,"Existing corpus contains 4141 evidence atoms from this source; downstream generative use must be blocked until permission/substitution. Facts/scientific concepts may be independently restated where lawful; this does not authorize copying protected expression, tables, algorithms, figures or branded forms."
SRC-AHRQ-TEAMSTEPPS3,AHRQ,TeamSTEPPS 3.0 Curriculum Materials,2023–2024,https://www.ahrq.gov/teamstepps-program/curriculum/index.html,,official_guidance,P1,ATOMIZED_EVIDENCE,8,YELLOW,US_GOV_WORKS_JURISDICTION_LIMITED,Many AHRQ works public domain in US only; global electronic reproduction requires permission; third-party content excluded,US Government / AHRQ and possible contractors/third parties,ALLOWED_FOR_RESEARCH,REVIEW_REQUIRED_OUTSIDE_US_AND_FOR_THIRD_PARTY_CONTENT,ALLOWED_WITH_CITATION,LIMITED_WITH_CITATION,PERMISSION_RECOMMENDED_FOR_GLOBAL_DISTRIBUTION,CHECK_COPYRIGHT_HOLDER_ITEM_BY_ITEM,GLOBAL_WEB_REPRODUCTION_REQUIRES_SPECIFIC_PERMISSION,LINK_PREFERRED; REPRODUCTION_REQUIRES_REVIEW_OUTSIDE_US,PERMISSION_REQUIRED/REVIEW,TEAMSTEPPS®/AHRQ_MARKS_NOT_PUBLIC_DOMAIN_BY_DEFAULT,HUMAN_REFERENCE_ONLY_UNTIL_GLOBAL_PERMISSION_RESOLVED,HIGH,AHRQ FAQ says many materials are public domain only within the US and global electronic reproduction needs specific permission; some materials contain third-party copyright.,https://www.ahrq.gov/faqs/index.html?page=3 | https://www.ahrq.gov/teamstepps-program/curriculum/index.html,2026-10-03,"Facts/scientific concepts may be independently restated where lawful; this does not authorize copying protected expression, tables, algorithms, figures or branded forms."
SRC-AMIB-SBPT-VM-2024,AMIB / SBPT,Orientações Práticas de Ventilação Mecânica 2024,2024,https://amib.org.br/documentos/orientacoes-praticas-de-ventilacao-mecanica-2024/,,clinical_guidance,P1,ATOMIZED_METADATA_ONLY,0,ORANGE,RIGHTS_UNCLEAR_PROFESSIONAL_GUIDANCE,No explicit open reuse licence verified,AMIB / SBPT / authors,INTERNAL_REFERENCE_COPY_ONLY,NOT_VERIFIED; HOLD_FOR_PERMISSION_OR_OPEN_SUBSTITUTE,HUMAN_READ_AND_INDEPENDENT_FACTUAL_SYNTHESIS_WITH_CITATION,LIMITED WITH CITATION,PERMISSION/LICENCE CHECK REQUIRED,DO NOT REUSE WITHOUT PERMISSION,LINK ONLY UNLESS NOTICE ALLOWS,FACTUAL SYNTHESIS ONLY; NO DIRECT REUSE,PERMISSION REVIEW REQUIRED,AMIB/SBPT MARKS NOT LICENSED,QUARANTINE_AI_PENDING_RIGHTS_NOTICE,LOW_MEDIUM,Public access does not itself create a reuse licence; no explicit open licence was verified during audit.,https://amib.org.br/documentos/orientacoes-praticas-de-ventilacao-mecanica-2024/,2026-10-03,"Facts/scientific concepts may be independently restated where lawful; this does not authorize copying protected expression, tables, algorithms, figures or branded forms."
SRC-ANVISA-ITU-2026,ANVISA,Protocolo para prevenção de infecção do trato urinário relacionada ao uso de cateter vesical de demora,2025–2026,https://www.gov.br/anvisa/pt-br/assuntos/servicosdesaude/prevencao-e-controle-de-infeccao-e-resistencia-microbiana/prevencao-das-principais-iras/infeccao-do-trato-urinario/protocolo-3-prevencao-de-itu-final.pdf,,official_guideline,P0,ATOMIZED_EVIDENCE,554,ORANGE,GOV_SITE_CC_BY_ND_TECHNICAL_PUBLICATION,gov.br site CC BY-ND 3.0; exact PDF may have publication-specific/third-party rights,ANVISA / União / credited third parties,ALLOWED_FOR_REFERENCE,REVIEW_REQUIRED_BECAUSE_ND_AND_ITEM_SPECIFIC_RIGHTS,ALLOW_INDEPENDENT_FACTUAL_SYNTHESIS_WITH_CITATION,LIMITED WITH CITATION,DO NOT DISTRIBUTE ADAPTED SOURCE MATERIAL WITHOUT PERMISSION; NONOFFICIAL FACTUAL SUMMARY IS SEPARATE,CHECK PDF CREDIT LINES; NO DERIVATIVE REUSE BY DEFAULT,UNMODIFIED SOURCE LINK/PDF SUBJECT TO NOTICE,LINK/CITATION; DIRECT UNMODIFIED USE ONLY IF NOTICE COVERS,CC BY-ND SITE LICENSE MAY ALLOW SHARING BUT NOT DERIVATIVES; ITEM REVIEW REQUIRED,ANVISA LOGO NOT LICENSED FOR ENDORSEMENT,HUMAN_REFERENCE_ONLY_PENDING_ITEM_LICENSE,MEDIUM,ANVISA gov.br pages carry CC BY-ND 3.0 site notice; technical PDF must be checked for its own notice and third-party material.,https://www.gov.br/anvisa/pt-br/assuntos/ | https://www.gov.br/anvisa/pt-br/assuntos/servicosdesaude/prevencao-e-controle-de-infeccao-e-resistencia-microbiana/prevencao-das-principais-iras/infeccao-do-trato-urinario/protocolo-3-prevencao-de-itu-final.pdf,2026-10-03,"Facts/scientific concepts may be independently restated where lawful; this does not authorize copying protected expression, tables, algorithms, figures or branded forms."
SRC-ANVISA-RDC36-2013,ANVISA,RDC nº 36/2013 — ações para a segurança do paciente em serviços de saúde,2013,https://bvsms.saude.gov.br/bvs/saudelegis/anvisa/2013/rdc0036_25_07_2013.html,,normative_primary,P0,ATOMIZED_EVIDENCE,82,GREEN,BRAZIL_OFFICIAL_ACT,"Lei 9.610/1998 art. 8º, IV — ato oficial fora da proteção autoral",Brasil / órgão emissor (marca/layout apartados),ALLOWED,ALLOWED_FOR_OFFICIAL_TEXT,ALLOWED_WITH_CITATION_AND_VERSION_CONTROL,ALLOWED_FOR_OFFICIAL_TEXT,ALLOWED_FOR_OFFICIAL_TEXT; LABEL_AS_TRANSLATION,ONLY_IF_PART_OF_OFFICIAL_ACT; THIRD_PARTY_ELEMENTS_EXCLUDED,ALLOWED_FOR_OFFICIAL_TEXT; PREFER_LINK_TO_OFFICIAL,ALLOWED_FOR_OFFICIAL_TEXT,ALLOWED_FOR_OFFICIAL_TEXT,DO_NOT_USE_LOGOS_WITHOUT_PERMISSION,ACTIVE_WITH_OFFICIAL_ACT_GUARD,HIGH,"Brazilian Copyright Law excludes laws, decrees, regulations and other official acts from copyright protection; scientific/technical content is distinct from protected expression. Website design, logos and third-party works remain separate.",https://www.planalto.gov.br/ccivil_03/leis/l9610.htm,2026-10-03,"Official-text status does not extend to logos, website layout, editorial annotations or third-party assets."
SRC-ANVISA-RDC50-2002,ANVISA,RDC nº 50/2002 — projetos físicos de estabelecimentos assistenciais de saúde,2002,https://bvs.saude.gov.br/bvs/saudelegis/anvisa/2002/rdc0050_21_02_2002.html,,normative_primary,P0,ATOMIZED_EVIDENCE,6394,GREEN,BRAZIL_OFFICIAL_ACT,"Lei 9.610/1998 art. 8º, IV — ato oficial fora da proteção autoral",Brasil / órgão emissor (marca/layout apartados),ALLOWED,ALLOWED_FOR_OFFICIAL_TEXT,ALLOWED_WITH_CITATION_AND_VERSION_CONTROL,ALLOWED_FOR_OFFICIAL_TEXT,ALLOWED_FOR_OFFICIAL_TEXT; LABEL_AS_TRANSLATION,ONLY_IF_PART_OF_OFFICIAL_ACT; THIRD_PARTY_ELEMENTS_EXCLUDED,ALLOWED_FOR_OFFICIAL_TEXT; PREFER_LINK_TO_OFFICIAL,ALLOWED_FOR_OFFICIAL_TEXT,ALLOWED_FOR_OFFICIAL_TEXT,DO_NOT_USE_LOGOS_WITHOUT_PERMISSION,ACTIVE_WITH_OFFICIAL_ACT_GUARD,HIGH,"Brazilian Copyright Law excludes laws, decrees, regulations and other official acts from copyright protection; scientific/technical content is distinct from protected expression. Website design, logos and third-party works remain separate.",https://www.planalto.gov.br/ccivil_03/leis/l9610.htm,2026-10-03,"Official-text status does not extend to logos, website layout, editorial annotations or third-party assets."
SRC-ANVISA-RDC509-2021,ANVISA,RDC nº 509/2021 — gerenciamento de tecnologias em saúde em estabelecimentos de saúde,2021,https://bvsms.saude.gov.br/bvs/saudelegis/anvisa/2020/rdc0509_27_05_2021.pdf,,normative_primary,P0,ATOMIZED_EVIDENCE,72,GREEN,BRAZIL_OFFICIAL_ACT,"Lei 9.610/1998 art. 8º, IV — ato oficial fora da proteção autoral",Brasil / órgão emissor (marca/layout apartados),ALLOWED,ALLOWED_FOR_OFFICIAL_TEXT,ALLOWED_WITH_CITATION_AND_VERSION_CONTROL,ALLOWED_FOR_OFFICIAL_TEXT,ALLOWED_FOR_OFFICIAL_TEXT; LABEL_AS_TRANSLATION,ONLY_IF_PART_OF_OFFICIAL_ACT; THIRD_PARTY_ELEMENTS_EXCLUDED,ALLOWED_FOR_OFFICIAL_TEXT; PREFER_LINK_TO_OFFICIAL,ALLOWED_FOR_OFFICIAL_TEXT,ALLOWED_FOR_OFFICIAL_TEXT,DO_NOT_USE_LOGOS_WITHOUT_PERMISSION,ACTIVE_WITH_OFFICIAL_ACT_GUARD,HIGH,"Brazilian Copyright Law excludes laws, decrees, regulations and other official acts from copyright protection; scientific/technical content is distinct from protected expression. Website design, logos and third-party works remain separate.",https://www.planalto.gov.br/ccivil_03/leis/l9610.htm,2026-10-03,"Official-text status does not extend to logos, website layout, editorial annotations or third-party assets."
SRC-ANVISA-SNCR-2026,ANVISA,SNCR — Receituário físico e modelos vigentes (Versão 2),2026,https://www.gov.br/anvisa/pt-br/assuntos/medicamentos/controlados/sncr/receituario-fisico,,normative_primary,P0,ATOMIZED_EVIDENCE,9,GREEN_CONDITIONAL,OFFICIAL_FORMS_AND_GOV_SITE,Official forms/instructions + gov.br CC BY-ND 3.0 site notice,ANVISA / União,ALLOWED,ALLOWED_FOR_OFFICIAL_FORM_TEXT; SITE_EDITORIAL_CONTENT_REVIEW_REQUIRED,ALLOWED_WITH_CITATION,ALLOWED,DO_NOT_MODIFY_OFFICIAL_FORMS; TRANSLATION_SEPARATE_FROM_OFFICIAL_VERSION,OFFICIAL_BLANK_FORMS/INSTRUCTIONS GENERALLY EXCLUDED BY ART.8 III; CHECK THIRD_PARTY,PREFER_ORIGINAL_OFFICIAL_FILES,ALLOWED_WITH_CLEAR_SOURCE_AND_NO_FAKE_OFFICIALITY,ALLOWED_FOR_UNPROTECTED_OFFICIAL_ELEMENTS; SITE_CONTENT_ND,DO_NOT_USE_ANVISA_LOGO_AS_ENDORSEMENT,ACTIVE_WITH_OFFICIAL_FORM_GUARD,MEDIUM_HIGH,Brazilian law excludes blank forms/instructions and official acts from copyright; gov.br/ANVISA site carries CC BY-ND 3.0 notice.,https://www.planalto.gov.br/ccivil_03/leis/l9610.htm | https://www.gov.br/anvisa/pt-br/assuntos/,2026-10-03,
SRC-ATLS11-2025,American College of Surgeons,ATLS 11 — lançamento e atualização do xABCDE,2025,https://www.facs.org/for-medical-professionals/news-publications/news-and-articles/acs-brief/september-16-2025-issue/trauma-care-gets-major-upgrade-with-launch-of-atls-11/,,professional_standard,P0,ATOMIZED_EVIDENCE,80,RED,COMMERCIAL_TRAINING_PRODUCT,ATLS® proprietary ACS training/product content,American College of Surgeons,LANDING/ANNOUNCEMENT_ONLY; COURSE/BOOK LICENSED_COPY_ONLY,DO_NOT_INGEST_PROPRIETARY_ATLS_CONTENT_WITHOUT_LICENSE,USE_PUBLIC_ANNOUNCEMENT_FACTS; PREFER_OPEN_TRAUMA_GUIDELINES_FOR_CLINICAL_CLAIMS,LIMITED_FROM_PUBLIC_NEWS_PAGE_WITH_CITATION,PERMISSION_REQUIRED,PERMISSION_REQUIRED,PROHIBITED_FOR_PRODUCT_CONTENT,NOMINATIVE_REFERENCE/NEWS_FACTS_ONLY,LICENSE_REQUIRED_FOR_PRODUCT_CONTENT,ATLS®/ACS MARKS PROTECTED,QUARANTINE_PRODUCT_CONTENT; PUBLIC_ANNOUNCEMENT_METADATA_ONLY,MEDIUM_HIGH,ATLS is an ACS training product; no open licence found for course/book content. Treat product content as proprietary even when launch information is public.,https://www.facs.org/for-medical-professionals/news-publications/news-and-articles/acs-brief/september-16-2025-issue/trauma-care-gets-major-upgrade-with-launch-of-atls-11/,2026-10-03,"Existing corpus contains 80 evidence atoms from this source; downstream generative use must be blocked until permission/substitution. Facts/scientific concepts may be independently restated where lawful; this does not authorize copying protected expression, tables, algorithms, figures or branded forms."
SRC-BEERS-2023,American Geriatrics Society,2023 Updated AGS Beers Criteria,2023,https://pubmed.ncbi.nlm.nih.gov/37139824/,10.1111/jgs.18372,clinical_consensus,P2,ATOMIZED_EVIDENCE,782,ORANGE,AUTHOR_MANUSCRIPT_NOT_OPEN_LICENSED,PMC author manuscript; no CC licence identified; AGS Beers Criteria® proprietary/trademarked content,American Geriatrics Society / authors / publisher,INTERNAL_REFERENCE_COPY_ONLY,NOT_EXPRESSLY_GRANTED; QUARANTINE_PENDING_PERMISSION,HUMAN_READ_AND_INDEPENDENT_FACTUAL_SYNTHESIS_WITH_CITATION,LIMITED_WITH_CITATION,PERMISSION REQUIRED FOR PROTECTED EXPRESSION/CRITERIA TABLES,DO NOT COPY CRITERIA TABLES WITHOUT PERMISSION,DO NOT ASSUME PMC DEPOSIT GRANTS REDISTRIBUTION,CITATION AND INDEPENDENT SYNTHESIS; NO TABLE REPRODUCTION,PERMISSION/LICENCE REQUIRED FOR DIRECT REUSE,AGS Beers Criteria® is a protected mark; use nominatively only,QUARANTINE_AI; HUMAN_REFERENCE_ONLY,MEDIUM_HIGH,PMC provides an NIH author manuscript but does not display a Creative Commons licence; open availability is not equivalent to open reuse.,https://pmc.ncbi.nlm.nih.gov/articles/PMC12478568/,2026-10-03,"Existing corpus contains 782 evidence atoms from this source; downstream generative use must be blocked until permission/substitution. Facts/scientific concepts may be independently restated where lawful; this does not authorize copying protected expression, tables, algorithms, figures or branded forms."
SRC-BR-DEFESA-CIVIL-12608,Brasil,"Lei nº 12.608/2012 — Política Nacional de Proteção e Defesa Civil, texto compilado",2012; compilada,https://www.planalto.gov.br/ccivil_03/_ato2011-2014/2012/lei/l12608.htm,,normative_primary,P0,ATOMIZED_EVIDENCE,234,GREEN,BRAZIL_OFFICIAL_ACT,"Lei 9.610/1998 art. 8º, IV — ato oficial fora da proteção autoral",Brasil / órgão emissor (marca/layout apartados),ALLOWED,ALLOWED_FOR_OFFICIAL_TEXT,ALLOWED_WITH_CITATION_AND_VERSION_CONTROL,ALLOWED_FOR_OFFICIAL_TEXT,ALLOWED_FOR_OFFICIAL_TEXT; LABEL_AS_TRANSLATION,ONLY_IF_PART_OF_OFFICIAL_ACT; THIRD_PARTY_ELEMENTS_EXCLUDED,ALLOWED_FOR_OFFICIAL_TEXT; PREFER_LINK_TO_OFFICIAL,ALLOWED_FOR_OFFICIAL_TEXT,ALLOWED_FOR_OFFICIAL_TEXT,DO_NOT_USE_LOGOS_WITHOUT_PERMISSION,ACTIVE_WITH_OFFICIAL_ACT_GUARD,HIGH,"Brazilian Copyright Law excludes laws, decrees, regulations and other official acts from copyright protection; scientific/technical content is distinct from protected expression. Website design, logos and third-party works remain separate.",https://www.planalto.gov.br/ccivil_03/leis/l9610.htm,2026-10-03,"Official-text status does not extend to logos, website layout, editorial annotations or third-party assets."
SRC-BR-ESTAGIO-11788,Brasil,Lei nº 11.788/2008 — estágio de estudantes,2008,https://www.planalto.gov.br/ccivil_03/_ato2007-2010/2008/lei/l11788.htm,,normative_primary,P0,ATOMIZED_EVIDENCE,97,GREEN,BRAZIL_OFFICIAL_ACT,"Lei 9.610/1998 art. 8º, IV — ato oficial fora da proteção autoral",Brasil / órgão emissor (marca/layout apartados),ALLOWED,ALLOWED_FOR_OFFICIAL_TEXT,ALLOWED_WITH_CITATION_AND_VERSION_CONTROL,ALLOWED_FOR_OFFICIAL_TEXT,ALLOWED_FOR_OFFICIAL_TEXT; LABEL_AS_TRANSLATION,ONLY_IF_PART_OF_OFFICIAL_ACT; THIRD_PARTY_ELEMENTS_EXCLUDED,ALLOWED_FOR_OFFICIAL_TEXT; PREFER_LINK_TO_OFFICIAL,ALLOWED_FOR_OFFICIAL_TEXT,ALLOWED_FOR_OFFICIAL_TEXT,DO_NOT_USE_LOGOS_WITHOUT_PERMISSION,ACTIVE_WITH_OFFICIAL_ACT_GUARD,HIGH,"Brazilian Copyright Law excludes laws, decrees, regulations and other official acts from copyright protection; scientific/technical content is distinct from protected expression. Website design, logos and third-party works remain separate.",https://www.planalto.gov.br/ccivil_03/leis/l9610.htm,2026-10-03,"Official-text status does not extend to logos, website layout, editorial annotations or third-party assets."
SRC-BR-EXERCICIO-ENF,Brasil,Lei nº 7.498/1986 e Decreto nº 94.406/1987 — exercício profissional de enfermagem,1986–1987,https://www.planalto.gov.br/ccivil_03/leis/l7498.htm,,normative_primary,P0,ATOMIZED_EVIDENCE,113,GREEN,BRAZIL_OFFICIAL_ACT,"Lei 9.610/1998 art. 8º, IV — ato oficial fora da proteção autoral",Brasil / órgão emissor (marca/layout apartados),ALLOWED,ALLOWED_FOR_OFFICIAL_TEXT,ALLOWED_WITH_CITATION_AND_VERSION_CONTROL,ALLOWED_FOR_OFFICIAL_TEXT,ALLOWED_FOR_OFFICIAL_TEXT; LABEL_AS_TRANSLATION,ONLY_IF_PART_OF_OFFICIAL_ACT; THIRD_PARTY_ELEMENTS_EXCLUDED,ALLOWED_FOR_OFFICIAL_TEXT; PREFER_LINK_TO_OFFICIAL,ALLOWED_FOR_OFFICIAL_TEXT,ALLOWED_FOR_OFFICIAL_TEXT,DO_NOT_USE_LOGOS_WITHOUT_PERMISSION,ACTIVE_WITH_OFFICIAL_ACT_GUARD,HIGH,"Brazilian Copyright Law excludes laws, decrees, regulations and other official acts from copyright protection; scientific/technical content is distinct from protected expression. Website design, logos and third-party works remain separate.",https://www.planalto.gov.br/ccivil_03/leis/l9610.htm,2026-10-03,"Official-text status does not extend to logos, website layout, editorial annotations or third-party assets."
SRC-BR-SAUDE-MENTAL-10216,Brasil,Lei nº 10.216/2001 — proteção e direitos das pessoas com transtornos mentais,2001,https://www.planalto.gov.br/ccivil_03/leis/leis_2001/l10216.htm,,normative_primary,P0,ATOMIZED_EVIDENCE,40,GREEN,BRAZIL_OFFICIAL_ACT,"Lei 9.610/1998 art. 8º, IV — ato oficial fora da proteção autoral",Brasil / órgão emissor (marca/layout apartados),ALLOWED,ALLOWED_FOR_OFFICIAL_TEXT,ALLOWED_WITH_CITATION_AND_VERSION_CONTROL,ALLOWED_FOR_OFFICIAL_TEXT,ALLOWED_FOR_OFFICIAL_TEXT; LABEL_AS_TRANSLATION,ONLY_IF_PART_OF_OFFICIAL_ACT; THIRD_PARTY_ELEMENTS_EXCLUDED,ALLOWED_FOR_OFFICIAL_TEXT; PREFER_LINK_TO_OFFICIAL,ALLOWED_FOR_OFFICIAL_TEXT,ALLOWED_FOR_OFFICIAL_TEXT,DO_NOT_USE_LOGOS_WITHOUT_PERMISSION,ACTIVE_WITH_OFFICIAL_ACT_GUARD,HIGH,"Brazilian Copyright Law excludes laws, decrees, regulations and other official acts from copyright protection; scientific/technical content is distinct from protected expression. Website design, logos and third-party works remain separate.",https://www.planalto.gov.br/ccivil_03/leis/l9610.htm,2026-10-03,"Official-text status does not extend to logos, website layout, editorial annotations or third-party assets."
SRC-BR-SUICIDIO-13819,Brasil,Lei nº 13.819/2019 — Política Nacional de Prevenção da Automutilação e do Suicídio,2019,https://www.planalto.gov.br/ccivil_03/_ato2019-2022/2019/lei/l13819.htm,,normative_primary,P0,ATOMIZED_EVIDENCE,51,GREEN,BRAZIL_OFFICIAL_ACT,"Lei 9.610/1998 art. 8º, IV — ato oficial fora da proteção autoral",Brasil / órgão emissor (marca/layout apartados),ALLOWED,ALLOWED_FOR_OFFICIAL_TEXT,ALLOWED_WITH_CITATION_AND_VERSION_CONTROL,ALLOWED_FOR_OFFICIAL_TEXT,ALLOWED_FOR_OFFICIAL_TEXT; LABEL_AS_TRANSLATION,ONLY_IF_PART_OF_OFFICIAL_ACT; THIRD_PARTY_ELEMENTS_EXCLUDED,ALLOWED_FOR_OFFICIAL_TEXT; PREFER_LINK_TO_OFFICIAL,ALLOWED_FOR_OFFICIAL_TEXT,ALLOWED_FOR_OFFICIAL_TEXT,DO_NOT_USE_LOGOS_WITHOUT_PERMISSION,ACTIVE_WITH_OFFICIAL_ACT_GUARD,HIGH,"Brazilian Copyright Law excludes laws, decrees, regulations and other official acts from copyright protection; scientific/technical content is distinct from protected expression. Website design, logos and third-party works remain separate.",https://www.planalto.gov.br/ccivil_03/leis/l9610.htm,2026-10-03,"Official-text status does not extend to logos, website layout, editorial annotations or third-party assets."
SRC-BTF-TBI-4,Brain Trauma Foundation,"Guidelines for the Management of Severe TBI, 4th Edition",current,https://braintrauma.org/coma/guidelines/severe-tbi,,clinical_guideline,P0,ATOMIZED_EVIDENCE,5622,ORANGE,RIGHTS_UNCLEAR_GUIDELINE,No open licence verified,Brain Trauma Foundation / authors/publisher as applicable,INTERNAL_REFERENCE_ONLY,NOT_VERIFIED; PERMISSION/OPEN SUBSTITUTE REQUIRED,HUMAN_READ_AND_INDEPENDENT_FACTUAL_SYNTHESIS_WITH_CITATION,LIMITED WITH CITATION,PERMISSION REQUIRED UNLESS ITEM LICENSE SAYS OTHERWISE,DO NOT REUSE WITHOUT PERMISSION,LINK ONLY,FACTUAL SYNTHESIS/CITATION ONLY,PERMISSION REVIEW REQUIRED,BTF MARKS NOT LICENSED,QUARANTINE_AI_PENDING_RIGHTS_CAPTURE,LOW_MEDIUM,No explicit open reuse licence was verified for the current BTF guideline portal during this audit.,https://braintrauma.org/coma/guidelines/severe-tbi,2026-10-03,"Existing corpus contains 5622 evidence atoms from this source; downstream generative use must be blocked until permission/substitution. Facts/scientific concepts may be independently restated where lawful; this does not authorize copying protected expression, tables, algorithms, figures or branded forms."
SRC-CASP-2024,Critical Appraisal Skills Programme,CASP Checklists,2024,https://casp-uk.net/casp-tools-checklists/,,methodological_tool,P2,ATOMIZED_EVIDENCE,39,YELLOW,OPEN_NONCOMMERCIAL_SHAREALIKE,CC BY-NC-SA 4.0 (CASP checklists; verify each current checklist notice),Critical Appraisal Skills Programme,ALLOWED_NONCOMMERCIAL,ALLOWED_NONCOMMERCIAL_ONLY_IF_CURRENT_ITEM_CARRIES_LICENSE,ALLOWED_WITH_CITATION,ALLOWED_WITH_ATTRIBUTION,ALLOWED_NONCOMMERCIAL_WITH_SHAREALIKE_AND_ATTRIBUTION,ALLOWED_NONCOMMERCIAL_IF_LICENSE_COVERS_ITEM,ALLOWED_NONCOMMERCIAL_UNDER_SHAREALIKE,ONLY_IF_USE_IS_NONCOMMERCIAL_OR_PERMISSION_OBTAINED,NOT_ALLOWED_WITHOUT_PERMISSION,DO_NOT_USE_CASP_LOGO_AS_ENDORSEMENT,NONCOMMERCIAL_ONLY_OR_REPLACE,MEDIUM,CASP materials are commonly distributed under CC BY-NC-SA; verify the licence footer on each exact 2024 checklist before reuse.,https://casp-uk.net/casp-tools-checklists/ | https://creativecommons.org/licenses/by-nc-sa/4.0/,2026-10-03,"Facts/scientific concepts may be independently restated where lawful; this does not authorize copying protected expression, tables, algorithms, figures or branded forms."
SRC-COCHRANE-6.5,Cochrane,"Cochrane Handbook for Systematic Reviews of Interventions, Version 6.5",2024; current,https://www.cochrane.org/authors/handbooks-and-manuals/handbook/current,,methodological_standard,P1,ATOMIZED_EVIDENCE,41,YELLOW,LIMITED_NONCOMMERCIAL_REUSE,Cochrane Handbook reuse policy,Cochrane / Wiley and chapter authors,ALLOWED_FOR_RESEARCH_IF_LAWFULLY_ACCESSED,NOT_EXPRESSLY_GRANTED; REVIEW_REQUIRED,ALLOWED_WITH_CITATION,ALLOWED_FOR_SHORT_QUOTATIONS_WITH_CITATION,PERMISSION_REQUIRED,PERMISSION_REQUIRED_FOR_EXACT_FIGURES/TABLES/SCREENSHOTS,NOT_ALLOWED_WITHOUT_PERMISSION,CITATION/SHORT_QUOTE_ONLY_UNLESS_PERMISSION,COMMERCIAL_REUSE_REQUIRES_PERMISSION,DO_NOT_USE_COCHRANE_LOGO_AS_ENDORSEMENT,HUMAN_REFERENCE_ONLY,HIGH,Cochrane allows short quotations/citation for noncommercial use; exact figures/tables/screenshots or >5-line quotes require permission; commercial reuse requires permission.,https://www.cochrane.org/authors/handbooks-and-manuals/handbook,2026-10-03,"Facts/scientific concepts may be independently restated where lawful; this does not authorize copying protected expression, tables, algorithms, figures or branded forms."
SRC-COFEN-679-2021,COFEN,Resolução COFEN nº 679/2021 — ultrassonografia à beira do leito e pré-hospitalar por enfermeiro,2021,https://www.cofen.gov.br/resolucao-cofen-no-679-2021/,,normative_primary,P0,ATOMIZED_EVIDENCE,79,GREEN,BRAZIL_OFFICIAL_ACT,"Lei 9.610/1998 art. 8º, IV — ato oficial fora da proteção autoral",Brasil / órgão emissor (marca/layout apartados),ALLOWED,ALLOWED_FOR_OFFICIAL_TEXT,ALLOWED_WITH_CITATION_AND_VERSION_CONTROL,ALLOWED_FOR_OFFICIAL_TEXT,ALLOWED_FOR_OFFICIAL_TEXT; LABEL_AS_TRANSLATION,ONLY_IF_PART_OF_OFFICIAL_ACT; THIRD_PARTY_ELEMENTS_EXCLUDED,ALLOWED_FOR_OFFICIAL_TEXT; PREFER_LINK_TO_OFFICIAL,ALLOWED_FOR_OFFICIAL_TEXT,ALLOWED_FOR_OFFICIAL_TEXT,DO_NOT_USE_LOGOS_WITHOUT_PERMISSION,ACTIVE_WITH_OFFICIAL_ACT_GUARD,HIGH,"Brazilian Copyright Law excludes laws, decrees, regulations and other official acts from copyright protection; scientific/technical content is distinct from protected expression. Website design, logos and third-party works remain separate.",https://www.planalto.gov.br/ccivil_03/leis/l9610.htm,2026-10-03,"Official-text status does not extend to logos, website layout, editorial annotations or third-party assets."
SRC-COFEN-736-2024,COFEN,Resolução COFEN nº 736/2024 — Processo de Enfermagem,2024,https://www.cofen.gov.br/resolucao-cofen-no-736-de-17-de-janeiro-de-2024/,,normative_primary,P0,ATOMIZED_EVIDENCE,139,GREEN,BRAZIL_OFFICIAL_ACT,"Lei 9.610/1998 art. 8º, IV — ato oficial fora da proteção autoral",Brasil / órgão emissor (marca/layout apartados),ALLOWED,ALLOWED_FOR_OFFICIAL_TEXT,ALLOWED_WITH_CITATION_AND_VERSION_CONTROL,ALLOWED_FOR_OFFICIAL_TEXT,ALLOWED_FOR_OFFICIAL_TEXT; LABEL_AS_TRANSLATION,ONLY_IF_PART_OF_OFFICIAL_ACT; THIRD_PARTY_ELEMENTS_EXCLUDED,ALLOWED_FOR_OFFICIAL_TEXT; PREFER_LINK_TO_OFFICIAL,ALLOWED_FOR_OFFICIAL_TEXT,ALLOWED_FOR_OFFICIAL_TEXT,DO_NOT_USE_LOGOS_WITHOUT_PERMISSION,ACTIVE_WITH_OFFICIAL_ACT_GUARD,HIGH,"Brazilian Copyright Law excludes laws, decrees, regulations and other official acts from copyright protection; scientific/technical content is distinct from protected expression. Website design, logos and third-party works remain separate.",https://www.planalto.gov.br/ccivil_03/leis/l9610.htm,2026-10-03,"Official-text status does not extend to logos, website layout, editorial annotations or third-party assets."
SRC-COFEN-743-2024,COFEN,Resolução COFEN nº 743/2024,2024,https://www.cofen.gov.br/resolucao-cofen-no-743-de-12-de-marco-de-2024/,,normative_primary,P0,ATOMIZED_EVIDENCE,671,GREEN,BRAZIL_OFFICIAL_ACT,"Lei 9.610/1998 art. 8º, IV — ato oficial fora da proteção autoral",Brasil / órgão emissor (marca/layout apartados),ALLOWED,ALLOWED_FOR_OFFICIAL_TEXT,ALLOWED_WITH_CITATION_AND_VERSION_CONTROL,ALLOWED_FOR_OFFICIAL_TEXT,ALLOWED_FOR_OFFICIAL_TEXT; LABEL_AS_TRANSLATION,ONLY_IF_PART_OF_OFFICIAL_ACT; THIRD_PARTY_ELEMENTS_EXCLUDED,ALLOWED_FOR_OFFICIAL_TEXT; PREFER_LINK_TO_OFFICIAL,ALLOWED_FOR_OFFICIAL_TEXT,ALLOWED_FOR_OFFICIAL_TEXT,DO_NOT_USE_LOGOS_WITHOUT_PERMISSION,ACTIVE_WITH_OFFICIAL_ACT_GUARD,HIGH,"Brazilian Copyright Law excludes laws, decrees, regulations and other official acts from copyright protection; scientific/technical content is distinct from protected expression. Website design, logos and third-party works remain separate.",https://www.planalto.gov.br/ccivil_03/leis/l9610.htm,2026-10-03,"Official-text status does not extend to logos, website layout, editorial annotations or third-party assets."
SRC-COFEN-746-2024,COFEN,Resolução COFEN nº 746/2024 — contenção mecânica,2024,https://www.cofen.gov.br/resolucao-cofen-no-746-de-20-de-marco-de-2024/,,normative_primary,P0,ATOMIZED_EVIDENCE,147,GREEN,BRAZIL_OFFICIAL_ACT,"Lei 9.610/1998 art. 8º, IV — ato oficial fora da proteção autoral",Brasil / órgão emissor (marca/layout apartados),ALLOWED,ALLOWED_FOR_OFFICIAL_TEXT,ALLOWED_WITH_CITATION_AND_VERSION_CONTROL,ALLOWED_FOR_OFFICIAL_TEXT,ALLOWED_FOR_OFFICIAL_TEXT; LABEL_AS_TRANSLATION,ONLY_IF_PART_OF_OFFICIAL_ACT; THIRD_PARTY_ELEMENTS_EXCLUDED,ALLOWED_FOR_OFFICIAL_TEXT; PREFER_LINK_TO_OFFICIAL,ALLOWED_FOR_OFFICIAL_TEXT,ALLOWED_FOR_OFFICIAL_TEXT,DO_NOT_USE_LOGOS_WITHOUT_PERMISSION,ACTIVE_WITH_OFFICIAL_ACT_GUARD,HIGH,"Brazilian Copyright Law excludes laws, decrees, regulations and other official acts from copyright protection; scientific/technical content is distinct from protected expression. Website design, logos and third-party works remain separate.",https://www.planalto.gov.br/ccivil_03/leis/l9610.htm,2026-10-03,"Official-text status does not extend to logos, website layout, editorial annotations or third-party assets."
SRC-COFEN-PN1-2024,COFEN,Parecer Normativo nº 1/2024/COFEN — parâmetros para planejamento da força de trabalho da Enfermagem,2024,https://www.cofen.gov.br/parecer-normativo-no-1-2024-cofen/,,normative_primary,P0,ATOMIZED_EVIDENCE,412,GREEN,BRAZIL_OFFICIAL_ACT,"Lei 9.610/1998 art. 8º, IV — ato oficial fora da proteção autoral",Brasil / órgão emissor (marca/layout apartados),ALLOWED,ALLOWED_FOR_OFFICIAL_TEXT,ALLOWED_WITH_CITATION_AND_VERSION_CONTROL,ALLOWED_FOR_OFFICIAL_TEXT,ALLOWED_FOR_OFFICIAL_TEXT; LABEL_AS_TRANSLATION,ONLY_IF_PART_OF_OFFICIAL_ACT; THIRD_PARTY_ELEMENTS_EXCLUDED,ALLOWED_FOR_OFFICIAL_TEXT; PREFER_LINK_TO_OFFICIAL,ALLOWED_FOR_OFFICIAL_TEXT,ALLOWED_FOR_OFFICIAL_TEXT,DO_NOT_USE_LOGOS_WITHOUT_PERMISSION,ACTIVE_WITH_OFFICIAL_ACT_GUARD,HIGH,"Brazilian Copyright Law excludes laws, decrees, regulations and other official acts from copyright protection; scientific/technical content is distinct from protected expression. Website design, logos and third-party works remain separate.",https://www.planalto.gov.br/ccivil_03/leis/l9610.htm,2026-10-03,"Official-text status does not extend to logos, website layout, editorial annotations or third-party assets."
SRC-CRASH2,CRASH-2 Collaborators,"Effects of tranexamic acid on death, vascular occlusive events, and blood transfusion in trauma patients",2010,https://pubmed.ncbi.nlm.nih.gov/20554319/,10.1016/S0140-6736(10)60835-5,randomized_trial,P2,ATOMIZED_EVIDENCE,392,ORANGE,COPYRIGHTED_JOURNAL_ARTICLE,Lancet article; no open reuse licence verified,Authors / The Lancet / Elsevier as applicable,INTERNAL_REFERENCE_COPY_ONLY_IF_LAWFULLY_ACCESSED,NOT_VERIFIED; QUARANTINE,HUMAN_READ_AND_INDEPENDENT_FACTUAL_SYNTHESIS_WITH_CITATION,LIMITED WITH CITATION,PERMISSION REQUIRED,PERMISSION REQUIRED,NOT ALLOWED WITHOUT LICENSE,CITATION/LINK; INDEPENDENT SYNTHESIS ONLY,PERMISSION REQUIRED FOR DIRECT REUSE,JOURNAL LOGOS NOT LICENSED,QUARANTINE_AI; HUMAN_REFERENCE_ONLY,MEDIUM_HIGH,Article is a conventional Lancet publication and no Creative Commons/open reuse licence was verified for the copy in corpus.,https://pubmed.ncbi.nlm.nih.gov/20554319/,2026-10-03,"Existing corpus contains 392 evidence atoms from this source; downstream generative use must be blocked until permission/substitution. Facts/scientific concepts may be independently restated where lawful; this does not authorize copying protected expression, tables, algorithms, figures or branded forms."
SRC-DAS-2025,Difficult Airway Society,2025 guidelines for management of unanticipated difficult tracheal intubation in adults,2025,https://das.uk.com/guidelines/das_intubation_guidelines/,10.1016/j.bja.2025.10.006,clinical_guideline,P0,ATOMIZED_EVIDENCE,17,YELLOW,OPEN_NONCOMMERCIAL_NODERIVATIVES,CC BY-NC-ND 4.0,Authors / Association of Anaesthetists / DAS,ALLOWED_NONCOMMERCIAL,REVIEW_REQUIRED; NO_DISTRIBUTED_DERIVATIVE_OUTPUT_UNDER_LICENSE,ALLOW_INDEPENDENT_FACTUAL_SYNTHESIS_WITH_CITATION,ALLOWED_WITH_ATTRIBUTION_NONCOMMERCIAL,NO_DERIVATIVES_FOR_DISTRIBUTION; PERMISSION_REQUIRED,SHARE_UNMODIFIED_NONCOMMERCIAL_IF_LICENSE_COVERS_ITEM,ALLOWED_UNMODIFIED_NONCOMMERCIAL_WITH_ATTRIBUTION,ONLY_UNMODIFIED_NONCOMMERCIAL_OR PERMISSION,NOT_ALLOWED_WITHOUT_PERMISSION,DO_NOT_USE_DAS_MARKS_AS_ENDORSEMENT,HUMAN_REFERENCE_OR_NONCOMMERCIAL_NO-DERIVATIVE,HIGH,Guideline is published under CC BY-NC-ND 4.0; no commercial use or distributed derivatives.,https://das.uk.com/guidelines/das_intubation_guidelines/ | https://creativecommons.org/licenses/by-nc-nd/4.0/,2026-10-03,"Facts/scientific concepts may be independently restated where lawful; this does not authorize copying protected expression, tables, algorithms, figures or branded forms."
SRC-DECS,BIREME / OPAS / OMS,DeCS — Descritores em Ciências da Saúde,current; updated annually,https://decs.bvsalud.org/,,terminology_standard,P2,NO_USABLE_TEXT,0,YELLOW,VOCABULARY_LICENSE,DeCS License Agreement,BIREME/PAHO/WHO; MeSH-derived content owned by NLM,ALLOWED_PERSONAL_OR_CORPORATE_SUBJECT_TO_LICENSE,ONLY_WITHIN_LICENSE; NO_MODIFICATION/COMMERCIALIZATION,USE_AS_CONTROLLED_VOCABULARY_WITH_ATTRIBUTION_AND_VERSION,TERMS/HEADINGS AS NECESSARY; ATTRIBUTION,MODIFICATION_PROHIBITED; USE_OFFICIAL_VERSION,NOT_APPLICABLE/REVIEW,NO_COMMERCIALIZATION; LICENSE_CONDITIONS_APPLY,CONTROLLED_VOCABULARY_USE_WITH_ATTRIBUTION; NO_REPACKAGING,COMMERCIALIZATION_OF_DECS_CONTENT_PROHIBITED,DO_NOT_USE_BIREME/PAHO/WHO_LOGOS_WITHOUT_PERMISSION,ACTIVE_AS_LOCKED_VOCABULARY_ONLY,HIGH,"DeCS license permits personal/corporate use and copies, but prohibits commercialization and modification; corporate users must identify BIREME/PAHO/WHO and version.",https://decs.bvsalud.org/E/Licencia-DeCS-20080801.pdf,2026-10-03,"Facts/scientific concepts may be independently restated where lawful; this does not authorize copying protected expression, tables, algorithms, figures or branded forms."
SRC-ENA-ESI5,Emergency Nurses Association,"Emergency Severity Index Handbook, 5th Edition",2023,https://www.ena.org/education/emergency-nursing-triage-education-program/triage-portfolio,,validated_tool,P0,ATOMIZED_EVIDENCE,73,RED,PROPRIETARY_TRIAGE_PRODUCT,Emergency Severity Index® / ESI™ handbook and training materials,Emergency Nurses Association / licensors,LICENSED_OR_PUBLICLY_PROVIDED_COPY_FOR_REFERENCE_ONLY,NOT_GRANTED; PERMISSION_REQUIRED,HUMAN_REFERENCE; INDEPENDENTLY_DESCRIBE CONCEPTS WITH CITATION,LIMITED_WITH_CITATION,PERMISSION_REQUIRED,PERMISSION_REQUIRED,NOT_ALLOWED_WITHOUT_PERMISSION,CITATION/LINK; DO_NOT REPRODUCE ALGORITHM/BRANDED MATERIAL,LICENSE_REQUIRED,ESI®/ENA® MARKS PROTECTED,QUARANTINE_AI,MEDIUM_HIGH,ENA identifies ESI and ENA registered/trademark designations in the handbook copyright material; no open reuse licence verified.,https://enau.ena.org/AssetListing/Emergency-Severity-Index-Handbook-5th-Edition-85744/List-of-updates-to-ESI-Handbook-9-2-2025-16512,2026-10-03,"Existing corpus contains 73 evidence atoms from this source; downstream generative use must be blocked until permission/substitution. Facts/scientific concepts may be independently restated where lawful; this does not authorize copying protected expression, tables, algorithms, figures or branded forms."
SRC-ERC-2025,European Resuscitation Council,ERC Guidelines 2025,2025,https://www.erc.edu/science-research/guidelines/guidelines-2025/,,clinical_guideline,P0,ATOMIZED_EVIDENCE,14,ORANGE,EDUCATIONAL_USE_FREE_COMMERCIAL_AGREEMENT,ERC assets free for educational use; commercial use requires agreement; journal articles may have publisher restrictions,European Resuscitation Council / Elsevier for journal publications,ALLOWED_FOR_EDUCATIONAL_REFERENCE,NOT_EXPRESSLY_GRANTED; JOURNAL ARTICLES MAY RESERVE TDM/AI,HUMAN_READ_AND_INDEPENDENT_FACTUAL_SYNTHESIS_WITH_CITATION,LIMITED WITH CITATION,USE OFFICIAL TRANSLATIONS OR SEEK PERMISSION,EDUCATIONAL ASSETS MAY BE USED UNDER ERC CONDITIONS; COMMERCIAL AGREEMENT REQUIRED,EDUCATIONAL USE SUBJECT TO ERC/PUBLISHER TERMS,NONCOMMERCIAL EDUCATIONAL USE MAY BE ALLOWED; CHECK EACH ASSET,ERC AGREEMENT REQUIRED,ERC LOGO/MARKS NOT AUTOMATICALLY LICENSED,HUMAN_REFERENCE_ONLY_UNTIL_TDM_RIGHTS_CONFIRMED,MEDIUM_HIGH,"ERC Download Centre says assets may be downloaded/used for educational purposes free of cost, while commercial use needs an agreement; journal publications may carry Elsevier all-rights-reserved terms.",https://www.erc.edu/download-centre | https://www.erc.edu/science-research/guidelines/guidelines-2025/,2026-10-03,"Facts/scientific concepts may be independently restated where lawful; this does not authorize copying protected expression, tables, algorithms, figures or branded forms."
SRC-ESC-ACS-2023,European Society of Cardiology,2023 ESC Guidelines for the management of acute coronary syndromes,2023,https://www.escardio.org/guidelines/clinical-practice-guidelines/all-esc-practice-guidelines/acute-coronary-syndromes/,,clinical_guideline,P0,ATOMIZED_EVIDENCE,13,RED,PROPRIETARY_EXPLICIT_AI_RESERVATION,ESC Guidelines copyright; no commercial use; formal license required for AI/LLM/software uses,European Society of Cardiology / publisher,INTERNAL_REFERENCE_COPY_ONLY_IF_LAWFULLY_ACCESSED,FORMAL_LICENSE_REQUIRED,HUMAN_READ_AND_INDEPENDENT_FACTUAL_SYNTHESIS_WITH_CITATION,LIMITED_WITH_CITATION_SUBJECT_TO_PUBLISHER_TERMS,PERMISSION_REQUIRED,PERMISSION_REQUIRED,NOT_ALLOWED_WITHOUT_PERMISSION,LINK/CITATION; NO_DIRECT_REUSE,NOT_ALLOWED_WITHOUT_LICENSE,DO_NOT_USE_ESC_LOGO/MARKS_AS_ENDORSEMENT,QUARANTINE_AI,HIGH,"ESC guidelines are copyrighted, no commercial use allowed, and ESC explicitly reserves rights for training/developing generative AI, LLM, ML and software uses.",https://www.escardio.org/guidelines/clinical-practice-guidelines/all-esc-practice-guidelines/acute-coronary-syndromes/ | https://www.escardio.org/guidelines/clinical-practice-guidelines/all-esc-practice-guidelines/acute-pulmonary-embolism/,2026-10-03,"Existing corpus contains 13 evidence atoms from this source; downstream generative use must be blocked until permission/substitution. Facts/scientific concepts may be independently restated where lawful; this does not authorize copying protected expression, tables, algorithms, figures or branded forms."
SRC-ESC-PE-2019,European Society of Cardiology,2019 ESC Guidelines for acute pulmonary embolism,2019,https://www.escardio.org/guidelines/clinical-practice-guidelines/all-esc-practice-guidelines/acute-pulmonary-embolism/,,clinical_guideline,P0,ATOMIZED_EVIDENCE,9,RED,PROPRIETARY_EXPLICIT_AI_RESERVATION,ESC Guidelines copyright; no commercial use; formal license required for AI/LLM/software uses,European Society of Cardiology / publisher,INTERNAL_REFERENCE_COPY_ONLY_IF_LAWFULLY_ACCESSED,FORMAL_LICENSE_REQUIRED,HUMAN_READ_AND_INDEPENDENT_FACTUAL_SYNTHESIS_WITH_CITATION,LIMITED_WITH_CITATION_SUBJECT_TO_PUBLISHER_TERMS,PERMISSION_REQUIRED,PERMISSION_REQUIRED,NOT_ALLOWED_WITHOUT_PERMISSION,LINK/CITATION; NO_DIRECT_REUSE,NOT_ALLOWED_WITHOUT_LICENSE,DO_NOT_USE_ESC_LOGO/MARKS_AS_ENDORSEMENT,QUARANTINE_AI,HIGH,"ESC guidelines are copyrighted, no commercial use allowed, and ESC explicitly reserves rights for training/developing generative AI, LLM, ML and software uses.",https://www.escardio.org/guidelines/clinical-practice-guidelines/all-esc-practice-guidelines/acute-coronary-syndromes/ | https://www.escardio.org/guidelines/clinical-practice-guidelines/all-esc-practice-guidelines/acute-pulmonary-embolism/,2026-10-03,"Existing corpus contains 9 evidence atoms from this source; downstream generative use must be blocked until permission/substitution. Facts/scientific concepts may be independently restated where lawful; this does not authorize copying protected expression, tables, algorithms, figures or branded forms."
SRC-EU-TRAUMA-BLEED-2023,European Task Force for Advanced Bleeding Care in Trauma,European guideline on management of major bleeding and coagulopathy following trauma — sixth edition,2023,https://pubmed.ncbi.nlm.nih.gov/36859355/,10.1186/s13054-023-04327-7,clinical_guideline,P0,ATOMIZED_EVIDENCE,1747,GREEN,OPEN_CC_BY,CC BY 4.0,Authors / Springer Nature,ALLOWED,ALLOWED_SUBJECT_TO_ATTRIBUTION_AND_THIRD_PARTY_CREDITS,ALLOWED_WITH_CITATION,ALLOWED_WITH_ATTRIBUTION,ALLOWED_WITH_ATTRIBUTION_AND_CHANGE_NOTICE,ALLOWED_IF_COVERED_BY_CC; CHECK_CREDIT_LINES,ALLOWED_IF_LICENSE_TERMS_RETAINED,ALLOWED,ALLOWED,DO_NOT_USE_ORG_LOGOS_AS_ENDORSEMENT,ACTIVE,HIGH,Article states CC BY 4.0; third-party material may have separate rights.,https://doi.org/10.1186/s13054-023-04327-7 | https://creativecommons.org/licenses/by/4.0/,2026-10-03,
SRC-GINA-2026,Global Initiative for Asthma,Global Strategy for Asthma Management and Prevention — 2026 update,2026,https://ginasthma.org/2026-gina-strategy-report/,,clinical_guideline,P0,ATOMIZED_EVIDENCE,6403,RED,PROPRIETARY_DO_NOT_COPY_DISTRIBUTE,GINA copyrighted material — do not copy or distribute,Global Initiative for Asthma,INTERNAL_REFERENCE_COPY_ONLY,NOT_GRANTED; QUARANTINE,HUMAN_READ_AND_INDEPENDENT_FACTUAL_SYNTHESIS_WITH_CITATION; VERIFY_LOCAL GUIDELINES,LIMITED WITH CITATION,PERMISSION REQUIRED,PROHIBITED/PERMISSION REQUIRED,DO NOT REDISTRIBUTE,LINK/CITATION ONLY,PERMISSION REQUIRED,GINA BRAND/LOGO NOT LICENSED,QUARANTINE_AI; USE OPEN PRIMARY EVIDENCE/GUIDELINES FOR CLAIMS,HIGH,2026 GINA report itself displays “COPYRIGHTED MATERIAL - DO NOT COPY OR DISTRIBUTE”.,https://ginasthma.org/2026-gina-strategy-report/,2026-10-03,"Existing corpus contains 6403 evidence atoms from this source; downstream generative use must be blocked until permission/substitution. Facts/scientific concepts may be independently restated where lawful; this does not authorize copying protected expression, tables, algorithms, figures or branded forms."
SRC-GOLD-2026,Global Initiative for Chronic Obstructive Lung Disease,"Global Strategy for Prevention, Diagnosis and Management of COPD — 2026 Report",2026,https://goldcopd.org/2026-gold-report-and-pocket-guide/,,clinical_guideline,P0,ATOMIZED_EVIDENCE,7670,ORANGE,PROPRIETARY_GUIDELINE,GOLD copyrighted report; no broad open licence verified,Global Initiative for Chronic Obstructive Lung Disease,INTERNAL_REFERENCE_COPY_ONLY,NOT_VERIFIED; QUARANTINE,HUMAN_READ_AND_INDEPENDENT_FACTUAL_SYNTHESIS_WITH_CITATION,LIMITED WITH CITATION,PERMISSION REQUIRED UNLESS EXPRESSLY AUTHORIZED,PERMISSION REQUIRED,DO NOT REDISTRIBUTE UNLESS TERMS ALLOW,CITATION/LINK; INDEPENDENT SYNTHESIS ONLY,PERMISSION REVIEW REQUIRED,GOLD MARKS/LOGOS NOT LICENSED,QUARANTINE_AI_PENDING_RIGHTS_NOTICE,MEDIUM,GOLD report is copyrighted and no broad open reuse licence was verified in this audit.,https://goldcopd.org/2026-gold-report-and-pocket-guide/,2026-10-03,"Existing corpus contains 7670 evidence atoms from this source; downstream generative use must be blocked until permission/substitution. Facts/scientific concepts may be independently restated where lawful; this does not authorize copying protected expression, tables, algorithms, figures or branded forms."
SRC-GRADE-BOOK-2026,GRADE Working Group,GRADE Book,2026 living resource,https://book.gradepro.org/,,methodological_standard,P1,NO_USABLE_TEXT,0,YELLOW,OPEN_NONCOMMERCIAL_NODERIVATIVES,CC BY-NC-ND 4.0,GRADE Working Group / book contributors,ALLOWED_NONCOMMERCIAL,REVIEW_REQUIRED; NO_DISTRIBUTED_DERIVATIVE_OUTPUT,ALLOW_INDEPENDENT_FACTUAL_SYNTHESIS_WITH_CITATION,ALLOWED_NONCOMMERCIAL_WITH_ATTRIBUTION,NO_DISTRIBUTED_DERIVATIVES_WITHOUT_PERMISSION,UNMODIFIED_NONCOMMERCIAL_ONLY_IF_COVERED,ALLOWED_UNMODIFIED_NONCOMMERCIAL,NONCOMMERCIAL_ONLY,NOT_ALLOWED_WITHOUT_PERMISSION,DO_NOT_USE_GRADEPRO/GRADE_LOGOS_AS_ENDORSEMENT,HUMAN_REFERENCE_OR_NONCOMMERCIAL_NO-DERIVATIVE,MEDIUM_HIGH,GRADE Book is presented under CC BY-NC-ND 4.0; verify exact edition notice when snapshotting.,https://book.gradepro.org/ | https://creativecommons.org/licenses/by-nc-nd/4.0/,2026-10-03,"Facts/scientific concepts may be independently restated where lawful; this does not authorize copying protected expression, tables, algorithms, figures or branded forms."
SRC-ILAS-2026,Instituto Latino-Americano de Sepse,Materiais e protocolo assistencial gerenciado de sepse,current 2026,https://ilas.org.br/materiais/,,professional_guidance,P2,ATOMIZED_EVIDENCE,57,YELLOW,USE_ORIGINAL_MATERIAL_NO_EDIT,ILAS material-use notice,Instituto Latino-Americano de Sepse / respective licensors,ALLOWED_FOR_REFERENCE,NOT_EXPRESSLY_GRANTED; REVIEW_REQUIRED,ALLOW_INDEPENDENT_FACTUAL_SYNTHESIS_WITH_CITATION,LIMITED_WITH_CITATION,DO_NOT_EDIT/ALTER_GRAPHIC_MATERIAL_WITHOUT_PERMISSION,USE_ORIGINAL_MATERIAL_ONLY_WHERE_NOTICE_ALLOWS; NO_EDIT,MATERIALS_MAY_BE_USED_ONLINE/OFFLINE_SUBJECT_TO_ILAS_NOTICE,ORIGINAL_MATERIAL_WITH_SOURCE_LINK; NO_EDIT,REVIEW_REQUIRED,LOGO_USE_ONLY_AS_EXPRESSLY_ALLOWED; NO_ENDORSEMENT,HUMAN_REFERENCE_ONLY_FOR_DERIVATIVE_CONTENT,MEDIUM_HIGH,"ILAS says materials may be used online/offline but graphic materials cannot be edited, altered or compressed and source links should be referenced.",https://ilas.org.br/material-dms/ | https://ilas.org.br/materiais/,2026-10-03,"Facts/scientific concepts may be independently restated where lawful; this does not authorize copying protected expression, tables, algorithms, figures or branded forms."
SRC-ILCOR-COSTR-2025,ILCOR,2025 International Consensus on CPR and ECC Science With Treatment Recommendations (CoSTR),2025,https://www.ilcor.org/publications/,,clinical_guideline,P0,ATOMIZED_EVIDENCE,1504,RED,PUBLISHER_ALL_RIGHTS_RESERVED_AI_TDM,"Elsevier all rights reserved, including TDM/AI training",Elsevier / ILCOR article authors as applicable,INTERNAL_REFERENCE_COPY_ONLY_IF_LAWFULLY_ACCESSED,PROHIBITED/RESERVED_WITHOUT_LICENSE,HUMAN_READ_AND_INDEPENDENT_FACTUAL_SYNTHESIS_WITH_CITATION,LIMITED_WITH_CITATION_SUBJECT_TO_TERMS,PERMISSION_REQUIRED,PERMISSION_REQUIRED,NOT_ALLOWED_WITHOUT_PERMISSION,LINK/CITATION_ONLY,LICENSE_REQUIRED,DO_NOT_USE_ILCOR/ELSEVIER_MARKS_AS_ENDORSEMENT,QUARANTINE_AI,HIGH,"2025 ILCOR consensus articles on ScienceDirect reserve all rights including text/data mining, AI training and similar technologies.",https://www.ilcor.org/publications/ | https://www.sciencedirect.com/,2026-10-03,"Existing corpus contains 1504 evidence atoms from this source; downstream generative use must be blocked until permission/substitution. Facts/scientific concepts may be independently restated where lawful; this does not authorize copying protected expression, tables, algorithms, figures or branded forms."
SRC-INOUYE-DELIRIUM-2014,Lancet / authors,Delirium in elderly people,2014,https://pubmed.ncbi.nlm.nih.gov/23992774/,,review,P2,ATOMIZED_EVIDENCE,797,ORANGE,AUTHOR_MANUSCRIPT_NOT_OPEN_LICENSED,PMC author manuscript; no CC licence identified,Authors / The Lancet / publisher; some embedded items have separate rights,INTERNAL_REFERENCE_COPY_ONLY,NOT_EXPRESSLY_GRANTED; QUARANTINE,HUMAN_READ_AND_INDEPENDENT_FACTUAL_SYNTHESIS_WITH_CITATION,LIMITED WITH CITATION,PERMISSION REQUIRED FOR PROTECTED EXPRESSION,CHECK EACH ITEM; SOME ARE ADAPTED WITH PERMISSION FROM OTHER RIGHTSHOLDERS,DO NOT ASSUME PMC DEPOSIT GRANTS REDISTRIBUTION,CITATION/INDEPENDENT SYNTHESIS,PERMISSION REQUIRED FOR DIRECT REUSE,NO LOGO REUSE,QUARANTINE_AI; HUMAN_REFERENCE_ONLY,MEDIUM_HIGH,"PMC author manuscript has no Creative Commons licence; at least one panel/figure is identified as adapted with permission from AMA, showing mixed rights.",https://pmc.ncbi.nlm.nih.gov/articles/PMC4120864/,2026-10-03,"Existing corpus contains 797 evidence atoms from this source; downstream generative use must be blocked until permission/substitution. Facts/scientific concepts may be independently restated where lawful; this does not authorize copying protected expression, tables, algorithms, figures or branded forms."
SRC-INS-2024,Infusion Nurses Society,"Infusion Therapy Standards of Practice, 9th Edition",2024,https://pubmed.ncbi.nlm.nih.gov/38211609/,10.1097/NAN.0000000000000532,professional_standard,P0,ACQUISITION_GAP,0,RED,COMMERCIAL_PROFESSIONAL_STANDARD,"Infusion Therapy Standards of Practice, 9th ed. — proprietary/licensed",Infusion Nurses Society / publisher,LICENSED_COPY_ONLY; PUBMED_METADATA_OK,NOT_GRANTED; PERMISSION/LICENSE REQUIRED,HUMAN REFERENCE ONLY; USE OPEN SOURCES FOR PIPELINE CLAIMS,LIMITED WITH CITATION IF LAWFULLY ACCESSED,PERMISSION REQUIRED,PERMISSION REQUIRED,PROHIBITED WITHOUT LICENSE,CITATION/LINK ONLY,LICENSE REQUIRED,INS MARKS/LOGOS PROTECTED,QUARANTINE_AI; SUBSTITUTE_OPEN_EVIDENCE,HIGH,Full standard is an access-controlled professional standard; no open licence verified.,https://www.ins1.org/publications/infusion-therapy-standards-of-practice/ | https://pubmed.ncbi.nlm.nih.gov/38211609/,2026-10-03,"Facts/scientific concepts may be independently restated where lawful; this does not authorize copying protected expression, tables, algorithms, figures or branded forms."
SRC-ISMP-BR-MPP,ISMP Brasil,Medicamentos Potencialmente Perigosos — listas de referência,vigente,https://ismp-brasil.org/medicamentos-potencialmente-perigosos/,,specialty_guidance,P1,ATOMIZED_EVIDENCE,10,ORANGE,RIGHTS_UNCLEAR_ADAPTED_LISTS,ISMP Brasil adapted/professional safety lists; no open reuse licence verified,ISMP Brasil and source licensors including ISMP US,INTERNAL_REFERENCE_ONLY,NOT_VERIFIED; QUARANTINE,USE AS REFERENCE; BUILD INSTITUTION-SPECIFIC LIST FROM INDEPENDENTLY VERIFIED EVIDENCE,LIMITED WITH CITATION,DO NOT ADAPT/REPUBLISH LISTS WITHOUT PERMISSION,DO NOT REUSE LIST/TABLE LAYOUT WITHOUT PERMISSION,LINK TO OFFICIAL BULLETINS,CITATION/LINK; NO LIST REPRINT,PERMISSION REVIEW REQUIRED,ISMP MARKS NOT LICENSED,HUMAN_REFERENCE_ONLY; NO AUTOMATED LIST REPLICATION,MEDIUM,ISMP Brasil states its lists are adapted from ISMP US and periodically updated; no open licence for republication was verified.,https://ismp-brasil.org/medicamentos-potencialmente-perigosos/,2026-10-03,"Facts/scientific concepts may be independently restated where lawful; this does not authorize copying protected expression, tables, algorithms, figures or branded forms."
SRC-JBI-MANUAL-2026,JBI,JBI Manual for Evidence Synthesis,current; updated 2026,https://jbi.global/,,methodological_standard,P1,ATOMIZED_EVIDENCE,16,ORANGE,RIGHTS_UNCLEAR_MANUAL,Free access does not equal open licence; no reuse licence verified,JBI / Adelaide University / contributors,INTERNAL_REFERENCE_ONLY,NOT_VERIFIED; QUARANTINE_PENDING_LICENSE,HUMAN_READ_AND_INDEPENDENT_METHODOLOGICAL_SYNTHESIS_WITH_CITATION,LIMITED WITH CITATION,PERMISSION/LICENCE CHECK REQUIRED,DO NOT REUSE WITHOUT PERMISSION,LINK ONLY UNLESS LICENCE SAYS OTHERWISE,CITATION/LINK; NO DIRECT REPRODUCTION,PERMISSION REVIEW REQUIRED,JBI MARKS NOT LICENSED,QUARANTINE_AI_PENDING_RIGHTS_CAPTURE,LOW_MEDIUM,"JBI manual is accessible, but no explicit open reuse licence was verified during the audit.",https://jbi.global/,2026-10-03,"Existing corpus contains 16 evidence atoms from this source; downstream generative use must be blocked until permission/substitution. Facts/scientific concepts may be independently restated where lawful; this does not authorize copying protected expression, tables, algorithms, figures or branded forms."
SRC-KDIGO-AKI,KDIGO,Acute Kidney Injury (AKI) and Acute Kidney Disease (AKD) guideline portal,2012 current; 2026 update in finalization,https://kdigo.org/guidelines/acute-kidney-injury/,,clinical_guideline,P0,ATOMIZED_EVIDENCE,4969,ORANGE,PROPRIETARY_PERMISSION_REQUIRED,KDIGO guideline rights and permissions policy,KDIGO,INTERNAL_REFERENCE_COPY_ONLY,NOT_EXPRESSLY_GRANTED; PERMISSION REQUIRED FOR REUSE/ADAPTATION,HUMAN_READ_AND_INDEPENDENT_FACTUAL_SYNTHESIS_WITH_CITATION,LIMITED WITH CITATION,PERMISSION REQUIRED,PERMISSION REQUIRED,NOT ALLOWED WITHOUT PERMISSION,LINK/CITATION; NO DIRECT REUSE,PERMISSION/LICENCE REQUIRED,KDIGO LOGO REQUIRES PRIOR WRITTEN PERMISSION,QUARANTINE_AI; HUMAN_REFERENCE_ONLY,HIGH,"KDIGO states it holds rights to all guidelines/publications and requests permission for reuse/adaptation, figures and tables; logo requires written permission.",https://kdigo.org/ufaq-category/rights-permissions/,2026-10-03,"Existing corpus contains 4969 evidence atoms from this source; downstream generative use must be blocked until permission/substitution. Facts/scientific concepts may be independently restated where lawful; this does not authorize copying protected expression, tables, algorithms, figures or branded forms."
SRC-MS-ACR-2009,Ministério da Saúde,Acolhimento e Classificação de Risco nos Serviços de Urgência,2009,https://bvsms.saude.gov.br/bvs/publicacoes/acolhimento_classificacao_risco_servicos_2009.pdf,,official_guidance,P1,ATOMIZED_EVIDENCE,374,YELLOW,GOV_PUBLICATION_NONCOMMERCIAL_REPRODUCTION,"MS publication notice — reproduction allowed with citation, not for sale/commercial purpose",Ministério da Saúde / authors and third parties where credited,ALLOWED,NONCOMMERCIAL_RESEARCH_USE; COMMERCIAL_PIPELINE_REVIEW_REQUIRED,ALLOWED_WITH_CITATION,ALLOWED_WITH_CITATION,REVIEW_REQUIRED,CHECK_CREDITS; NONCOMMERCIAL_NOTICE,ALLOWED_WITH_SOURCE_IF_NONCOMMERCIAL,NONCOMMERCIAL_ONLY_FOR_DIRECT_REUSE,NOT_FOR_SALE/COMMERCIAL_DIRECT_REUSE,DO_NOT_USE_MS_LOGO_AS_ENDORSEMENT,HUMAN_REFERENCE_OR_NONCOMMERCIAL_GATED,HIGH,Publication notice allows partial/total reproduction when source is cited and not for sale or commercial purpose.,https://bvsms.saude.gov.br/bvs/publicacoes/acolhimento_classificacao_risco_servicos_2009.pdf,2026-10-03,"Facts/scientific concepts may be independently restated where lawful; this does not authorize copying protected expression, tables, algorithms, figures or branded forms."
SRC-MS-PCDT-AVC-2023,Ministério da Saúde / CONITEC,"PCDT — Acidente Vascular Cerebral Isquêmico Agudo, Portaria Conjunta SAES/SECTICS/MS nº 29/2023",2023,https://www.gov.br/conitec/pt-br/assuntos/avaliacao-de-tecnologias-em-saude/protocolos-clinicos-e-diretrizes-terapeuticas/pcdt,,official_guideline,P0,ATOMIZED_EVIDENCE,210,GREEN_CONDITIONAL,BRAZIL_NORMATIVE_PLUS_TECHNICAL_ANNEX,Official Portaria/PCDT — normative text usable; editorial/third-party elements separately reviewed,Ministério da Saúde / União; third-party elements may differ,ALLOWED,ALLOWED_FOR_NORMATIVE_TEXT; CHECK_NON-NORMATIVE_THIRD_PARTY_ASSETS,ALLOWED_WITH_CITATION_AND_VERSION_CONTROL,ALLOWED_FOR_OFFICIAL_TEXT,LABEL_NONOFFICIAL_TRANSLATION; DO_NOT_MISREPRESENT_AS_OFFICIAL,CHECK_IF_OFFICIAL_ANNEX_OR_THIRD_PARTY,PREFER_LINK_TO_OFFICIAL,ALLOWED_FOR_NORMATIVE_CONTENT,ALLOWED_FOR_UNPROTECTED_OFFICIAL_CONTENT,DO_NOT_USE_MS/CONITEC_LOGOS_AS_ENDORSEMENT,ACTIVE_WITH_NORMATIVE_BOUNDARY,MEDIUM_HIGH,Brazilian official acts are excluded from copyright; PCDT package may include separately protected editorial/third-party material.,https://www.planalto.gov.br/ccivil_03/leis/l9610.htm | https://www.gov.br/conitec/pt-br/assuntos/avaliacao-de-tecnologias-em-saude/protocolos-clinicos-e-diretrizes-terapeuticas/pcdt,2026-10-03,
SRC-MS-PECONHENTOS-2026,Ministério da Saúde,Publicações e PCDTs sobre acidentes por animais peçonhentos,2026,https://www.gov.br/saude/pt-br/assuntos/saude-de-a-a-z/a/animais-peconhentos/publicacoes/publicacoes,,official_guideline,P0,ATOMIZED_EVIDENCE,6,YELLOW,BRAZIL_GOV_TECHNICAL_PUBLICATION,gov.br content / publication-specific notice must govern,Ministério da Saúde / possible third-party contributors,ALLOWED_FOR_REFERENCE,REVIEW_PUBLICATION_NOTICE_BEFORE_AUTOMATED_USE,ALLOWED_WITH_CITATION,LIMITED_WITH_CITATION,REVIEW_REQUIRED,CHECK_PUBLICATION_CREDIT_LINES,LINK_PREFERRED_UNLESS_PUBLICATION_NOTICE_ALLOWS,FACTUAL_SYNTHESIS_WITH_CITATION; DIRECT_REUSE_CONDITIONAL,DIRECT_REUSE_REVIEW_REQUIRED,DO_NOT_USE_MS_LOGO_AS_ENDORSEMENT,HUMAN_REFERENCE_ONLY_UNTIL_ITEM_LICENSE_CAPTURED,MEDIUM,Technical publications are not automatically equivalent to uncopyrightable official acts; exact publication notice and third-party credits must be captured.,https://www.gov.br/saude/pt-br/assuntos/saude-de-a-a-z/a/animais-peconhentos/publicacoes/publicacoes,2026-10-03,"Facts/scientific concepts may be independently restated where lawful; this does not authorize copying protected expression, tables, algorithms, figures or branded forms."
SRC-MS-PNSP-529-2013,Ministério da Saúde,Portaria GM/MS nº 529/2013 — Programa Nacional de Segurança do Paciente,2013,https://bvsms.saude.gov.br/bvs/saudelegis/gm/2013/prt0529_01_04_2013.html,,normative_primary,P0,ATOMIZED_EVIDENCE,87,GREEN,BRAZIL_OFFICIAL_ACT,"Lei 9.610/1998 art. 8º, IV — ato oficial fora da proteção autoral",Brasil / órgão emissor (marca/layout apartados),ALLOWED,ALLOWED_FOR_OFFICIAL_TEXT,ALLOWED_WITH_CITATION_AND_VERSION_CONTROL,ALLOWED_FOR_OFFICIAL_TEXT,ALLOWED_FOR_OFFICIAL_TEXT; LABEL_AS_TRANSLATION,ONLY_IF_PART_OF_OFFICIAL_ACT; THIRD_PARTY_ELEMENTS_EXCLUDED,ALLOWED_FOR_OFFICIAL_TEXT; PREFER_LINK_TO_OFFICIAL,ALLOWED_FOR_OFFICIAL_TEXT,ALLOWED_FOR_OFFICIAL_TEXT,DO_NOT_USE_LOGOS_WITHOUT_PERMISSION,ACTIVE_WITH_OFFICIAL_ACT_GUARD,HIGH,"Brazilian Copyright Law excludes laws, decrees, regulations and other official acts from copyright protection; scientific/technical content is distinct from protected expression. Website design, logos and third-party works remain separate.",https://www.planalto.gov.br/ccivil_03/leis/l9610.htm,2026-10-03,"Official-text status does not extend to logos, website layout, editorial annotations or third-party assets."
SRC-MS-PORTARIA-2048-2002,Ministério da Saúde,Portaria GM/MS nº 2.048/2002 — Regulamento Técnico dos Sistemas Estaduais de Urgência e Emergência,2002,https://bvsms.saude.gov.br/bvs/saudelegis/gm/2002/prt2048_05_11_2002.html,,normative_primary,P0,ATOMIZED_EVIDENCE,1045,GREEN,BRAZIL_OFFICIAL_ACT,"Lei 9.610/1998 art. 8º, IV — ato oficial fora da proteção autoral",Brasil / órgão emissor (marca/layout apartados),ALLOWED,ALLOWED_FOR_OFFICIAL_TEXT,ALLOWED_WITH_CITATION_AND_VERSION_CONTROL,ALLOWED_FOR_OFFICIAL_TEXT,ALLOWED_FOR_OFFICIAL_TEXT; LABEL_AS_TRANSLATION,ONLY_IF_PART_OF_OFFICIAL_ACT; THIRD_PARTY_ELEMENTS_EXCLUDED,ALLOWED_FOR_OFFICIAL_TEXT; PREFER_LINK_TO_OFFICIAL,ALLOWED_FOR_OFFICIAL_TEXT,ALLOWED_FOR_OFFICIAL_TEXT,DO_NOT_USE_LOGOS_WITHOUT_PERMISSION,ACTIVE_WITH_OFFICIAL_ACT_GUARD,HIGH,"Brazilian Copyright Law excludes laws, decrees, regulations and other official acts from copyright protection; scientific/technical content is distinct from protected expression. Website design, logos and third-party works remain separate.",https://www.planalto.gov.br/ccivil_03/leis/l9610.htm,2026-10-03,"Official-text status does not extend to logos, website layout, editorial annotations or third-party assets."
SRC-MS-RUE-CONSOLIDATED-2026,Ministério da Saúde,"Portaria de Consolidação GM/MS nº 3/2017 — Anexo III, Rede de Atenção às Urgências e Emergências (texto consolidado com alterações até 2026)",2017–2026,https://bvs.saude.gov.br/bvs/saudelegis/gm/2017/prc0003_03_10_2017_comp.html,,normative_primary,P0,ATOMIZED_EVIDENCE,9571,GREEN,BRAZIL_OFFICIAL_ACT,"Lei 9.610/1998 art. 8º, IV — ato oficial fora da proteção autoral",Brasil / órgão emissor (marca/layout apartados),ALLOWED,ALLOWED_FOR_OFFICIAL_TEXT,ALLOWED_WITH_CITATION_AND_VERSION_CONTROL,ALLOWED_FOR_OFFICIAL_TEXT,ALLOWED_FOR_OFFICIAL_TEXT; LABEL_AS_TRANSLATION,ONLY_IF_PART_OF_OFFICIAL_ACT; THIRD_PARTY_ELEMENTS_EXCLUDED,ALLOWED_FOR_OFFICIAL_TEXT; PREFER_LINK_TO_OFFICIAL,ALLOWED_FOR_OFFICIAL_TEXT,ALLOWED_FOR_OFFICIAL_TEXT,DO_NOT_USE_LOGOS_WITHOUT_PERMISSION,ACTIVE_WITH_OFFICIAL_ACT_GUARD,HIGH,"Brazilian Copyright Law excludes laws, decrees, regulations and other official acts from copyright protection; scientific/technical content is distinct from protected expression. Website design, logos and third-party works remain separate.",https://www.planalto.gov.br/ccivil_03/leis/l9610.htm,2026-10-03,"Official-text status does not extend to logos, website layout, editorial annotations or third-party assets."
SRC-MTS-3.8-2023,Manchester Triage Group / ALSG,"Emergency Triage, 3rd Edition — Version 3.8",2023,https://www.alsg.org/home/course/section.php?id=1093&lang=pt,,validated_tool,P0,ATOMIZED_EVIDENCE,8,RED,PROPRIETARY_TRIAGE_SYSTEM,Manchester Triage System / ALSG licensed training and publication,Advanced Life Support Group / Manchester Triage Group / publishers,LICENSED_COPY_ONLY,NOT_GRANTED; PERMISSION_REQUIRED,HUMAN_REFERENCE_ONLY; DO_NOT_RECREATE_PROPRIETARY_DISCRIMINATORS/FLOWCHARTS,LIMITED_WITH_CITATION,PERMISSION/LICENSE REQUIRED,PERMISSION REQUIRED,PROHIBITED_WITHOUT LICENSE,NOMINATIVE REFERENCE ONLY,LICENSE REQUIRED,MTS/ALSG MARKS PROTECTED,QUARANTINE_AI; USE_OPEN_TRIAGE EVIDENCE WHERE POSSIBLE,MEDIUM,No open licence verified; the source is a training/publication product. Conservative classification pending written licence terms.,https://www.alsg.org/home/course/section.php?id=1093&lang=pt,2026-10-03,"Existing corpus contains 8 evidence atoms from this source; downstream generative use must be blocked until permission/substitution. Facts/scientific concepts may be independently restated where lawful; this does not authorize copying protected expression, tables, algorithms, figures or branded forms."
SRC-NANDA-2024-2026,NANDA International / INKA,"NANDA-I Nursing Diagnoses: Definitions and Classification, 2024–2026, 13th ed.",2024–2026,https://nanda.org/nanda-book/,,classification_standard,P1,ATOMIZED_METADATA_ONLY,0,RED,PROPRIETARY_EXPLICIT_NO_MINING_AI,INKA/NANDA proprietary classification — formal licence required,International Nursing Knowledge Association (INKA; formerly NANDA International),LICENSED_COPY_ONLY; NO_SHARED_REPOSITORY,PROHIBITED_WITHOUT_EXPLICIT_WRITTEN_AUTHORIZATION,LIMITED_SCHOLARLY_REFERENCE ONLY; DO_NOT_SYSTEMATICALLY_RECREATE_CLASSIFICATION,LIMITED_NON-SYSTEMATIC_REFERENCE_WITH_ATTRIBUTION,LICENSE_REQUIRED,LICENSE_REQUIRED,PROHIBITED_WITHOUT_LICENSE,NOMINATIVE_REFERENCE_ONLY_UNLESS_LICENSED,FORMAL_LICENSE_REQUIRED,NANDA®/INKA MARKS PROTECTED; NOMINATIVE_SOURCE_CITATION_ONLY,QUARANTINE_AI_AND_REMOVE_ATOMS_FROM_GENERATION,HIGH,"INKA terms expressly prohibit automated/manual text mining, scraping, data extraction, indexing, ML/AI training or derivative works without written authorization; commercial digital use requires licence.",https://nanda.org/use-and-licensing/ | https://nanda.org/terms-and-conditions/,2026-10-03,"Facts/scientific concepts may be independently restated where lawful; this does not authorize copying protected expression, tables, algorithms, figures or branded forms."
SRC-NCBI,NCBI Bookshelf,Nursing Skills — Chapter 5 Math Calculations,current,https://www.ncbi.nlm.nih.gov/books/NBK593207/,,inherited_evidence,P2,ATOMIZED_METADATA_ONLY,0,GREEN,OPEN_CC_BY,CC BY 4.0 (Open RN Nursing Skills),Open RN / Chippewa Valley Technical College; some incorporated works have own attributions,ALLOWED,ALLOWED_WITH_ITEM_LEVEL_ATTRIBUTION_CHECK,ALLOWED_WITH_CITATION,ALLOWED_WITH_ATTRIBUTION,ALLOWED_WITH_ATTRIBUTION_AND_CHANGE_NOTICE,CHECK_EACH_FOOTNOTE/CREDIT; MANY_ITEMS_CC_BY,ALLOWED_UNDER_LICENSE_WITH_ATTRIBUTION,ALLOWED,ALLOWED_UNDER_CC_BY,NCBI/NIH_LOGOS_NOT_INCLUDED_IN_CC_LICENSE,ACTIVE_WITH_ASSET_CREDIT_GUARD,HIGH,Open RN Nursing Skills is CC BY 4.0; chapter-level footnotes identify reused material and image licenses.,https://www.ncbi.nlm.nih.gov/books/NBK593210/toc/ | https://www.ncbi.nlm.nih.gov/books/NBK593217/,2026-10-03,
SRC-PHTLS10,NAEMT,PHTLS — 10th Edition,current 2026,https://www.naemt.org/education/CourseDirectory,,professional_standard,P0,ATOMIZED_METADATA_ONLY,0,RED,COMMERCIAL_TRAINING_PRODUCT,PHTLS proprietary course/textbook,NAEMT / Jones & Bartlett Learning / licensors,LICENSED_COPY_ONLY,NOT_GRANTED; PERMISSION REQUIRED,HUMAN REFERENCE ONLY; USE OPEN TCCC/TRAUMA GUIDELINES FOR PIPELINE CLAIMS,LIMITED WITH CITATION,LICENSE/PERMISSION REQUIRED,PERMISSION REQUIRED,PROHIBITED WITHOUT LICENSE,NOMINATIVE REFERENCE ONLY,LICENSE REQUIRED,PHTLS®/NAEMT MARKS PROTECTED,QUARANTINE_AI; REPLACE WITH OPEN/LICENSABLE SOURCES,MEDIUM_HIGH,PHTLS is a commercial NAEMT educational program/textbook; no open reuse licence verified.,https://www.naemt.org/education/CourseDirectory,2026-10-03,"Facts/scientific concepts may be independently restated where lawful; this does not authorize copying protected expression, tables, algorithms, figures or branded forms."
SRC-PICO-2007,Revista Latino-Americana de Enfermagem,A estratégia PICO para a construção da pergunta de pesquisa e busca de evidências,2007,https://www.scielo.br/j/rlae/a/CfKNnz8mvSqVjZ37Z77pFsy/?lang=pt,10.1590/S0104-11692007000300023,methodological_reference,P2,ATOMIZED_EVIDENCE,121,YELLOW,OPEN_NONCOMMERCIAL,CC BY-NC (SciELO article),Authors / journal,ALLOWED_NONCOMMERCIAL,ALLOWED_NONCOMMERCIAL_ONLY,ALLOWED_WITH_CITATION,ALLOWED_WITH_ATTRIBUTION_NONCOMMERCIAL,ALLOWED_NONCOMMERCIAL_WITH_ATTRIBUTION,ALLOWED_NONCOMMERCIAL_IF_LICENSE_COVERS_ITEM,ALLOWED_NONCOMMERCIAL_UNDER_LICENSE,ONLY_IF_NONCOMMERCIAL_FOR_DIRECT_LICENSED_REUSE,NOT_ALLOWED_WITHOUT_PERMISSION,DO_NOT_USE_JOURNAL/SCIELO_LOGOS_AS_ENDORSEMENT,NONCOMMERCIAL_ONLY_OR_USE_FACTS_INDEPENDENTLY,MEDIUM_HIGH,Article is distributed by SciELO under a Creative Commons noncommercial licence; verify exact licence version on the article landing page.,https://www.scielo.br/j/rlae/a/CfKNnz8mvSqVjZ37Z77pFsy/?lang=pt,2026-10-03,"Facts/scientific concepts may be independently restated where lawful; this does not authorize copying protected expression, tables, algorithms, figures or branded forms."
SRC-PRISMA-2020,PRISMA,PRISMA 2020 Statement,2020–2021,https://www.prisma-statement.org/prisma-2020,,reporting_guideline,P2,ATOMIZED_EVIDENCE,9,GREEN,OPEN_CC_BY,CC BY 4.0,PRISMA authors,ALLOWED,ALLOWED,ALLOWED_WITH_CITATION,ALLOWED_WITH_ATTRIBUTION,ALLOWED_WITH_ATTRIBUTION_AND_CHANGE_NOTICE,ALLOWED_UNDER_CC_BY_IF_NO_SEPARATE_CREDIT,ALLOWED_UNDER_CC_BY,ALLOWED,ALLOWED,DO_NOT_IMPLY_ENDORSEMENT,ACTIVE,HIGH,PRISMA 2020 article and flow-diagram templates are CC BY 4.0.,https://www.bmj.com/content/372/bmj.n71.long | https://www.prisma-statement.org/prisma-2020-flow-diagram,2026-10-03,
SRC-PUBMED-IV,Nursing Standard / PubMed,How to undertake intravenous infusion calculations,2020,https://pubmed.ncbi.nlm.nih.gov/31930888/,10.7748/ns.2020.e11444,inherited_evidence,P2,ACQUISITION_GAP,0,ORANGE,ABSTRACT_METADATA_ONLY / PAYWALLED_FULLTEXT,Nursing Standard article; PubMed metadata/abstract only,RCN Publishing / article author,PUBMED_METADATA_ALLOWED; FULLTEXT_LICENSED_COPY_ONLY,DO_NOT_INGEST_PAYWALLED_FULLTEXT_WITHOUT_PERMISSION; METADATA ONLY,USE ABSTRACT ONLY FOR HIGH-LEVEL CONTEXT; REPLACE WITH OPEN NCBI SOURCE FOR CALCULATIONS,LIMITED ABSTRACT QUOTE WITH CITATION,PERMISSION REQUIRED FOR FULLTEXT,PERMISSION REQUIRED,PROHIBITED,CITATION/LINK ONLY,PERMISSION REQUIRED,NO MARK REUSE,DEPRECATE_AS_PRIMARY; USE_SRC_NCBI,HIGH,PubMed provides metadata/abstract; full article is publisher-controlled and the abstract page carries copyright notice.,https://pubmed.ncbi.nlm.nih.gov/31930888/,2026-10-03,"Facts/scientific concepts may be independently restated where lawful; this does not authorize copying protected expression, tables, algorithms, figures or branded forms."
SRC-RCP-NEWS2,Royal College of Physicians,National Early Warning Score (NEWS) 2,2017; current,https://rcp.ac.uk/resources/national-early-warning-score-news-2/,,validated_tool,P0,ATOMIZED_EVIDENCE,1740,GREEN_CONDITIONAL,OPEN_WITH_NO_MODIFICATION,"RCP NEWS2 no copyright restriction, conditions apply",Royal College of Physicians,ALLOWED,REVIEW_BEFORE_GENERATIVE_USE_BECAUSE_MATERIAL_MUST_NOT_BE_MODIFIED,ALLOWED_WITH_CITATION,ALLOWED_WITH_ATTRIBUTION,TRANSLATION_ALLOWED_WITH_REQUIRED_DISCLAIMER; ORIGINAL_MATERIAL_NOT_MODIFIED,ALLOWED; CHARTS_IN_COLOUR; USE_HIGH_QUALITY_ORIGINALS,ALLOWED_IF_CONDITIONS_MET,ALLOWED_IF_CONDITIONS_MET,NOT_EXPRESSLY_RESTRICTED_BUT_NO_MODIFICATION_CONDITIONS_APPLY,DO_NOT_IMPLY_RCP_ENDORSEMENT,ACTIVE_FOR_FACTS; ORIGINAL_SCORE_ASSET_LOCKED,HIGH,"RCP explicitly states no copyright restriction on NEWS2 with attribution, no modification, colour chart and translation-disclaimer conditions.",https://www.rcp.ac.uk/resources/national-early-warning-score-news-2/,2026-10-03,
SRC-SBAR-IHI,Institute for Healthcare Improvement,SBAR Tool: Situation-Background-Assessment-Recommendation,current,https://www.ihi.org/library/tools/sbar-tool-situation-background-assessment-recommendation,,quality_tool,P2,ATOMIZED_EVIDENCE,18,YELLOW,EDUCATIONAL_NONPROFIT_COPY_ONLY,IHI toolkit copyright notice,Institute for Healthcare Improvement,ALLOWED_FOR_REFERENCE,NOT_EXPRESSLY_GRANTED; REVIEW_REQUIRED,SBAR_CONCEPT/METHOD_CAN_BE_INDEPENDENTLY_DESCRIBED; CITE_SOURCE,LIMITED_WITH_CITATION,PERMISSION_REQUIRED_FOR_IHI_MATERIAL; INDEPENDENT_TOOL_DESIGN_PREFERRED,EDUCATIONAL_NOT-FOR-PROFIT PHOTOCOPY UNALTERED; REPUBLISHING REQUIRES PERMISSION,NOT_FOR_COMMERCIAL/REPUBLISHING_WITHOUT_PERMISSION,LINK_OR_INDEPENDENT_REIMPLEMENTATION; DO_NOT_REPUBLISH_IHI_TOOL,PERMISSION_REQUIRED,DO_NOT_USE_IHI_MARKS_AS_ENDORSEMENT,HUMAN_REFERENCE; REIMPLEMENT_CONCEPT_FROM_SCRATCH,HIGH,IHI toolkit says individuals may photocopy for educational not-for-profit use unaltered with attribution; commercial use or republishing requires written permission.,https://www.ihi.org/sites/default/files/SafetyToolkit_SBAR.pdf,2026-10-03,"Facts/scientific concepts may be independently restated where lawful; this does not authorize copying protected expression, tables, algorithms, figures or branded forms."
SRC-SBC-ECG-2022,Sociedade Brasileira de Cardiologia,Diretriz sobre a Análise e Emissão de Laudos Eletrocardiográficos — 2022,2022,https://abccardiol.org/article/diretriz-da-sociedade-brasileira-de-cardiologia-sobre-a-analise-e-emissao-de-laudos-eletrocardiograficos-2022/,10.36660/abc.20220623,clinical_guideline,P0,ATOMIZED_EVIDENCE,1915,GREEN,OPEN_CC_BY,Creative Commons Attribution,Authors / Arquivos Brasileiros de Cardiologia,ALLOWED,ALLOWED_SUBJECT_TO_ATTRIBUTION_AND_THIRD_PARTY_CREDITS,ALLOWED_WITH_CITATION,ALLOWED_WITH_ATTRIBUTION,ALLOWED_WITH_ATTRIBUTION_AND_CHANGE_NOTICE,ALLOWED_IF_LICENSE_COVERS_ITEM; CHECK_CREDIT_LINES,ALLOWED_UNDER_LICENSE,ALLOWED,ALLOWED_UNDER_CC_BY,SBC_LOGO_NOT_LICENSED_BY_ARTICLE_CC_UNLESS_STATED,ACTIVE,HIGH,Articles are published open access under Creative Commons Attribution.,https://pmc.ncbi.nlm.nih.gov/articles/PMC9563889/ | https://www.scielo.br/j/abc/a/BXT7Vk4B9VKQnJFsJhgJ4Hn/,2026-10-03,
SRC-SBC-HA-2025,Sociedade Brasileira de Cardiologia,Diretriz Brasileira de Hipertensão Arterial — 2025,2025,https://abccardiol.org/article/diretriz-brasileira-de-hipertensao-arterial-2025/,10.36660/abc.20250624,clinical_guideline,P0,ATOMIZED_EVIDENCE,5094,GREEN,OPEN_CC_BY,Creative Commons Attribution,Authors / Arquivos Brasileiros de Cardiologia,ALLOWED,ALLOWED_SUBJECT_TO_ATTRIBUTION_AND_THIRD_PARTY_CREDITS,ALLOWED_WITH_CITATION,ALLOWED_WITH_ATTRIBUTION,ALLOWED_WITH_ATTRIBUTION_AND_CHANGE_NOTICE,ALLOWED_IF_LICENSE_COVERS_ITEM; CHECK_CREDIT_LINES,ALLOWED_UNDER_LICENSE,ALLOWED,ALLOWED_UNDER_CC_BY,SBC_LOGO_NOT_LICENSED_BY_ARTICLE_CC_UNLESS_STATED,ACTIVE,HIGH,Articles are published open access under Creative Commons Attribution.,https://pmc.ncbi.nlm.nih.gov/articles/PMC9563889/ | https://www.scielo.br/j/abc/a/BXT7Vk4B9VKQnJFsJhgJ4Hn/,2026-10-03,
SRC-SBD-CAD-2026,Sociedade Brasileira de Diabetes,Diretriz SBD 2026 — Diagnóstico e tratamento da cetoacidose diabética,2026,https://diretriz.diabetes.org.br/diagnostico-e-tratamento-da-cetoacidose-diabetica/,,clinical_guideline,P0,ATOMIZED_EVIDENCE,307,ORANGE,RIGHTS_UNCLEAR_PROFESSIONAL_GUIDELINE,Public web guideline; no explicit open reuse licence verified,Sociedade Brasileira de Diabetes / authors,INTERNAL_REFERENCE_ONLY,NOT_VERIFIED; HOLD,HUMAN_READ_AND_INDEPENDENT_FACTUAL_SYNTHESIS_WITH_CITATION,LIMITED WITH CITATION,PERMISSION REVIEW REQUIRED,DO NOT REUSE WITHOUT LICENCE/PERMISSION,LINK/PDF PROVIDED BY SOURCE; DO NOT REPUBLISH,CITATION/INDEPENDENT SYNTHESIS ONLY,PERMISSION REVIEW REQUIRED,SBD MARKS NOT LICENSED,QUARANTINE_AI_PENDING_RIGHTS_NOTICE; USE ADA ONLY HUMAN DUE TDM BAN AND OPEN PRIMARY EVIDENCE,LOW_MEDIUM,Guideline is freely readable/downloadable but no explicit Creative Commons/open reuse notice was found in the audit.,https://diretriz.diabetes.org.br/diagnostico-e-tratamento-da-cetoacidose-diabetica/,2026-10-03,"Existing corpus contains 307 evidence atoms from this source; downstream generative use must be blocked until permission/substitution. Facts/scientific concepts may be independently restated where lawful; this does not authorize copying protected expression, tables, algorithms, figures or branded forms."
SRC-SBP-PRN-2026,Sociedade Brasileira de Pediatria,Programa de Reanimação Neonatal — Diretrizes 2026,2026,https://www.sbp.com.br/especiais/reanimacao/,,clinical_guideline,P0,ATOMIZED_METADATA_ONLY,0,RED,PROPRIETARY_EXPLICIT_NO_REPRODUCTION,SBP copyright — no reproduction in whole or part,Sociedade Brasileira de Pediatria,INTERNAL_REFERENCE_COPY_ONLY_IF_LAWFULLY_ACCESSED,NOT_GRANTED; QUARANTINE,HUMAN_READ_AND_INDEPENDENT_FACTUAL_SYNTHESIS_WITH_CITATION,ONLY_MINIMAL_LEGAL_CITATION_EXCEPTION; SOURCE_CITATION_REQUIRED,PERMISSION_REQUIRED,PROHIBITED_WITHOUT_PERMISSION,PROHIBITED,LINK/CITATION_ONLY,PERMISSION_REQUIRED,SBP/PRN BRAND AND COURSE IP PROTECTED,QUARANTINE_AI,HIGH,SBP 2026 neonatal resuscitation directive says copyright SBP and the document may not be reproduced in whole or in part in print/electronic media.,https://www.sbp.com.br/especiais/reanimacao/,2026-10-03,"Facts/scientific concepts may be independently restated where lawful; this does not authorize copying protected expression, tables, algorithms, figures or branded forms."
SRC-SBPT-GUIDELINES,Sociedade Brasileira de Pneumologia e Tisiologia,Consensos e Diretrizes da SBPT,current,https://sbpt.org.br/portal/consensos-e-diretrizes-da-sbpt/,,professional_guidance,P2,ATOMIZED_EVIDENCE,53,ORANGE,RIGHTS_UNCLEAR_PROFESSIONAL_GUIDELINES,No blanket open reuse licence verified,Sociedade Brasileira de Pneumologia e Tisiologia / authors/publishers,INTERNAL_REFERENCE_ONLY,NOT_VERIFIED; QUARANTINE,HUMAN READ; INDEPENDENT FACTUAL SYNTHESIS WITH CITATION,LIMITED WITH CITATION,PERMISSION REVIEW REQUIRED,DO NOT REUSE WITHOUT ITEM LICENCE,LINK ONLY UNLESS ARTICLE LICENCE ALLOWS,CITATION/FACTUAL SYNTHESIS; CHECK EACH ARTICLE,PERMISSION REVIEW REQUIRED,SBPT MARKS NOT LICENSED,ITEM_LEVEL_LICENSE_REQUIRED_BEFORE_AI_USE,LOW_MEDIUM,SBPT portal aggregates guidelines from different publications; licence must be checked per guideline/article rather than inferred from the portal.,https://sbpt.org.br/portal/consensos-e-diretrizes-da-sbpt/,2026-10-03,"Facts/scientific concepts may be independently restated where lawful; this does not authorize copying protected expression, tables, algorithms, figures or branded forms."
SRC-SEPSIS3-2016,Sepsis-3 Task Force,The Third International Consensus Definitions for Sepsis and Septic Shock (Sepsis-3),2016,https://pubmed.ncbi.nlm.nih.gov/26903338/,10.1001/jama.2016.0287,consensus_primary,P2,ATOMIZED_EVIDENCE,447,ORANGE,AUTHOR_MANUSCRIPT_NOT_OPEN_LICENSED,PMC author manuscript; no CC licence identified,Authors / JAMA / AMA as applicable,INTERNAL_REFERENCE_COPY_ONLY,NOT_EXPRESSLY_GRANTED; QUARANTINE,HUMAN READ AND INDEPENDENT FACTUAL SYNTHESIS WITH CITATION,LIMITED WITH CITATION,PERMISSION REQUIRED FOR PROTECTED EXPRESSION,PERMISSION REQUIRED/ITEM CHECK,DO NOT ASSUME PMC DEPOSIT GRANTS REDISTRIBUTION,CITATION/INDEPENDENT SYNTHESIS,PERMISSION REQUIRED FOR DIRECT REUSE,NO JAMA/AMA MARK REUSE,QUARANTINE_AI; USE DEFINITIONS AS FACTUAL CONCEPTS WITH CITATION AFTER HUMAN REVIEW,MEDIUM_HIGH,PMC author manuscript is available but no Creative Commons reuse licence is shown.,https://pmc.ncbi.nlm.nih.gov/articles/PMC4968574/,2026-10-03,"Existing corpus contains 447 evidence atoms from this source; downstream generative use must be blocked until permission/substitution. Facts/scientific concepts may be independently restated where lawful; this does not authorize copying protected expression, tables, algorithms, figures or branded forms."
SRC-SQUIRE2,SQUIRE,SQUIRE 2.0 — Standards for Quality Improvement Reporting Excellence,2015–2016,https://pubmed.ncbi.nlm.nih.gov/26369893/,10.1136/bmjqs-2015-004411,reporting_guideline,P2,ATOMIZED_EVIDENCE,196,YELLOW,OPEN_NONCOMMERCIAL,CC BY-NC 4.0,Authors / BMJ,ALLOWED_NONCOMMERCIAL,ALLOWED_NONCOMMERCIAL_ONLY,ALLOWED_WITH_CITATION,ALLOWED_WITH_ATTRIBUTION_NONCOMMERCIAL,ALLOWED_NONCOMMERCIAL_WITH_ATTRIBUTION,ALLOWED_NONCOMMERCIAL_IF_NO_SEPARATE_CREDIT,ALLOWED_NONCOMMERCIAL,DIRECT_REUSE_NONCOMMERCIAL_ONLY,NOT_ALLOWED_WITHOUT_PERMISSION,DO_NOT_USE_BMJ/SQUIRE_LOGOS_AS_ENDORSEMENT,NONCOMMERCIAL_ONLY_OR_USE_INDEPENDENT_FACTUAL_SUMMARY,HIGH,SQUIRE 2.0 article explicitly CC BY-NC 4.0.,https://qualitysafety.bmj.com/content/25/12/986 | https://creativecommons.org/licenses/by-nc/4.0/,2026-10-03,"Facts/scientific concepts may be independently restated where lawful; this does not authorize copying protected expression, tables, algorithms, figures or branded forms."
SRC-SSC-2026,Surviving Sepsis Campaign / SCCM,International Guidelines for Management of Sepsis and Septic Shock 2026,2026,https://sccm.org/survivingsepsiscampaign/guidelines-and-resources/surviving-sepsis-campaign-adult-guidelines,10.1097/CCM.0000000000007075,clinical_guideline,P0,ATOMIZED_EVIDENCE,212,RED,ALL_RIGHTS_RESERVED_GUIDELINE,Surviving Sepsis Campaign / SCCM-ESICM all rights reserved,Society of Critical Care Medicine / ESICM / publisher,INTERNAL_REFERENCE_COPY_ONLY_IF_LAWFULLY_ACCESSED,NOT_GRANTED; QUARANTINE/PERMISSION REQUIRED,HUMAN READ AND INDEPENDENT FACTUAL SYNTHESIS WITH CITATION; PREFER OPEN PRIMARY EVIDENCE FOR PIPELINE,LIMITED WITH CITATION,PERMISSION REQUIRED,PERMISSION REQUIRED,NOT ALLOWED WITHOUT PERMISSION,LINK/CITATION ONLY; NO SSC GRAPHICS/TABLES,PERMISSION REQUIRED,SSC/SCCM/ESICM MARKS NOT LICENSED,QUARANTINE_AI_PENDING_PERMISSION_OR_OPEN_EVIDENCE_SUBSTITUTION,HIGH,SSC site and guideline publication assert all rights reserved; no open licence identified for 2026 guidelines.,https://www.sccm.org/survivingsepsiscampaign/guidelines-and-resources/surviving-sepsis-campaign-adult-guidelines | https://www.sccm.org/survivingsepsiscampaign/contact,2026-10-03,"Existing corpus contains 212 evidence atoms from this source; downstream generative use must be blocked until permission/substitution. Facts/scientific concepts may be independently restated where lawful; this does not authorize copying protected expression, tables, algorithms, figures or branded forms."
SRC-SSC-PED-2026,Surviving Sepsis Campaign / SCCM,International Guidelines for Management of Sepsis and Septic Shock in Children 2026,2026,https://sccm.org/survivingsepsiscampaign/guidelines-and-resources/surviving-sepsis-campaign-pediatric-guidelines,10.1097/PCC.0000000000003927,clinical_guideline,P0,ATOMIZED_EVIDENCE,131,RED,ALL_RIGHTS_RESERVED_GUIDELINE,Surviving Sepsis Campaign / SCCM-ESICM all rights reserved,Society of Critical Care Medicine / ESICM / publisher,INTERNAL_REFERENCE_COPY_ONLY_IF_LAWFULLY_ACCESSED,NOT_GRANTED; QUARANTINE/PERMISSION REQUIRED,HUMAN READ AND INDEPENDENT FACTUAL SYNTHESIS WITH CITATION; PREFER OPEN PRIMARY EVIDENCE FOR PIPELINE,LIMITED WITH CITATION,PERMISSION REQUIRED,PERMISSION REQUIRED,NOT ALLOWED WITHOUT PERMISSION,LINK/CITATION ONLY; NO SSC GRAPHICS/TABLES,PERMISSION REQUIRED,SSC/SCCM/ESICM MARKS NOT LICENSED,QUARANTINE_AI_PENDING_PERMISSION_OR_OPEN_EVIDENCE_SUBSTITUTION,HIGH,SSC site and guideline publication assert all rights reserved; no open licence identified for 2026 guidelines.,https://www.sccm.org/survivingsepsiscampaign/guidelines-and-resources/surviving-sepsis-campaign-adult-guidelines | https://www.sccm.org/survivingsepsiscampaign/contact,2026-10-03,"Existing corpus contains 131 evidence atoms from this source; downstream generative use must be blocked until permission/substitution. Facts/scientific concepts may be independently restated where lawful; this does not authorize copying protected expression, tables, algorithms, figures or branded forms."
SRC-TCCC-2026,Joint Trauma System / CoTCCC,Tactical Combat Casualty Care Guidelines — current,2026,https://jts.health.mil/index.cfm/committees/cotccc/guidelines,,clinical_guideline,P0,ATOMIZED_METADATA_ONLY,0,GREEN_CONDITIONAL,US_GOVERNMENT_PUBLIC_DOMAIN_WITH_CAVEATS,US military work product / public-domain claim; third-party and non-US caveats,US Government / Joint Trauma System; third-party items may differ,ALLOWED,ALLOWED_FOR_US_GOVERNMENT_TEXT; CHECK_EACH_ASSET,ALLOWED_WITH_CITATION,ALLOWED_FOR_PUBLIC_DOMAIN_TEXT,ALLOWED_FOR_PUBLIC_DOMAIN_TEXT; CLEARLY_LABEL_NONOFFICIAL_TRANSLATION,CHECK_EACH_ASSET_FOR_THIRD_PARTY_CREDITS,ALLOWED_FOR_CONFIRMED_PUBLIC_DOMAIN_ITEMS,ALLOWED_WITH_SOURCE_AND_NO_ENDORSEMENT,ALLOWED_FOR_PUBLIC_DOMAIN_ELEMENTS; THIRD_PARTY_CAVEAT,DO_NOT_USE_DOD/JTS_SEALS_OR_MARKS_TO_IMPLY_ENDORSEMENT,ACTIVE_WITH_ASSET_RIGHTS_GUARD,MEDIUM,JTS meeting material describes TCCC as a US military work product that should be in the public domain. Confirm each current 2026 file and embedded asset separately.,https://jts.health.mil/index.cfm/committees/cotccc/guidelines | https://jts.health.mil/assets/docs/cotccc/CoTCCC-Meeting-Minutes-1609-Final.pdf,2026-10-03,
SRC-WHO-INTRAPARTUM-2018,World Health Organization,WHO recommendations: intrapartum care for a positive childbirth experience,2018; current consolidated guidance,https://www.who.int/publications/i/item/9789241550215,,clinical_guideline,P0,ATOMIZED_EVIDENCE,42,YELLOW,WHO_OPEN_NONCOMMERCIAL_SHAREALIKE,CC BY-NC-SA 3.0 IGO,World Health Organization; third-party credited material excluded,ALLOWED_NONCOMMERCIAL,ALLOWED_NONCOMMERCIAL_ONLY; THIRD_PARTY_ASSETS_EXCLUDED,ALLOWED_WITH_CITATION,ALLOWED_WITH_ATTRIBUTION,ALLOWED_NONCOMMERCIAL_WITH_REQUIRED_DISCLAIMER_AND_SAME/SIMILAR_LICENSE,CHECK_THIRD_PARTY_CREDITS; WHO-OWNED MATERIAL UNDER_LICENSE,ALLOWED_NONCOMMERCIAL_WITH_ATTRIBUTION/LICENSE,DIRECT_LICENSED_REUSE_NONCOMMERCIAL_ONLY,WHO_PERMISSION_REQUIRED,WHO_LOGO_REQUIRES_WRITTEN_AUTHORIZATION,NONCOMMERCIAL_ONLY_OR_REQUEST_PERMISSION_FOR_COMMERCIAL_PIPELINE,HIGH,"WHO publications since 12 Nov 2016 are generally CC BY-NC-SA 3.0 IGO; commercial use requires permission, and third-party content may need separate permission.",https://www.who.int/about/policies/publishing/copyright | https://www.who.int/about/policies/publishing/open-access,2026-10-03,"Facts/scientific concepts may be independently restated where lawful; this does not authorize copying protected expression, tables, algorithms, figures or branded forms."
SRC-WHO-MWH-2024,World Health Organization,Medication Without Harm — policy brief e iniciativa,2024,https://www.who.int/publications/i/item/9789240062764,,official_guideline,P0,ATOMIZED_EVIDENCE,6,YELLOW,WHO_OPEN_NONCOMMERCIAL_SHAREALIKE,CC BY-NC-SA 3.0 IGO,World Health Organization; third-party credited material excluded,ALLOWED_NONCOMMERCIAL,ALLOWED_NONCOMMERCIAL_ONLY; THIRD_PARTY_ASSETS_EXCLUDED,ALLOWED_WITH_CITATION,ALLOWED_WITH_ATTRIBUTION,ALLOWED_NONCOMMERCIAL_WITH_REQUIRED_DISCLAIMER_AND_SAME/SIMILAR_LICENSE,CHECK_THIRD_PARTY_CREDITS; WHO-OWNED MATERIAL UNDER_LICENSE,ALLOWED_NONCOMMERCIAL_WITH_ATTRIBUTION/LICENSE,DIRECT_LICENSED_REUSE_NONCOMMERCIAL_ONLY,WHO_PERMISSION_REQUIRED,WHO_LOGO_REQUIRES_WRITTEN_AUTHORIZATION,NONCOMMERCIAL_ONLY_OR_REQUEST_PERMISSION_FOR_COMMERCIAL_PIPELINE,HIGH,"WHO publications since 12 Nov 2016 are generally CC BY-NC-SA 3.0 IGO; commercial use requires permission, and third-party content may need separate permission.",https://www.who.int/about/policies/publishing/copyright | https://www.who.int/about/policies/publishing/open-access,2026-10-03,"Facts/scientific concepts may be independently restated where lawful; this does not authorize copying protected expression, tables, algorithms, figures or branded forms."
SRC-WHO-PPH-2025,World Health Organization / FIGO / ICM,"Consolidated guidelines for the prevention, diagnosis and treatment of postpartum haemorrhage",2025,https://www.who.int/publications/i/item/9789240115637,,clinical_guideline,P0,ATOMIZED_EVIDENCE,9,YELLOW,WHO_OPEN_NONCOMMERCIAL_SHAREALIKE,CC BY-NC-SA 3.0 IGO,World Health Organization; third-party credited material excluded,ALLOWED_NONCOMMERCIAL,ALLOWED_NONCOMMERCIAL_ONLY; THIRD_PARTY_ASSETS_EXCLUDED,ALLOWED_WITH_CITATION,ALLOWED_WITH_ATTRIBUTION,ALLOWED_NONCOMMERCIAL_WITH_REQUIRED_DISCLAIMER_AND_SAME/SIMILAR_LICENSE,CHECK_THIRD_PARTY_CREDITS; WHO-OWNED MATERIAL UNDER_LICENSE,ALLOWED_NONCOMMERCIAL_WITH_ATTRIBUTION/LICENSE,DIRECT_LICENSED_REUSE_NONCOMMERCIAL_ONLY,WHO_PERMISSION_REQUIRED,WHO_LOGO_REQUIRES_WRITTEN_AUTHORIZATION,NONCOMMERCIAL_ONLY_OR_REQUEST_PERMISSION_FOR_COMMERCIAL_PIPELINE,HIGH,"WHO publications since 12 Nov 2016 are generally CC BY-NC-SA 3.0 IGO; commercial use requires permission, and third-party content may need separate permission.",https://www.who.int/about/policies/publishing/copyright | https://www.who.int/about/policies/publishing/open-access,2026-10-03,"Facts/scientific concepts may be independently restated where lawful; this does not authorize copying protected expression, tables, algorithms, figures or branded forms."
SRC-WHO-PPH-IMPL-2026,World Health Organization,Implementation guide — consolidated postpartum haemorrhage guidelines,2026,https://www.who.int/publications/i/item/9789240116115,,implementation_guidance,P1,ATOMIZED_EVIDENCE,22,YELLOW,WHO_OPEN_NONCOMMERCIAL_SHAREALIKE,CC BY-NC-SA 3.0 IGO,World Health Organization; third-party credited material excluded,ALLOWED_NONCOMMERCIAL,ALLOWED_NONCOMMERCIAL_ONLY; THIRD_PARTY_ASSETS_EXCLUDED,ALLOWED_WITH_CITATION,ALLOWED_WITH_ATTRIBUTION,ALLOWED_NONCOMMERCIAL_WITH_REQUIRED_DISCLAIMER_AND_SAME/SIMILAR_LICENSE,CHECK_THIRD_PARTY_CREDITS; WHO-OWNED MATERIAL UNDER_LICENSE,ALLOWED_NONCOMMERCIAL_WITH_ATTRIBUTION/LICENSE,DIRECT_LICENSED_REUSE_NONCOMMERCIAL_ONLY,WHO_PERMISSION_REQUIRED,WHO_LOGO_REQUIRES_WRITTEN_AUTHORIZATION,NONCOMMERCIAL_ONLY_OR_REQUEST_PERMISSION_FOR_COMMERCIAL_PIPELINE,HIGH,"WHO publications since 12 Nov 2016 are generally CC BY-NC-SA 3.0 IGO; commercial use requires permission, and third-party content may need separate permission.",https://www.who.int/about/policies/publishing/copyright | https://www.who.int/about/policies/publishing/open-access,2026-10-03,"Facts/scientific concepts may be independently restated where lawful; this does not authorize copying protected expression, tables, algorithms, figures or branded forms."
SRC-WHO-SUICIDE-2026,World Health Organization,Suicide — Questions and answers / LIVE LIFE resources,2026,https://www.who.int/news-room/questions-and-answers/item/suicide,,official_guidance,P1,ATOMIZED_EVIDENCE,68,ORANGE,WHO_WEB_CONTENT_NOT_CONFIRMED_PUBLICATION_LICENSE,WHO website content — specific CC publication licence not established for Q&A page,World Health Organization,INTERNAL_REFERENCE_COPY_ONLY,REVIEW_REQUIRED; DO_NOT_ASSUME PUBLICATION CC LICENSE,HUMAN READ AND INDEPENDENT FACTUAL SYNTHESIS WITH CITATION,LIMITED WITH CITATION,PERMISSION/WEB TERMS REVIEW REQUIRED,PERMISSION REQUIRED UNLESS SEPARATE LICENCE,LINK ONLY,CITATION/LINK; NO PAGE REPRINT,PERMISSION REVIEW REQUIRED,WHO LOGO REQUIRES WRITTEN AUTHORIZATION,HUMAN_REFERENCE_ONLY; USE WHO LICENSED PUBLICATIONS WHERE AVAILABLE,MEDIUM,"WHO open-access policy clearly covers WHO publications; this source is a news-room Q&A page, so do not automatically apply publication CC terms.",https://www.who.int/news-room/questions-and-answers/item/suicide | https://www.who.int/about/policies/publishing/copyright,2026-10-03,"Facts/scientific concepts may be independently restated where lawful; this does not authorize copying protected expression, tables, algorithms, figures or branded forms."
