id,slug,title,intent,page_type,domain_code,module_id,audiences,status,render_status,html_path,pdf_path,source_ids
PAGE-00001,trabalho-saude-e-processo-saude-doenca,"Trabalho, saúde e processo saúde-doença",explicacao_fundamental,topic,OH01,MOD-0001,"[""T"", ""G"", ""P""]",candidate,not_rendered_v0.1.0,,,"[""SRC-MS-ST"", ""SRC-MS-PNSTT"", ""SRC-MS-RENAST"", ""SRC-WHO-OH""]"
PAGE-00002,medicina-do-trabalho-saude-ocupacional-e-saude-do-trabalhador,"Medicina do trabalho, saúde ocupacional e saúde do trabalhador",explicacao_fundamental,topic,OH01,MOD-0001,"[""T"", ""G"", ""P""]",candidate,not_rendered_v0.1.0,,,"[""SRC-MS-ST"", ""SRC-MS-PNSTT"", ""SRC-MS-RENAST"", ""SRC-WHO-OH""]"
PAGE-00003,determinantes-sociais-da-saude-do-trabalhador,Determinantes sociais da saúde do trabalhador,explicacao_fundamental,topic,OH01,MOD-0001,"[""T"", ""G"", ""P""]",candidate,not_rendered_v0.1.0,,,"[""SRC-MS-ST"", ""SRC-MS-PNSTT"", ""SRC-MS-RENAST"", ""SRC-WHO-OH""]"
PAGE-00004,processos-produtivos-e-modos-de-adoecimento,Processos produtivos e modos de adoecimento,explicacao_fundamental,topic,OH01,MOD-0001,"[""T"", ""G"", ""P""]",candidate,not_rendered_v0.1.0,,,"[""SRC-MS-ST"", ""SRC-MS-PNSTT"", ""SRC-MS-RENAST"", ""SRC-WHO-OH""]"
PAGE-00005,trabalho-formal-informal-autonomo-e-por-plataformas,"Trabalho formal, informal, autônomo e por plataformas",explicacao_fundamental,topic,OH01,MOD-0001,"[""T"", ""G"", ""P""]",candidate,not_rendered_v0.1.0,,,"[""SRC-MS-ST"", ""SRC-MS-PNSTT"", ""SRC-MS-RENAST"", ""SRC-WHO-OH""]"
PAGE-00006,territorio-trabalho-e-saude,"Território, trabalho e saúde",explicacao_fundamental,topic,OH01,MOD-0001,"[""T"", ""G"", ""P""]",candidate,not_rendered_v0.1.0,,,"[""SRC-MS-ST"", ""SRC-MS-PNSTT"", ""SRC-MS-RENAST"", ""SRC-WHO-OH""]"
PAGE-00007,promocao-prevencao-protecao-recuperacao-e-reabilitacao,"Promoção, prevenção, proteção, recuperação e reabilitação",explicacao_fundamental,topic,OH01,MOD-0001,"[""T"", ""G"", ""P""]",candidate,not_rendered_v0.1.0,,,"[""SRC-MS-ST"", ""SRC-MS-PNSTT"", ""SRC-MS-RENAST"", ""SRC-WHO-OH""]"
PAGE-00008,interdisciplinaridade-em-saude-do-trabalhador,Interdisciplinaridade em saúde do trabalhador,explicacao_fundamental,topic,OH01,MOD-0001,"[""T"", ""G"", ""P""]",candidate,not_rendered_v0.1.0,,,"[""SRC-MS-ST"", ""SRC-MS-PNSTT"", ""SRC-MS-RENAST"", ""SRC-WHO-OH""]"
PAGE-00009,revolucao-industrial-e-saude-do-trabalhador,Revolução Industrial e saúde do trabalhador,explicacao_fundamental,topic,OH01,MOD-0002,"[""T"", ""G"", ""P""]",candidate,not_rendered_v0.1.0,,,"[""SRC-MS-ST"", ""SRC-MS-PNSTT"", ""SRC-MS-RENAST"", ""SRC-WHO-OH""]"
PAGE-00010,evolucao-da-medicina-do-trabalho,Evolução da medicina do trabalho,explicacao_fundamental,topic,OH01,MOD-0002,"[""T"", ""G"", ""P""]",candidate,not_rendered_v0.1.0,,,"[""SRC-MS-ST"", ""SRC-MS-PNSTT"", ""SRC-MS-RENAST"", ""SRC-WHO-OH""]"
PAGE-00011,movimento-de-saude-do-trabalhador-no-brasil,Movimento de saúde do trabalhador no Brasil,explicacao_fundamental,topic,OH01,MOD-0002,"[""T"", ""G"", ""P""]",candidate,not_rendered_v0.1.0,,,"[""SRC-MS-ST"", ""SRC-MS-PNSTT"", ""SRC-MS-RENAST"", ""SRC-WHO-OH""]"
PAGE-00012,reforma-sanitaria-e-incorporacao-ao-sus,Reforma Sanitária e incorporação ao SUS,explicacao_fundamental,topic,OH01,MOD-0002,"[""T"", ""G"", ""P""]",candidate,not_rendered_v0.1.0,,,"[""SRC-MS-ST"", ""SRC-MS-PNSTT"", ""SRC-MS-RENAST"", ""SRC-WHO-OH""]"
PAGE-00013,evolucao-da-legislacao-de-seguranca-e-saude-no-trabalho,Evolução da legislação de segurança e saúde no trabalho,explicacao_fundamental,topic,OH01,MOD-0002,"[""T"", ""G"", ""P""]",candidate,not_rendered_v0.1.0,,,"[""SRC-MS-ST"", ""SRC-MS-PNSTT"", ""SRC-MS-RENAST"", ""SRC-WHO-OH""]"
PAGE-00014,transformacoes-contemporaneas-do-trabalho,Transformações contemporâneas do trabalho,explicacao_fundamental,topic,OH01,MOD-0002,"[""T"", ""G"", ""P""]",candidate,not_rendered_v0.1.0,,,"[""SRC-MS-ST"", ""SRC-MS-PNSTT"", ""SRC-MS-RENAST"", ""SRC-WHO-OH""]"
PAGE-00015,principios-e-diretrizes-do-sus-aplicados-a-saude-do-trabalhador,Princípios e diretrizes do SUS aplicados à saúde do trabalhador,explicacao_fundamental,topic,OH01,MOD-0003,"[""T"", ""G"", ""P""]",candidate,not_rendered_v0.1.0,,,"[""SRC-MS-ST"", ""SRC-MS-PNSTT"", ""SRC-MS-RENAST"", ""SRC-WHO-OH""]"
PAGE-00016,politica-nacional-de-saude-do-trabalhador-e-da-trabalhadora,Política Nacional de Saúde do Trabalhador e da Trabalhadora,explicacao_fundamental,topic,OH01,MOD-0003,"[""T"", ""G"", ""P""]",candidate,not_rendered_v0.1.0,,,"[""SRC-MS-ST"", ""SRC-MS-PNSTT"", ""SRC-MS-RENAST"", ""SRC-WHO-OH""]"
PAGE-00017,rede-nacional-de-atencao-integral-a-saude-do-trabalhador,Rede Nacional de Atenção Integral à Saúde do Trabalhador,explicacao_fundamental,topic,OH01,MOD-0003,"[""T"", ""G"", ""P""]",candidate,not_rendered_v0.1.0,,,"[""SRC-MS-ST"", ""SRC-MS-PNSTT"", ""SRC-MS-RENAST"", ""SRC-WHO-OH""]"
PAGE-00018,centro-de-referencia-em-saude-do-trabalhador,Centro de Referência em Saúde do Trabalhador,explicacao_fundamental,topic,OH01,MOD-0003,"[""T"", ""G"", ""P""]",candidate,not_rendered_v0.1.0,,,"[""SRC-MS-ST"", ""SRC-MS-PNSTT"", ""SRC-MS-RENAST"", ""SRC-WHO-OH""]"
PAGE-00019,comissao-intersetorial-de-saude-do-trabalhador-e-da-trabalhadora,Comissão Intersetorial de Saúde do Trabalhador e da Trabalhadora,explicacao_fundamental,topic,OH01,MOD-0003,"[""T"", ""G"", ""P""]",candidate,not_rendered_v0.1.0,,,"[""SRC-MS-ST"", ""SRC-MS-PNSTT"", ""SRC-MS-RENAST"", ""SRC-WHO-OH""]"
PAGE-00020,integracao-da-saude-do-trabalhador-a-rede-de-atencao-a-saude,Integração da Saúde do Trabalhador à Rede de Atenção à Saúde,explicacao_fundamental,topic,OH01,MOD-0003,"[""T"", ""G"", ""P""]",candidate,not_rendered_v0.1.0,,,"[""SRC-MS-ST"", ""SRC-MS-PNSTT"", ""SRC-MS-RENAST"", ""SRC-WHO-OH""]"
PAGE-00021,controle-social-em-saude-do-trabalhador,Controle social em saúde do trabalhador,explicacao_fundamental,topic,OH01,MOD-0003,"[""T"", ""G"", ""P""]",candidate,not_rendered_v0.1.0,,,"[""SRC-MS-ST"", ""SRC-MS-PNSTT"", ""SRC-MS-RENAST"", ""SRC-WHO-OH""]"
PAGE-00022,metabolismo-energetico-no-trabalho,Metabolismo energético no trabalho,explicacao_fundamental,topic,OH02,MOD-0004,"[""T"", ""G"", ""P""]",candidate,not_rendered_v0.1.0,,,"[""SRC-WHO-OH"", ""SRC-NIOSH-TWH""]"
PAGE-00023,atp-e-producao-de-energia-muscular,ATP e produção de energia muscular,explicacao_fundamental,topic,OH02,MOD-0004,"[""T"", ""G"", ""P""]",candidate,not_rendered_v0.1.0,,,"[""SRC-WHO-OH"", ""SRC-NIOSH-TWH""]"
PAGE-00024,metabolismo-aerobio-e-anaerobio,Metabolismo aeróbio e anaeróbio,explicacao_fundamental,topic,OH02,MOD-0004,"[""T"", ""G"", ""P""]",candidate,not_rendered_v0.1.0,,,"[""SRC-WHO-OH"", ""SRC-NIOSH-TWH""]"
PAGE-00025,consumo-de-oxigenio-durante-o-esforco,Consumo de oxigênio durante o esforço,explicacao_fundamental,topic,OH02,MOD-0004,"[""T"", ""G"", ""P""]",candidate,not_rendered_v0.1.0,,,"[""SRC-WHO-OH"", ""SRC-NIOSH-TWH""]"
PAGE-00026,capacidade-aerobia-e-demanda-fisica,Capacidade aeróbia e demanda física,explicacao_fundamental,topic,OH02,MOD-0004,"[""T"", ""G"", ""P""]",candidate,not_rendered_v0.1.0,,,"[""SRC-WHO-OH"", ""SRC-NIOSH-TWH""]"
PAGE-00027,fadiga-muscular-periferica,Fadiga muscular periférica,explicacao_fundamental,topic,OH02,MOD-0004,"[""T"", ""G"", ""P""]",candidate,not_rendered_v0.1.0,,,"[""SRC-WHO-OH"", ""SRC-NIOSH-TWH""]"
PAGE-00028,fadiga-central,Fadiga central,explicacao_fundamental,topic,OH02,MOD-0004,"[""T"", ""G"", ""P""]",candidate,not_rendered_v0.1.0,,,"[""SRC-WHO-OH"", ""SRC-NIOSH-TWH""]"
PAGE-00029,recuperacao-apos-esforco,Recuperação após esforço,explicacao_fundamental,topic,OH02,MOD-0004,"[""T"", ""G"", ""P""]",candidate,not_rendered_v0.1.0,,,"[""SRC-WHO-OH"", ""SRC-NIOSH-TWH""]"
PAGE-00030,resposta-da-frequencia-cardiaca-ao-esforco,Resposta da frequência cardíaca ao esforço,explicacao_fundamental,topic,OH02,MOD-0005,"[""T"", ""G"", ""P""]",candidate,not_rendered_v0.1.0,,,"[""SRC-WHO-OH"", ""SRC-NIOSH-TWH""]"
PAGE-00031,debito-cardiaco-no-trabalho-fisico,Débito cardíaco no trabalho físico,explicacao_fundamental,topic,OH02,MOD-0005,"[""T"", ""G"", ""P""]",candidate,not_rendered_v0.1.0,,,"[""SRC-WHO-OH"", ""SRC-NIOSH-TWH""]"
PAGE-00032,pressao-arterial-e-esforco-ocupacional,Pressão arterial e esforço ocupacional,explicacao_fundamental,topic,OH02,MOD-0005,"[""T"", ""G"", ""P""]",candidate,not_rendered_v0.1.0,,,"[""SRC-WHO-OH"", ""SRC-NIOSH-TWH""]"
PAGE-00033,redistribuicao-do-fluxo-sanguineo,Redistribuição do fluxo sanguíneo,explicacao_fundamental,topic,OH02,MOD-0005,"[""T"", ""G"", ""P""]",candidate,not_rendered_v0.1.0,,,"[""SRC-WHO-OH"", ""SRC-NIOSH-TWH""]"
PAGE-00034,carga-cardiovascular-no-trabalho,Carga cardiovascular no trabalho,explicacao_fundamental,topic,OH02,MOD-0005,"[""T"", ""G"", ""P""]",candidate,not_rendered_v0.1.0,,,"[""SRC-WHO-OH"", ""SRC-NIOSH-TWH""]"
PAGE-00035,sinais-de-intolerancia-ao-esforco,Sinais de intolerância ao esforço,explicacao_fundamental,topic,OH02,MOD-0005,"[""T"", ""G"", ""P""]",candidate,not_rendered_v0.1.0,,,"[""SRC-WHO-OH"", ""SRC-NIOSH-TWH""]"
PAGE-00036,producao-metabolica-de-calor,Produção metabólica de calor,explicacao_fundamental,topic,OH02,MOD-0006,"[""T"", ""G"", ""P""]",candidate,not_rendered_v0.1.0,,,"[""SRC-WHO-OH"", ""SRC-NIOSH-TWH""]"
PAGE-00037,mecanismos-de-dissipacao-de-calor,Mecanismos de dissipação de calor,explicacao_fundamental,topic,OH02,MOD-0006,"[""T"", ""G"", ""P""]",candidate,not_rendered_v0.1.0,,,"[""SRC-WHO-OH"", ""SRC-NIOSH-TWH""]"
PAGE-00038,sudorese-e-equilibrio-hidrico,Sudorese e equilíbrio hídrico,explicacao_fundamental,topic,OH02,MOD-0006,"[""T"", ""G"", ""P""]",candidate,not_rendered_v0.1.0,,,"[""SRC-WHO-OH"", ""SRC-NIOSH-TWH""]"
PAGE-00039,aclimatacao-ao-calor,Aclimatação ao calor,explicacao_fundamental,topic,OH02,MOD-0006,"[""T"", ""G"", ""P""]",candidate,not_rendered_v0.1.0,,,"[""SRC-WHO-OH"", ""SRC-NIOSH-TWH""]"
PAGE-00040,desidratacao-ocupacional,Desidratação ocupacional,explicacao_fundamental,topic,OH02,MOD-0006,"[""T"", ""G"", ""P""]",candidate,not_rendered_v0.1.0,,,"[""SRC-WHO-OH"", ""SRC-NIOSH-TWH""]"
PAGE-00041,estresse-termico-por-calor,Estresse térmico por calor,explicacao_fundamental,topic,OH02,MOD-0006,"[""T"", ""G"", ""P""]",candidate,not_rendered_v0.1.0,,,"[""SRC-WHO-OH"", ""SRC-NIOSH-TWH""]"
PAGE-00042,estresse-termico-por-frio,Estresse térmico por frio,explicacao_fundamental,topic,OH02,MOD-0006,"[""T"", ""G"", ""P""]",candidate,not_rendered_v0.1.0,,,"[""SRC-WHO-OH"", ""SRC-NIOSH-TWH""]"
PAGE-00043,vestimentas-e-carga-termica,Vestimentas e carga térmica,explicacao_fundamental,topic,OH02,MOD-0006,"[""T"", ""G"", ""P""]",candidate,not_rendered_v0.1.0,,,"[""SRC-WHO-OH"", ""SRC-NIOSH-TWH""]"
PAGE-00044,ritmo-circadiano,Ritmo circadiano,explicacao_fundamental,topic,OH02,MOD-0007,"[""T"", ""G"", ""P""]",candidate,not_rendered_v0.1.0,,,"[""SRC-WHO-OH"", ""SRC-NIOSH-TWH""]"
PAGE-00045,trabalho-noturno,Trabalho noturno,explicacao_fundamental,topic,OH02,MOD-0007,"[""T"", ""G"", ""P""]",candidate,not_rendered_v0.1.0,,,"[""SRC-WHO-OH"", ""SRC-NIOSH-TWH""]"
PAGE-00046,trabalho-em-turnos,Trabalho em turnos,explicacao_fundamental,topic,OH02,MOD-0007,"[""T"", ""G"", ""P""]",candidate,not_rendered_v0.1.0,,,"[""SRC-WHO-OH"", ""SRC-NIOSH-TWH""]"
PAGE-00047,privacao-de-sono,Privação de sono,explicacao_fundamental,topic,OH02,MOD-0007,"[""T"", ""G"", ""P""]",candidate,not_rendered_v0.1.0,,,"[""SRC-WHO-OH"", ""SRC-NIOSH-TWH""]"
PAGE-00048,sonolencia-e-desempenho,Sonolência e desempenho,explicacao_fundamental,topic,OH02,MOD-0007,"[""T"", ""G"", ""P""]",candidate,not_rendered_v0.1.0,,,"[""SRC-WHO-OH"", ""SRC-NIOSH-TWH""]"
PAGE-00049,fadiga-relacionada-ao-trabalho,Fadiga relacionada ao trabalho,explicacao_fundamental,topic,OH02,MOD-0007,"[""T"", ""G"", ""P""]",candidate,not_rendered_v0.1.0,,,"[""SRC-WHO-OH"", ""SRC-NIOSH-TWH""]"
PAGE-00050,recuperacao-entre-jornadas,Recuperação entre jornadas,explicacao_fundamental,topic,OH02,MOD-0007,"[""T"", ""G"", ""P""]",candidate,not_rendered_v0.1.0,,,"[""SRC-WHO-OH"", ""SRC-NIOSH-TWH""]"
PAGE-00051,jet-lag-social-e-trabalho,Jet lag social e trabalho,explicacao_fundamental,topic,OH02,MOD-0007,"[""T"", ""G"", ""P""]",candidate,not_rendered_v0.1.0,,,"[""SRC-WHO-OH"", ""SRC-NIOSH-TWH""]"
PAGE-00052,capacidade-para-o-trabalho-oh02,Capacidade para o trabalho,explicacao_fundamental,topic,OH02,MOD-0008,"[""G"", ""P""]",candidate,not_rendered_v0.1.0,,,"[""SRC-WHO-OH"", ""SRC-NIOSH-TWH""]"
PAGE-00053,envelhecimento-e-capacidade-funcional,Envelhecimento e capacidade funcional,explicacao_fundamental,topic,OH02,MOD-0008,"[""G"", ""P""]",candidate,not_rendered_v0.1.0,,,"[""SRC-WHO-OH"", ""SRC-NIOSH-TWH""]"
PAGE-00054,demandas-fisicas-e-funcionais-do-trabalho,Demandas físicas e funcionais do trabalho,explicacao_fundamental,topic,OH02,MOD-0008,"[""G"", ""P""]",candidate,not_rendered_v0.1.0,,,"[""SRC-WHO-OH"", ""SRC-NIOSH-TWH""]"
PAGE-00055,aptidao-funcional-e-limitacoes,Aptidão funcional e limitações,explicacao_fundamental,topic,OH02,MOD-0008,"[""G"", ""P""]",candidate,not_rendered_v0.1.0,,,"[""SRC-WHO-OH"", ""SRC-NIOSH-TWH""]"
PAGE-00056,adaptacao-do-trabalho-a-capacidade-funcional,Adaptação do trabalho à capacidade funcional,explicacao_fundamental,topic,OH02,MOD-0008,"[""G"", ""P""]",candidate,not_rendered_v0.1.0,,,"[""SRC-WHO-OH"", ""SRC-NIOSH-TWH""]"
PAGE-00057,divisao-social-e-tecnica-do-trabalho,Divisão social e técnica do trabalho,explicacao_fundamental,topic,OH03,MOD-0009,"[""G"", ""P""]",candidate,not_rendered_v0.1.0,,,"[""SRC-WHO-OH"", ""SRC-ILO-OSH""]"
PAGE-00058,taylorismo-e-fordismo,Taylorismo e fordismo,explicacao_fundamental,topic,OH03,MOD-0009,"[""G"", ""P""]",candidate,not_rendered_v0.1.0,,,"[""SRC-WHO-OH"", ""SRC-ILO-OSH""]"
PAGE-00059,toyotismo-e-producao-enxuta,Toyotismo e produção enxuta,explicacao_fundamental,topic,OH03,MOD-0009,"[""G"", ""P""]",candidate,not_rendered_v0.1.0,,,"[""SRC-WHO-OH"", ""SRC-ILO-OSH""]"
PAGE-00060,terceirizacao-e-trabalho,Terceirização e trabalho,explicacao_fundamental,topic,OH03,MOD-0009,"[""G"", ""P""]",candidate,not_rendered_v0.1.0,,,"[""SRC-WHO-OH"", ""SRC-ILO-OSH""]"
PAGE-00061,precarizacao-do-trabalho,Precarização do trabalho,explicacao_fundamental,topic,OH03,MOD-0009,"[""G"", ""P""]",candidate,not_rendered_v0.1.0,,,"[""SRC-WHO-OH"", ""SRC-ILO-OSH""]"
PAGE-00062,economia-de-plataformas,Economia de plataformas,explicacao_fundamental,topic,OH03,MOD-0009,"[""G"", ""P""]",candidate,not_rendered_v0.1.0,,,"[""SRC-WHO-OH"", ""SRC-ILO-OSH""]"
PAGE-00063,teletrabalho-e-trabalho-hibrido,Teletrabalho e trabalho híbrido,explicacao_fundamental,topic,OH03,MOD-0009,"[""G"", ""P""]",candidate,not_rendered_v0.1.0,,,"[""SRC-WHO-OH"", ""SRC-ILO-OSH""]"
PAGE-00064,trabalho-invisivel-e-cuidado,Trabalho invisível e cuidado,explicacao_fundamental,topic,OH03,MOD-0009,"[""G"", ""P""]",candidate,not_rendered_v0.1.0,,,"[""SRC-WHO-OH"", ""SRC-ILO-OSH""]"
PAGE-00065,genero-e-trabalho,Gênero e trabalho,explicacao_fundamental,topic,OH03,MOD-0010,"[""G"", ""P""]",candidate,not_rendered_v0.1.0,,,"[""SRC-WHO-OH"", ""SRC-ILO-OSH""]"
PAGE-00066,raca-desigualdade-e-trabalho,"Raça, desigualdade e trabalho",explicacao_fundamental,topic,OH03,MOD-0010,"[""G"", ""P""]",candidate,not_rendered_v0.1.0,,,"[""SRC-WHO-OH"", ""SRC-ILO-OSH""]"
PAGE-00067,idade-e-etarismo-no-trabalho,Idade e etarismo no trabalho,explicacao_fundamental,topic,OH03,MOD-0010,"[""G"", ""P""]",candidate,not_rendered_v0.1.0,,,"[""SRC-WHO-OH"", ""SRC-ILO-OSH""]"
PAGE-00068,pessoa-com-deficiencia-e-trabalho,Pessoa com deficiência e trabalho,explicacao_fundamental,topic,OH03,MOD-0010,"[""G"", ""P""]",candidate,not_rendered_v0.1.0,,,"[""SRC-WHO-OH"", ""SRC-ILO-OSH""]"
PAGE-00069,migracao-e-trabalho,Migração e trabalho,explicacao_fundamental,topic,OH03,MOD-0010,"[""G"", ""P""]",candidate,not_rendered_v0.1.0,,,"[""SRC-WHO-OH"", ""SRC-ILO-OSH""]"
PAGE-00070,vulnerabilidade-social-e-trabalho,Vulnerabilidade social e trabalho,explicacao_fundamental,topic,OH03,MOD-0010,"[""G"", ""P""]",candidate,not_rendered_v0.1.0,,,"[""SRC-WHO-OH"", ""SRC-ILO-OSH""]"
PAGE-00071,informalidade-e-protecao-social,Informalidade e proteção social,explicacao_fundamental,topic,OH03,MOD-0010,"[""G"", ""P""]",candidate,not_rendered_v0.1.0,,,"[""SRC-WHO-OH"", ""SRC-ILO-OSH""]"
PAGE-00072,cultura-organizacional-e-saude,Cultura organizacional e saúde,explicacao_fundamental,topic,OH03,MOD-0011,"[""G"", ""P""]",candidate,not_rendered_v0.1.0,,,"[""SRC-WHO-OH"", ""SRC-ILO-OSH""]"
PAGE-00073,clima-de-seguranca,Clima de segurança,explicacao_fundamental,topic,OH03,MOD-0011,"[""G"", ""P""]",candidate,not_rendered_v0.1.0,,,"[""SRC-WHO-OH"", ""SRC-ILO-OSH""]"
PAGE-00074,participacao-dos-trabalhadores,Participação dos trabalhadores,explicacao_fundamental,topic,OH03,MOD-0011,"[""G"", ""P""]",candidate,not_rendered_v0.1.0,,,"[""SRC-WHO-OH"", ""SRC-ILO-OSH""]"
PAGE-00075,comunicacao-organizacional,Comunicação organizacional,explicacao_fundamental,topic,OH03,MOD-0011,"[""G"", ""P""]",candidate,not_rendered_v0.1.0,,,"[""SRC-WHO-OH"", ""SRC-ILO-OSH""]"
PAGE-00076,justica-organizacional,Justiça organizacional,explicacao_fundamental,topic,OH03,MOD-0011,"[""G"", ""P""]",candidate,not_rendered_v0.1.0,,,"[""SRC-WHO-OH"", ""SRC-ILO-OSH""]"
PAGE-00077,confianca-e-seguranca-psicologica,Confiança e segurança psicológica,explicacao_fundamental,topic,OH03,MOD-0011,"[""G"", ""P""]",candidate,not_rendered_v0.1.0,,,"[""SRC-WHO-OH"", ""SRC-ILO-OSH""]"
PAGE-00078,populacao-e-populacao-trabalhadora,População e população trabalhadora,explicacao_fundamental,topic,OH04,MOD-0012,"[""T"", ""G"", ""P""]",candidate,not_rendered_v0.1.0,,,"[""SRC-MS-VISAT"", ""SRC-MS-LDRT"", ""SRC-WHO-OH""]"
PAGE-00079,incidencia-e-prevalencia,Incidência e prevalência,explicacao_fundamental,topic,OH04,MOD-0012,"[""T"", ""G"", ""P""]",candidate,not_rendered_v0.1.0,,,"[""SRC-MS-VISAT"", ""SRC-MS-LDRT"", ""SRC-WHO-OH""]"
PAGE-00080,morbidade-e-mortalidade-ocupacional,Morbidade e mortalidade ocupacional,explicacao_fundamental,topic,OH04,MOD-0012,"[""T"", ""G"", ""P""]",candidate,not_rendered_v0.1.0,,,"[""SRC-MS-VISAT"", ""SRC-MS-LDRT"", ""SRC-WHO-OH""]"
PAGE-00081,risco-taxa-e-razao,"Risco, taxa e razão",explicacao_fundamental,topic,OH04,MOD-0012,"[""T"", ""G"", ""P""]",candidate,not_rendered_v0.1.0,,,"[""SRC-MS-VISAT"", ""SRC-MS-LDRT"", ""SRC-WHO-OH""]"
PAGE-00082,exposicao-e-desfecho,Exposição e desfecho,explicacao_fundamental,topic,OH04,MOD-0012,"[""T"", ""G"", ""P""]",candidate,not_rendered_v0.1.0,,,"[""SRC-MS-VISAT"", ""SRC-MS-LDRT"", ""SRC-WHO-OH""]"
PAGE-00083,tempo-de-latencia,Tempo de latência,explicacao_fundamental,topic,OH04,MOD-0012,"[""T"", ""G"", ""P""]",candidate,not_rendered_v0.1.0,,,"[""SRC-MS-VISAT"", ""SRC-MS-LDRT"", ""SRC-WHO-OH""]"
PAGE-00084,nexo-e-causalidade,Nexo e causalidade,explicacao_fundamental,topic,OH04,MOD-0012,"[""T"", ""G"", ""P""]",candidate,not_rendered_v0.1.0,,,"[""SRC-MS-VISAT"", ""SRC-MS-LDRT"", ""SRC-WHO-OH""]"
PAGE-00085,estudo-transversal-em-saude-ocupacional,Estudo transversal em saúde ocupacional,explicacao_fundamental,topic,OH04,MOD-0013,"[""G"", ""P""]",candidate,not_rendered_v0.1.0,,,"[""SRC-MS-VISAT"", ""SRC-MS-LDRT"", ""SRC-WHO-OH""]"
PAGE-00086,estudo-de-coorte-ocupacional,Estudo de coorte ocupacional,explicacao_fundamental,topic,OH04,MOD-0013,"[""G"", ""P""]",candidate,not_rendered_v0.1.0,,,"[""SRC-MS-VISAT"", ""SRC-MS-LDRT"", ""SRC-WHO-OH""]"
PAGE-00087,estudo-caso-controle-ocupacional,Estudo caso-controle ocupacional,explicacao_fundamental,topic,OH04,MOD-0013,"[""G"", ""P""]",candidate,not_rendered_v0.1.0,,,"[""SRC-MS-VISAT"", ""SRC-MS-LDRT"", ""SRC-WHO-OH""]"
PAGE-00088,estudo-ecologico-e-trabalho,Estudo ecológico e trabalho,explicacao_fundamental,topic,OH04,MOD-0013,"[""G"", ""P""]",candidate,not_rendered_v0.1.0,,,"[""SRC-MS-VISAT"", ""SRC-MS-LDRT"", ""SRC-WHO-OH""]"
PAGE-00089,series-temporais-em-saude-do-trabalhador,Séries temporais em saúde do trabalhador,explicacao_fundamental,topic,OH04,MOD-0013,"[""G"", ""P""]",candidate,not_rendered_v0.1.0,,,"[""SRC-MS-VISAT"", ""SRC-MS-LDRT"", ""SRC-WHO-OH""]"
PAGE-00090,vigilancia-sentinela,Vigilância sentinela,explicacao_fundamental,topic,OH04,MOD-0013,"[""G"", ""P""]",candidate,not_rendered_v0.1.0,,,"[""SRC-MS-VISAT"", ""SRC-MS-LDRT"", ""SRC-WHO-OH""]"
PAGE-00091,vies-de-selecao,Viés de seleção,explicacao_fundamental,topic,OH04,MOD-0014,"[""G"", ""P""]",candidate,not_rendered_v0.1.0,,,"[""SRC-MS-VISAT"", ""SRC-MS-LDRT"", ""SRC-WHO-OH""]"
PAGE-00092,vies-de-informacao,Viés de informação,explicacao_fundamental,topic,OH04,MOD-0014,"[""G"", ""P""]",candidate,not_rendered_v0.1.0,,,"[""SRC-MS-VISAT"", ""SRC-MS-LDRT"", ""SRC-WHO-OH""]"
PAGE-00093,confundimento,Confundimento,explicacao_fundamental,topic,OH04,MOD-0014,"[""G"", ""P""]",candidate,not_rendered_v0.1.0,,,"[""SRC-MS-VISAT"", ""SRC-MS-LDRT"", ""SRC-WHO-OH""]"
PAGE-00094,modificacao-de-efeito,Modificação de efeito,explicacao_fundamental,topic,OH04,MOD-0014,"[""G"", ""P""]",candidate,not_rendered_v0.1.0,,,"[""SRC-MS-VISAT"", ""SRC-MS-LDRT"", ""SRC-WHO-OH""]"
PAGE-00095,efeito-trabalhador-saudavel,Efeito trabalhador saudável,explicacao_fundamental,topic,OH04,MOD-0014,"[""G"", ""P""]",candidate,not_rendered_v0.1.0,,,"[""SRC-MS-VISAT"", ""SRC-MS-LDRT"", ""SRC-WHO-OH""]"
PAGE-00096,causalidade-em-doencas-relacionadas-ao-trabalho,Causalidade em doenças relacionadas ao trabalho,explicacao_fundamental,topic,OH04,MOD-0014,"[""G"", ""P""]",candidate,not_rendered_v0.1.0,,,"[""SRC-MS-VISAT"", ""SRC-MS-LDRT"", ""SRC-WHO-OH""]"
PAGE-00097,triangulacao-de-evidencias,Triangulação de evidências,explicacao_fundamental,topic,OH04,MOD-0014,"[""G"", ""P""]",candidate,not_rendered_v0.1.0,,,"[""SRC-MS-VISAT"", ""SRC-MS-LDRT"", ""SRC-WHO-OH""]"
PAGE-00098,investigacao-de-surtos-ocupacionais,Investigação de surtos ocupacionais,explicacao_fundamental,topic,OH04,MOD-0015,"[""G"", ""P""]",candidate,not_rendered_v0.1.0,,,"[""SRC-MS-VISAT"", ""SRC-MS-LDRT"", ""SRC-WHO-OH""]"
PAGE-00099,clusters-de-doenca-em-trabalhadores,Clusters de doença em trabalhadores,explicacao_fundamental,topic,OH04,MOD-0015,"[""G"", ""P""]",candidate,not_rendered_v0.1.0,,,"[""SRC-MS-VISAT"", ""SRC-MS-LDRT"", ""SRC-WHO-OH""]"
PAGE-00100,epidemiologia-de-acidentes-de-trabalho,Epidemiologia de acidentes de trabalho,explicacao_fundamental,topic,OH04,MOD-0015,"[""G"", ""P""]",candidate,not_rendered_v0.1.0,,,"[""SRC-MS-VISAT"", ""SRC-MS-LDRT"", ""SRC-WHO-OH""]"
PAGE-00101,epidemiologia-do-absenteismo,Epidemiologia do absenteísmo,explicacao_fundamental,topic,OH04,MOD-0015,"[""G"", ""P""]",candidate,not_rendered_v0.1.0,,,"[""SRC-MS-VISAT"", ""SRC-MS-LDRT"", ""SRC-WHO-OH""]"
PAGE-00102,epidemiologia-de-ler-dort,Epidemiologia de LER/DORT,explicacao_fundamental,topic,OH04,MOD-0015,"[""G"", ""P""]",candidate,not_rendered_v0.1.0,,,"[""SRC-MS-VISAT"", ""SRC-MS-LDRT"", ""SRC-WHO-OH""]"
PAGE-00103,epidemiologia-da-perda-auditiva,Epidemiologia da perda auditiva,explicacao_fundamental,topic,OH04,MOD-0015,"[""G"", ""P""]",candidate,not_rendered_v0.1.0,,,"[""SRC-MS-VISAT"", ""SRC-MS-LDRT"", ""SRC-WHO-OH""]"
PAGE-00104,epidemiologia-de-transtornos-mentais-relacionados-ao-trabalho,Epidemiologia de transtornos mentais relacionados ao trabalho,explicacao_fundamental,topic,OH04,MOD-0015,"[""G"", ""P""]",candidate,not_rendered_v0.1.0,,,"[""SRC-MS-VISAT"", ""SRC-MS-LDRT"", ""SRC-WHO-OH""]"
PAGE-00105,variaveis-qualitativas-e-quantitativas,Variáveis qualitativas e quantitativas,explicacao_fundamental,topic,OH05,MOD-0016,"[""T"", ""G"", ""P""]",candidate,not_rendered_v0.1.0,,,"[""SRC-MS-VISAT"", ""SRC-ESOCIAL-DOC""]"
PAGE-00106,media-mediana-e-moda,"Média, mediana e moda",explicacao_fundamental,topic,OH05,MOD-0016,"[""T"", ""G"", ""P""]",candidate,not_rendered_v0.1.0,,,"[""SRC-MS-VISAT"", ""SRC-ESOCIAL-DOC""]"
PAGE-00107,dispersao-e-desvio-padrao,Dispersão e desvio padrão,explicacao_fundamental,topic,OH05,MOD-0016,"[""T"", ""G"", ""P""]",candidate,not_rendered_v0.1.0,,,"[""SRC-MS-VISAT"", ""SRC-ESOCIAL-DOC""]"
PAGE-00108,percentis-e-distribuicao,Percentis e distribuição,explicacao_fundamental,topic,OH05,MOD-0016,"[""T"", ""G"", ""P""]",candidate,not_rendered_v0.1.0,,,"[""SRC-MS-VISAT"", ""SRC-ESOCIAL-DOC""]"
PAGE-00109,tabelas-e-graficos,Tabelas e gráficos,explicacao_fundamental,topic,OH05,MOD-0016,"[""T"", ""G"", ""P""]",candidate,not_rendered_v0.1.0,,,"[""SRC-MS-VISAT"", ""SRC-ESOCIAL-DOC""]"
PAGE-00110,taxas-e-proporcoes-ocupacionais,Taxas e proporções ocupacionais,explicacao_fundamental,topic,OH05,MOD-0016,"[""T"", ""G"", ""P""]",candidate,not_rendered_v0.1.0,,,"[""SRC-MS-VISAT"", ""SRC-ESOCIAL-DOC""]"
PAGE-00111,amostragem,Amostragem,explicacao_fundamental,topic,OH05,MOD-0017,"[""G"", ""P""]",candidate,not_rendered_v0.1.0,,,"[""SRC-MS-VISAT"", ""SRC-ESOCIAL-DOC""]"
PAGE-00112,intervalo-de-confianca,Intervalo de confiança,explicacao_fundamental,topic,OH05,MOD-0017,"[""G"", ""P""]",candidate,not_rendered_v0.1.0,,,"[""SRC-MS-VISAT"", ""SRC-ESOCIAL-DOC""]"
PAGE-00113,teste-de-hipotese,Teste de hipótese,explicacao_fundamental,topic,OH05,MOD-0017,"[""G"", ""P""]",candidate,not_rendered_v0.1.0,,,"[""SRC-MS-VISAT"", ""SRC-ESOCIAL-DOC""]"
PAGE-00114,erro-tipo-i-e-tipo-ii,Erro tipo I e tipo II,explicacao_fundamental,topic,OH05,MOD-0017,"[""G"", ""P""]",candidate,not_rendered_v0.1.0,,,"[""SRC-MS-VISAT"", ""SRC-ESOCIAL-DOC""]"
PAGE-00115,p-valor-e-interpretacao,P-valor e interpretação,explicacao_fundamental,topic,OH05,MOD-0017,"[""G"", ""P""]",candidate,not_rendered_v0.1.0,,,"[""SRC-MS-VISAT"", ""SRC-ESOCIAL-DOC""]"
PAGE-00116,tamanho-de-efeito,Tamanho de efeito,explicacao_fundamental,topic,OH05,MOD-0017,"[""G"", ""P""]",candidate,not_rendered_v0.1.0,,,"[""SRC-MS-VISAT"", ""SRC-ESOCIAL-DOC""]"
PAGE-00117,correlacao-e-regressao-introdutoria,Correlação e regressão introdutória,explicacao_fundamental,topic,OH05,MOD-0017,"[""G"", ""P""]",candidate,not_rendered_v0.1.0,,,"[""SRC-MS-VISAT"", ""SRC-ESOCIAL-DOC""]"
PAGE-00118,taxa-de-frequencia-de-acidentes,Taxa de frequência de acidentes,explicacao_fundamental,topic,OH05,MOD-0018,"[""T"", ""G"", ""P""]",candidate,not_rendered_v0.1.0,,,"[""SRC-MS-VISAT"", ""SRC-ESOCIAL-DOC""]"
PAGE-00119,taxa-de-gravidade,Taxa de gravidade,explicacao_fundamental,topic,OH05,MOD-0018,"[""T"", ""G"", ""P""]",candidate,not_rendered_v0.1.0,,,"[""SRC-MS-VISAT"", ""SRC-ESOCIAL-DOC""]"
PAGE-00120,dias-perdidos,Dias perdidos,explicacao_fundamental,topic,OH05,MOD-0018,"[""T"", ""G"", ""P""]",candidate,not_rendered_v0.1.0,,,"[""SRC-MS-VISAT"", ""SRC-ESOCIAL-DOC""]"
PAGE-00121,absenteismo,Absenteísmo,explicacao_fundamental,topic,OH05,MOD-0018,"[""T"", ""G"", ""P""]",candidate,not_rendered_v0.1.0,,,"[""SRC-MS-VISAT"", ""SRC-ESOCIAL-DOC""]"
PAGE-00122,presenteismo-oh05,Presenteísmo,explicacao_fundamental,topic,OH05,MOD-0018,"[""T"", ""G"", ""P""]",candidate,not_rendered_v0.1.0,,,"[""SRC-MS-VISAT"", ""SRC-ESOCIAL-DOC""]"
PAGE-00123,cobertura-de-exames-ocupacionais,Cobertura de exames ocupacionais,explicacao_fundamental,topic,OH05,MOD-0018,"[""T"", ""G"", ""P""]",candidate,not_rendered_v0.1.0,,,"[""SRC-MS-VISAT"", ""SRC-ESOCIAL-DOC""]"
PAGE-00124,cobertura-vacinal-ocupacional,Cobertura vacinal ocupacional,explicacao_fundamental,topic,OH05,MOD-0018,"[""T"", ""G"", ""P""]",candidate,not_rendered_v0.1.0,,,"[""SRC-MS-VISAT"", ""SRC-ESOCIAL-DOC""]"
PAGE-00125,adesao-a-programas-de-saude,Adesão a programas de saúde,explicacao_fundamental,topic,OH05,MOD-0018,"[""T"", ""G"", ""P""]",candidate,not_rendered_v0.1.0,,,"[""SRC-MS-VISAT"", ""SRC-ESOCIAL-DOC""]"
PAGE-00126,indicadores-de-afastamento,Indicadores de afastamento,explicacao_fundamental,topic,OH05,MOD-0018,"[""T"", ""G"", ""P""]",candidate,not_rendered_v0.1.0,,,"[""SRC-MS-VISAT"", ""SRC-ESOCIAL-DOC""]"
PAGE-00127,qualidade-de-dados-em-sst,Qualidade de dados em SST,explicacao_fundamental,topic,OH05,MOD-0019,"[""G"", ""P""]",candidate,not_rendered_v0.1.0,,,"[""SRC-MS-VISAT"", ""SRC-ESOCIAL-DOC""]"
PAGE-00128,completude-e-consistencia,Completude e consistência,explicacao_fundamental,topic,OH05,MOD-0019,"[""G"", ""P""]",candidate,not_rendered_v0.1.0,,,"[""SRC-MS-VISAT"", ""SRC-ESOCIAL-DOC""]"
PAGE-00129,deduplicacao,Deduplicação,explicacao_fundamental,topic,OH05,MOD-0019,"[""G"", ""P""]",candidate,not_rendered_v0.1.0,,,"[""SRC-MS-VISAT"", ""SRC-ESOCIAL-DOC""]"
PAGE-00130,dicionario-de-dados,Dicionário de dados,explicacao_fundamental,topic,OH05,MOD-0019,"[""G"", ""P""]",candidate,not_rendered_v0.1.0,,,"[""SRC-MS-VISAT"", ""SRC-ESOCIAL-DOC""]"
PAGE-00131,dashboard-de-saude-ocupacional,Dashboard de saúde ocupacional,explicacao_fundamental,topic,OH05,MOD-0019,"[""G"", ""P""]",candidate,not_rendered_v0.1.0,,,"[""SRC-MS-VISAT"", ""SRC-ESOCIAL-DOC""]"
PAGE-00132,visualizacao-de-dados,Visualização de dados,explicacao_fundamental,topic,OH05,MOD-0019,"[""G"", ""P""]",candidate,not_rendered_v0.1.0,,,"[""SRC-MS-VISAT"", ""SRC-ESOCIAL-DOC""]"
PAGE-00133,series-temporais-de-indicadores,Séries temporais de indicadores,explicacao_fundamental,topic,OH05,MOD-0019,"[""G"", ""P""]",candidate,not_rendered_v0.1.0,,,"[""SRC-MS-VISAT"", ""SRC-ESOCIAL-DOC""]"
PAGE-00134,etica-e-governanca-de-dados,Ética e governança de dados,explicacao_fundamental,topic,OH05,MOD-0019,"[""G"", ""P""]",candidate,not_rendered_v0.1.0,,,"[""SRC-MS-VISAT"", ""SRC-ESOCIAL-DOC""]"
PAGE-00135,higiene-ocupacional,Higiene ocupacional,explicacao_fundamental,topic,OH06,MOD-0020,"[""T"", ""G"", ""P""]",candidate,not_rendered_v0.1.0,,,"[""SRC-FUNDACENTRO-NHO"", ""SRC-NIOSH-HOC"", ""SRC-MTE-NR01"", ""SRC-MTE-NR06""]"
PAGE-00136,perigo-risco-e-exposicao,"Perigo, risco e exposição",explicacao_fundamental,topic,OH06,MOD-0020,"[""T"", ""G"", ""P""]",candidate,not_rendered_v0.1.0,,,"[""SRC-FUNDACENTRO-NHO"", ""SRC-NIOSH-HOC"", ""SRC-MTE-NR01"", ""SRC-MTE-NR06""]"
PAGE-00137,fonte-trajetoria-e-receptor,"Fonte, trajetória e receptor",explicacao_fundamental,topic,OH06,MOD-0020,"[""T"", ""G"", ""P""]",candidate,not_rendered_v0.1.0,,,"[""SRC-FUNDACENTRO-NHO"", ""SRC-NIOSH-HOC"", ""SRC-MTE-NR01"", ""SRC-MTE-NR06""]"
PAGE-00138,vias-de-exposicao,Vias de exposição,explicacao_fundamental,topic,OH06,MOD-0020,"[""T"", ""G"", ""P""]",candidate,not_rendered_v0.1.0,,,"[""SRC-FUNDACENTRO-NHO"", ""SRC-NIOSH-HOC"", ""SRC-MTE-NR01"", ""SRC-MTE-NR06""]"
PAGE-00139,grupo-homogeneo-de-exposicao,Grupo homogêneo de exposição,explicacao_fundamental,topic,OH06,MOD-0020,"[""T"", ""G"", ""P""]",candidate,not_rendered_v0.1.0,,,"[""SRC-FUNDACENTRO-NHO"", ""SRC-NIOSH-HOC"", ""SRC-MTE-NR01"", ""SRC-MTE-NR06""]"
PAGE-00140,caracterizacao-basica,Caracterização básica,explicacao_fundamental,topic,OH06,MOD-0020,"[""T"", ""G"", ""P""]",candidate,not_rendered_v0.1.0,,,"[""SRC-FUNDACENTRO-NHO"", ""SRC-NIOSH-HOC"", ""SRC-MTE-NR01"", ""SRC-MTE-NR06""]"
PAGE-00141,avaliacao-qualitativa,Avaliação qualitativa,explicacao_fundamental,topic,OH06,MOD-0020,"[""T"", ""G"", ""P""]",candidate,not_rendered_v0.1.0,,,"[""SRC-FUNDACENTRO-NHO"", ""SRC-NIOSH-HOC"", ""SRC-MTE-NR01"", ""SRC-MTE-NR06""]"
PAGE-00142,avaliacao-quantitativa,Avaliação quantitativa,explicacao_fundamental,topic,OH06,MOD-0020,"[""T"", ""G"", ""P""]",candidate,not_rendered_v0.1.0,,,"[""SRC-FUNDACENTRO-NHO"", ""SRC-NIOSH-HOC"", ""SRC-MTE-NR01"", ""SRC-MTE-NR06""]"
PAGE-00143,planejamento-da-avaliacao-de-exposicao,Planejamento da avaliação de exposição,explicacao_fundamental,topic,OH06,MOD-0021,"[""G"", ""P""]",candidate,not_rendered_v0.1.0,,,"[""SRC-FUNDACENTRO-NHO"", ""SRC-NIOSH-HOC"", ""SRC-MTE-NR01"", ""SRC-MTE-NR06""]"
PAGE-00144,amostragem-pessoal-e-ambiental,Amostragem pessoal e ambiental,explicacao_fundamental,topic,OH06,MOD-0021,"[""G"", ""P""]",candidate,not_rendered_v0.1.0,,,"[""SRC-FUNDACENTRO-NHO"", ""SRC-NIOSH-HOC"", ""SRC-MTE-NR01"", ""SRC-MTE-NR06""]"
PAGE-00145,incerteza-de-medicao,Incerteza de medição,explicacao_fundamental,topic,OH06,MOD-0021,"[""G"", ""P""]",candidate,not_rendered_v0.1.0,,,"[""SRC-FUNDACENTRO-NHO"", ""SRC-NIOSH-HOC"", ""SRC-MTE-NR01"", ""SRC-MTE-NR06""]"
PAGE-00146,representatividade-da-amostra,Representatividade da amostra,explicacao_fundamental,topic,OH06,MOD-0021,"[""G"", ""P""]",candidate,not_rendered_v0.1.0,,,"[""SRC-FUNDACENTRO-NHO"", ""SRC-NIOSH-HOC"", ""SRC-MTE-NR01"", ""SRC-MTE-NR06""]"
PAGE-00147,jornada-e-tempo-de-exposicao,Jornada e tempo de exposição,explicacao_fundamental,topic,OH06,MOD-0021,"[""G"", ""P""]",candidate,not_rendered_v0.1.0,,,"[""SRC-FUNDACENTRO-NHO"", ""SRC-NIOSH-HOC"", ""SRC-MTE-NR01"", ""SRC-MTE-NR06""]"
PAGE-00148,estatistica-de-exposicao-ocupacional,Estatística de exposição ocupacional,explicacao_fundamental,topic,OH06,MOD-0021,"[""G"", ""P""]",candidate,not_rendered_v0.1.0,,,"[""SRC-FUNDACENTRO-NHO"", ""SRC-NIOSH-HOC"", ""SRC-MTE-NR01"", ""SRC-MTE-NR06""]"
PAGE-00149,interpretacao-de-resultados,Interpretação de resultados,explicacao_fundamental,topic,OH06,MOD-0021,"[""G"", ""P""]",candidate,not_rendered_v0.1.0,,,"[""SRC-FUNDACENTRO-NHO"", ""SRC-NIOSH-HOC"", ""SRC-MTE-NR01"", ""SRC-MTE-NR06""]"
PAGE-00150,controle-de-qualidade-da-medicao,Controle de qualidade da medição,explicacao_fundamental,topic,OH06,MOD-0021,"[""G"", ""P""]",candidate,not_rendered_v0.1.0,,,"[""SRC-FUNDACENTRO-NHO"", ""SRC-NIOSH-HOC"", ""SRC-MTE-NR01"", ""SRC-MTE-NR06""]"
PAGE-00151,hierarquia-de-controles,Hierarquia de controles,explicacao_fundamental,topic,OH06,MOD-0022,"[""T"", ""G"", ""P""]",candidate,not_rendered_v0.1.0,,,"[""SRC-FUNDACENTRO-NHO"", ""SRC-NIOSH-HOC"", ""SRC-MTE-NR01"", ""SRC-MTE-NR06""]"
PAGE-00152,eliminacao-de-perigos,Eliminação de perigos,explicacao_fundamental,topic,OH06,MOD-0022,"[""T"", ""G"", ""P""]",candidate,not_rendered_v0.1.0,,,"[""SRC-FUNDACENTRO-NHO"", ""SRC-NIOSH-HOC"", ""SRC-MTE-NR01"", ""SRC-MTE-NR06""]"
PAGE-00153,substituicao-de-agentes,Substituição de agentes,explicacao_fundamental,topic,OH06,MOD-0022,"[""T"", ""G"", ""P""]",candidate,not_rendered_v0.1.0,,,"[""SRC-FUNDACENTRO-NHO"", ""SRC-NIOSH-HOC"", ""SRC-MTE-NR01"", ""SRC-MTE-NR06""]"
PAGE-00154,controles-de-engenharia,Controles de engenharia,explicacao_fundamental,topic,OH06,MOD-0022,"[""T"", ""G"", ""P""]",candidate,not_rendered_v0.1.0,,,"[""SRC-FUNDACENTRO-NHO"", ""SRC-NIOSH-HOC"", ""SRC-MTE-NR01"", ""SRC-MTE-NR06""]"
PAGE-00155,controles-administrativos,Controles administrativos,explicacao_fundamental,topic,OH06,MOD-0022,"[""T"", ""G"", ""P""]",candidate,not_rendered_v0.1.0,,,"[""SRC-FUNDACENTRO-NHO"", ""SRC-NIOSH-HOC"", ""SRC-MTE-NR01"", ""SRC-MTE-NR06""]"
PAGE-00156,equipamento-de-protecao-individual,Equipamento de proteção individual,explicacao_fundamental,topic,OH06,MOD-0022,"[""T"", ""G"", ""P""]",candidate,not_rendered_v0.1.0,,,"[""SRC-FUNDACENTRO-NHO"", ""SRC-NIOSH-HOC"", ""SRC-MTE-NR01"", ""SRC-MTE-NR06""]"
PAGE-00157,verificacao-da-eficacia-dos-controles,Verificação da eficácia dos controles,explicacao_fundamental,topic,OH06,MOD-0022,"[""T"", ""G"", ""P""]",candidate,not_rendered_v0.1.0,,,"[""SRC-FUNDACENTRO-NHO"", ""SRC-NIOSH-HOC"", ""SRC-MTE-NR01"", ""SRC-MTE-NR06""]"
PAGE-00158,nho-01-ruido,NHO 01 ruído,explicacao_fundamental,topic,OH06,MOD-0023,"[""G"", ""P""]",candidate,not_rendered_v0.1.0,,,"[""SRC-FUNDACENTRO-NHO"", ""SRC-NIOSH-HOC"", ""SRC-MTE-NR01"", ""SRC-MTE-NR06""]"
PAGE-00159,nho-03-aerodispersoides,NHO 03 aerodispersoides,explicacao_fundamental,topic,OH06,MOD-0023,"[""G"", ""P""]",candidate,not_rendered_v0.1.0,,,"[""SRC-FUNDACENTRO-NHO"", ""SRC-NIOSH-HOC"", ""SRC-MTE-NR01"", ""SRC-MTE-NR06""]"
PAGE-00160,nho-04-fibras,NHO 04 fibras,explicacao_fundamental,topic,OH06,MOD-0023,"[""G"", ""P""]",candidate,not_rendered_v0.1.0,,,"[""SRC-FUNDACENTRO-NHO"", ""SRC-NIOSH-HOC"", ""SRC-MTE-NR01"", ""SRC-MTE-NR06""]"
PAGE-00161,nho-05-raios-x,NHO 05 raios X,explicacao_fundamental,topic,OH06,MOD-0023,"[""G"", ""P""]",candidate,not_rendered_v0.1.0,,,"[""SRC-FUNDACENTRO-NHO"", ""SRC-NIOSH-HOC"", ""SRC-MTE-NR01"", ""SRC-MTE-NR06""]"
PAGE-00162,nho-06-calor,NHO 06 calor,explicacao_fundamental,topic,OH06,MOD-0023,"[""G"", ""P""]",candidate,not_rendered_v0.1.0,,,"[""SRC-FUNDACENTRO-NHO"", ""SRC-NIOSH-HOC"", ""SRC-MTE-NR01"", ""SRC-MTE-NR06""]"
PAGE-00163,nho-07-calibracao-de-bombas,NHO 07 calibração de bombas,explicacao_fundamental,topic,OH06,MOD-0023,"[""G"", ""P""]",candidate,not_rendered_v0.1.0,,,"[""SRC-FUNDACENTRO-NHO"", ""SRC-NIOSH-HOC"", ""SRC-MTE-NR01"", ""SRC-MTE-NR06""]"
PAGE-00164,nho-08-material-particulado,NHO 08 material particulado,explicacao_fundamental,topic,OH06,MOD-0023,"[""G"", ""P""]",candidate,not_rendered_v0.1.0,,,"[""SRC-FUNDACENTRO-NHO"", ""SRC-NIOSH-HOC"", ""SRC-MTE-NR01"", ""SRC-MTE-NR06""]"
PAGE-00165,nho-09-vibracao-de-corpo-inteiro,NHO 09 vibração de corpo inteiro,explicacao_fundamental,topic,OH06,MOD-0023,"[""G"", ""P""]",candidate,not_rendered_v0.1.0,,,"[""SRC-FUNDACENTRO-NHO"", ""SRC-NIOSH-HOC"", ""SRC-MTE-NR01"", ""SRC-MTE-NR06""]"
PAGE-00166,nho-10-vibracao-maos-e-bracos,NHO 10 vibração mãos e braços,explicacao_fundamental,topic,OH06,MOD-0023,"[""G"", ""P""]",candidate,not_rendered_v0.1.0,,,"[""SRC-FUNDACENTRO-NHO"", ""SRC-NIOSH-HOC"", ""SRC-MTE-NR01"", ""SRC-MTE-NR06""]"
PAGE-00167,nho-11-iluminamento,NHO 11 iluminamento,explicacao_fundamental,topic,OH06,MOD-0023,"[""G"", ""P""]",candidate,not_rendered_v0.1.0,,,"[""SRC-FUNDACENTRO-NHO"", ""SRC-NIOSH-HOC"", ""SRC-MTE-NR01"", ""SRC-MTE-NR06""]"
PAGE-00168,conceitos-de-ruido-ocupacional,Conceitos de ruído ocupacional,explicacao_fundamental,topic,OH07,MOD-0024,"[""T"", ""G"", ""P""]",candidate,not_rendered_v0.1.0,,,"[""SRC-FUNDACENTRO-NHO"", ""SRC-MTE-NRS-INDEX""]"
PAGE-00169,dose-de-ruido,Dose de ruído,explicacao_fundamental,topic,OH07,MOD-0024,"[""T"", ""G"", ""P""]",candidate,not_rendered_v0.1.0,,,"[""SRC-FUNDACENTRO-NHO"", ""SRC-MTE-NRS-INDEX""]"
PAGE-00170,nivel-de-pressao-sonora,Nível de pressão sonora,explicacao_fundamental,topic,OH07,MOD-0024,"[""T"", ""G"", ""P""]",candidate,not_rendered_v0.1.0,,,"[""SRC-FUNDACENTRO-NHO"", ""SRC-MTE-NRS-INDEX""]"
PAGE-00171,tempo-de-exposicao-ao-ruido,Tempo de exposição ao ruído,explicacao_fundamental,topic,OH07,MOD-0024,"[""T"", ""G"", ""P""]",candidate,not_rendered_v0.1.0,,,"[""SRC-FUNDACENTRO-NHO"", ""SRC-MTE-NRS-INDEX""]"
PAGE-00172,efeitos-auditivos-do-ruido,Efeitos auditivos do ruído,explicacao_fundamental,topic,OH07,MOD-0024,"[""T"", ""G"", ""P""]",candidate,not_rendered_v0.1.0,,,"[""SRC-FUNDACENTRO-NHO"", ""SRC-MTE-NRS-INDEX""]"
PAGE-00173,efeitos-extra-auditivos-do-ruido,Efeitos extra-auditivos do ruído,explicacao_fundamental,topic,OH07,MOD-0024,"[""T"", ""G"", ""P""]",candidate,not_rendered_v0.1.0,,,"[""SRC-FUNDACENTRO-NHO"", ""SRC-MTE-NRS-INDEX""]"
PAGE-00174,medidas-de-controle-do-ruido,Medidas de controle do ruído,explicacao_fundamental,topic,OH07,MOD-0024,"[""T"", ""G"", ""P""]",candidate,not_rendered_v0.1.0,,,"[""SRC-FUNDACENTRO-NHO"", ""SRC-MTE-NRS-INDEX""]"
PAGE-00175,programa-de-conservacao-auditiva,Programa de conservação auditiva,explicacao_fundamental,topic,OH07,MOD-0024,"[""T"", ""G"", ""P""]",candidate,not_rendered_v0.1.0,,,"[""SRC-FUNDACENTRO-NHO"", ""SRC-MTE-NRS-INDEX""]"
PAGE-00176,fontes-de-calor-ocupacional,Fontes de calor ocupacional,explicacao_fundamental,topic,OH07,MOD-0025,"[""T"", ""G"", ""P""]",candidate,not_rendered_v0.1.0,,,"[""SRC-FUNDACENTRO-NHO"", ""SRC-MTE-NRS-INDEX""]"
PAGE-00177,ibutg,IBUTG,explicacao_fundamental,topic,OH07,MOD-0025,"[""T"", ""G"", ""P""]",candidate,not_rendered_v0.1.0,,,"[""SRC-FUNDACENTRO-NHO"", ""SRC-MTE-NRS-INDEX""]"
PAGE-00178,aclimatacao-termica,Aclimatação térmica,explicacao_fundamental,topic,OH07,MOD-0025,"[""T"", ""G"", ""P""]",candidate,not_rendered_v0.1.0,,,"[""SRC-FUNDACENTRO-NHO"", ""SRC-MTE-NRS-INDEX""]"
PAGE-00179,doencas-relacionadas-ao-calor,Doenças relacionadas ao calor,explicacao_fundamental,topic,OH07,MOD-0025,"[""T"", ""G"", ""P""]",candidate,not_rendered_v0.1.0,,,"[""SRC-FUNDACENTRO-NHO"", ""SRC-MTE-NRS-INDEX""]"
PAGE-00180,prevencao-de-estresse-termico,Prevenção de estresse térmico,explicacao_fundamental,topic,OH07,MOD-0025,"[""T"", ""G"", ""P""]",candidate,not_rendered_v0.1.0,,,"[""SRC-FUNDACENTRO-NHO"", ""SRC-MTE-NRS-INDEX""]"
PAGE-00181,exposicao-ocupacional-ao-frio,Exposição ocupacional ao frio,explicacao_fundamental,topic,OH07,MOD-0025,"[""T"", ""G"", ""P""]",candidate,not_rendered_v0.1.0,,,"[""SRC-FUNDACENTRO-NHO"", ""SRC-MTE-NRS-INDEX""]"
PAGE-00182,lesoes-por-frio,Lesões por frio,explicacao_fundamental,topic,OH07,MOD-0025,"[""T"", ""G"", ""P""]",candidate,not_rendered_v0.1.0,,,"[""SRC-FUNDACENTRO-NHO"", ""SRC-MTE-NRS-INDEX""]"
PAGE-00183,hidratacao-em-ambientes-quentes,Hidratação em ambientes quentes,explicacao_fundamental,topic,OH07,MOD-0025,"[""T"", ""G"", ""P""]",candidate,not_rendered_v0.1.0,,,"[""SRC-FUNDACENTRO-NHO"", ""SRC-MTE-NRS-INDEX""]"
PAGE-00184,vibracao-de-maos-e-bracos,Vibração de mãos e braços,explicacao_fundamental,topic,OH07,MOD-0026,"[""G"", ""P""]",candidate,not_rendered_v0.1.0,,,"[""SRC-FUNDACENTRO-NHO"", ""SRC-MTE-NRS-INDEX""]"
PAGE-00185,vibracao-de-corpo-inteiro,Vibração de corpo inteiro,explicacao_fundamental,topic,OH07,MOD-0026,"[""G"", ""P""]",candidate,not_rendered_v0.1.0,,,"[""SRC-FUNDACENTRO-NHO"", ""SRC-MTE-NRS-INDEX""]"
PAGE-00186,efeitos-da-vibracao-na-saude,Efeitos da vibração na saúde,explicacao_fundamental,topic,OH07,MOD-0026,"[""G"", ""P""]",candidate,not_rendered_v0.1.0,,,"[""SRC-FUNDACENTRO-NHO"", ""SRC-MTE-NRS-INDEX""]"
PAGE-00187,avaliacao-da-exposicao-a-vibracao,Avaliação da exposição à vibração,explicacao_fundamental,topic,OH07,MOD-0026,"[""G"", ""P""]",candidate,not_rendered_v0.1.0,,,"[""SRC-FUNDACENTRO-NHO"", ""SRC-MTE-NRS-INDEX""]"
PAGE-00188,controle-da-vibracao,Controle da vibração,explicacao_fundamental,topic,OH07,MOD-0026,"[""G"", ""P""]",candidate,not_rendered_v0.1.0,,,"[""SRC-FUNDACENTRO-NHO"", ""SRC-MTE-NRS-INDEX""]"
PAGE-00189,radiacoes-ionizantes,Radiações ionizantes,explicacao_fundamental,topic,OH07,MOD-0027,"[""G"", ""P""]",candidate,not_rendered_v0.1.0,,,"[""SRC-FUNDACENTRO-NHO"", ""SRC-MTE-NRS-INDEX""]"
PAGE-00190,radiacoes-nao-ionizantes,Radiações não ionizantes,explicacao_fundamental,topic,OH07,MOD-0027,"[""G"", ""P""]",candidate,not_rendered_v0.1.0,,,"[""SRC-FUNDACENTRO-NHO"", ""SRC-MTE-NRS-INDEX""]"
PAGE-00191,exposicao-ocupacional-a-raios-x,Exposição ocupacional a raios X,explicacao_fundamental,topic,OH07,MOD-0027,"[""G"", ""P""]",candidate,not_rendered_v0.1.0,,,"[""SRC-FUNDACENTRO-NHO"", ""SRC-MTE-NRS-INDEX""]"
PAGE-00192,radiacao-ultravioleta-ocupacional,Radiação ultravioleta ocupacional,explicacao_fundamental,topic,OH07,MOD-0027,"[""G"", ""P""]",candidate,not_rendered_v0.1.0,,,"[""SRC-FUNDACENTRO-NHO"", ""SRC-MTE-NRS-INDEX""]"
PAGE-00193,campos-eletromagneticos,Campos eletromagnéticos,explicacao_fundamental,topic,OH07,MOD-0027,"[""G"", ""P""]",candidate,not_rendered_v0.1.0,,,"[""SRC-FUNDACENTRO-NHO"", ""SRC-MTE-NRS-INDEX""]"
PAGE-00194,principios-de-protecao-radiologica,Princípios de proteção radiológica,explicacao_fundamental,topic,OH07,MOD-0027,"[""G"", ""P""]",candidate,not_rendered_v0.1.0,,,"[""SRC-FUNDACENTRO-NHO"", ""SRC-MTE-NRS-INDEX""]"
PAGE-00195,iluminamento-em-ambientes-de-trabalho,Iluminamento em ambientes de trabalho,explicacao_fundamental,topic,OH07,MOD-0028,"[""T"", ""G"", ""P""]",candidate,not_rendered_v0.1.0,,,"[""SRC-FUNDACENTRO-NHO"", ""SRC-MTE-NRS-INDEX""]"
PAGE-00196,pressoes-anormais,Pressões anormais,explicacao_fundamental,topic,OH07,MOD-0028,"[""T"", ""G"", ""P""]",candidate,not_rendered_v0.1.0,,,"[""SRC-FUNDACENTRO-NHO"", ""SRC-MTE-NRS-INDEX""]"
PAGE-00197,umidade-e-trabalho,Umidade e trabalho,explicacao_fundamental,topic,OH07,MOD-0028,"[""T"", ""G"", ""P""]",candidate,not_rendered_v0.1.0,,,"[""SRC-FUNDACENTRO-NHO"", ""SRC-MTE-NRS-INDEX""]"
PAGE-00198,conforto-acustico-e-termico,Conforto acústico e térmico,explicacao_fundamental,topic,OH07,MOD-0028,"[""T"", ""G"", ""P""]",candidate,not_rendered_v0.1.0,,,"[""SRC-FUNDACENTRO-NHO"", ""SRC-MTE-NRS-INDEX""]"
PAGE-00199,toxicologia-ocupacional,Toxicologia ocupacional,explicacao_fundamental,topic,OH08,MOD-0029,"[""T"", ""G"", ""P""]",candidate,not_rendered_v0.1.0,,,"[""SRC-MTE-NR26"", ""SRC-FUNDACENTRO-NHO"", ""SRC-IARC-MONOGRAPHS"", ""SRC-NIOSH-HOC""]"
PAGE-00200,toxicidade-e-perigo-quimico,Toxicidade e perigo químico,explicacao_fundamental,topic,OH08,MOD-0029,"[""T"", ""G"", ""P""]",candidate,not_rendered_v0.1.0,,,"[""SRC-MTE-NR26"", ""SRC-FUNDACENTRO-NHO"", ""SRC-IARC-MONOGRAPHS"", ""SRC-NIOSH-HOC""]"
PAGE-00201,dose-e-concentracao,Dose e concentração,explicacao_fundamental,topic,OH08,MOD-0029,"[""T"", ""G"", ""P""]",candidate,not_rendered_v0.1.0,,,"[""SRC-MTE-NR26"", ""SRC-FUNDACENTRO-NHO"", ""SRC-IARC-MONOGRAPHS"", ""SRC-NIOSH-HOC""]"
PAGE-00202,relacao-dose-resposta,Relação dose-resposta,explicacao_fundamental,topic,OH08,MOD-0029,"[""T"", ""G"", ""P""]",candidate,not_rendered_v0.1.0,,,"[""SRC-MTE-NR26"", ""SRC-FUNDACENTRO-NHO"", ""SRC-IARC-MONOGRAPHS"", ""SRC-NIOSH-HOC""]"
PAGE-00203,relacao-dose-efeito,Relação dose-efeito,explicacao_fundamental,topic,OH08,MOD-0029,"[""T"", ""G"", ""P""]",candidate,not_rendered_v0.1.0,,,"[""SRC-MTE-NR26"", ""SRC-FUNDACENTRO-NHO"", ""SRC-IARC-MONOGRAPHS"", ""SRC-NIOSH-HOC""]"
PAGE-00204,limiar-toxicologico,Limiar toxicológico,explicacao_fundamental,topic,OH08,MOD-0029,"[""T"", ""G"", ""P""]",candidate,not_rendered_v0.1.0,,,"[""SRC-MTE-NR26"", ""SRC-FUNDACENTRO-NHO"", ""SRC-IARC-MONOGRAPHS"", ""SRC-NIOSH-HOC""]"
PAGE-00205,toxicidade-aguda,Toxicidade aguda,explicacao_fundamental,topic,OH08,MOD-0029,"[""T"", ""G"", ""P""]",candidate,not_rendered_v0.1.0,,,"[""SRC-MTE-NR26"", ""SRC-FUNDACENTRO-NHO"", ""SRC-IARC-MONOGRAPHS"", ""SRC-NIOSH-HOC""]"
PAGE-00206,toxicidade-cronica,Toxicidade crônica,explicacao_fundamental,topic,OH08,MOD-0029,"[""T"", ""G"", ""P""]",candidate,not_rendered_v0.1.0,,,"[""SRC-MTE-NR26"", ""SRC-FUNDACENTRO-NHO"", ""SRC-IARC-MONOGRAPHS"", ""SRC-NIOSH-HOC""]"
PAGE-00207,toxicidade-local-e-sistemica,Toxicidade local e sistêmica,explicacao_fundamental,topic,OH08,MOD-0029,"[""T"", ""G"", ""P""]",candidate,not_rendered_v0.1.0,,,"[""SRC-MTE-NR26"", ""SRC-FUNDACENTRO-NHO"", ""SRC-IARC-MONOGRAPHS"", ""SRC-NIOSH-HOC""]"
PAGE-00208,orgao-alvo,Órgão-alvo,explicacao_fundamental,topic,OH08,MOD-0029,"[""T"", ""G"", ""P""]",candidate,not_rendered_v0.1.0,,,"[""SRC-MTE-NR26"", ""SRC-FUNDACENTRO-NHO"", ""SRC-IARC-MONOGRAPHS"", ""SRC-NIOSH-HOC""]"
PAGE-00209,absorcao-respiratoria,Absorção respiratória,explicacao_fundamental,topic,OH08,MOD-0030,"[""G"", ""P""]",candidate,not_rendered_v0.1.0,,,"[""SRC-MTE-NR26"", ""SRC-FUNDACENTRO-NHO"", ""SRC-IARC-MONOGRAPHS"", ""SRC-NIOSH-HOC""]"
PAGE-00210,absorcao-cutanea,Absorção cutânea,explicacao_fundamental,topic,OH08,MOD-0030,"[""G"", ""P""]",candidate,not_rendered_v0.1.0,,,"[""SRC-MTE-NR26"", ""SRC-FUNDACENTRO-NHO"", ""SRC-IARC-MONOGRAPHS"", ""SRC-NIOSH-HOC""]"
PAGE-00211,absorcao-gastrointestinal,Absorção gastrointestinal,explicacao_fundamental,topic,OH08,MOD-0030,"[""G"", ""P""]",candidate,not_rendered_v0.1.0,,,"[""SRC-MTE-NR26"", ""SRC-FUNDACENTRO-NHO"", ""SRC-IARC-MONOGRAPHS"", ""SRC-NIOSH-HOC""]"
PAGE-00212,distribuicao-de-xenobioticos,Distribuição de xenobióticos,explicacao_fundamental,topic,OH08,MOD-0030,"[""G"", ""P""]",candidate,not_rendered_v0.1.0,,,"[""SRC-MTE-NR26"", ""SRC-FUNDACENTRO-NHO"", ""SRC-IARC-MONOGRAPHS"", ""SRC-NIOSH-HOC""]"
PAGE-00213,biotransformacao,Biotransformação,explicacao_fundamental,topic,OH08,MOD-0030,"[""G"", ""P""]",candidate,not_rendered_v0.1.0,,,"[""SRC-MTE-NR26"", ""SRC-FUNDACENTRO-NHO"", ""SRC-IARC-MONOGRAPHS"", ""SRC-NIOSH-HOC""]"
PAGE-00214,metabolismo-de-fase-i,Metabolismo de fase I,explicacao_fundamental,topic,OH08,MOD-0030,"[""G"", ""P""]",candidate,not_rendered_v0.1.0,,,"[""SRC-MTE-NR26"", ""SRC-FUNDACENTRO-NHO"", ""SRC-IARC-MONOGRAPHS"", ""SRC-NIOSH-HOC""]"
PAGE-00215,metabolismo-de-fase-ii,Metabolismo de fase II,explicacao_fundamental,topic,OH08,MOD-0030,"[""G"", ""P""]",candidate,not_rendered_v0.1.0,,,"[""SRC-MTE-NR26"", ""SRC-FUNDACENTRO-NHO"", ""SRC-IARC-MONOGRAPHS"", ""SRC-NIOSH-HOC""]"
PAGE-00216,excrecao,Excreção,explicacao_fundamental,topic,OH08,MOD-0030,"[""G"", ""P""]",candidate,not_rendered_v0.1.0,,,"[""SRC-MTE-NR26"", ""SRC-FUNDACENTRO-NHO"", ""SRC-IARC-MONOGRAPHS"", ""SRC-NIOSH-HOC""]"
PAGE-00217,meia-vida-biologica,Meia-vida biológica,explicacao_fundamental,topic,OH08,MOD-0030,"[""G"", ""P""]",candidate,not_rendered_v0.1.0,,,"[""SRC-MTE-NR26"", ""SRC-FUNDACENTRO-NHO"", ""SRC-IARC-MONOGRAPHS"", ""SRC-NIOSH-HOC""]"
PAGE-00218,bioacumulacao,Bioacumulação,explicacao_fundamental,topic,OH08,MOD-0030,"[""G"", ""P""]",candidate,not_rendered_v0.1.0,,,"[""SRC-MTE-NR26"", ""SRC-FUNDACENTRO-NHO"", ""SRC-IARC-MONOGRAPHS"", ""SRC-NIOSH-HOC""]"
PAGE-00219,mecanismos-de-toxicidade,Mecanismos de toxicidade,explicacao_fundamental,topic,OH08,MOD-0031,"[""G"", ""P""]",candidate,not_rendered_v0.1.0,,,"[""SRC-MTE-NR26"", ""SRC-FUNDACENTRO-NHO"", ""SRC-IARC-MONOGRAPHS"", ""SRC-NIOSH-HOC""]"
PAGE-00220,estresse-oxidativo,Estresse oxidativo,explicacao_fundamental,topic,OH08,MOD-0031,"[""G"", ""P""]",candidate,not_rendered_v0.1.0,,,"[""SRC-MTE-NR26"", ""SRC-FUNDACENTRO-NHO"", ""SRC-IARC-MONOGRAPHS"", ""SRC-NIOSH-HOC""]"
PAGE-00221,neurotoxicidade,Neurotoxicidade,explicacao_fundamental,topic,OH08,MOD-0031,"[""G"", ""P""]",candidate,not_rendered_v0.1.0,,,"[""SRC-MTE-NR26"", ""SRC-FUNDACENTRO-NHO"", ""SRC-IARC-MONOGRAPHS"", ""SRC-NIOSH-HOC""]"
PAGE-00222,hepatotoxicidade,Hepatotoxicidade,explicacao_fundamental,topic,OH08,MOD-0031,"[""G"", ""P""]",candidate,not_rendered_v0.1.0,,,"[""SRC-MTE-NR26"", ""SRC-FUNDACENTRO-NHO"", ""SRC-IARC-MONOGRAPHS"", ""SRC-NIOSH-HOC""]"
PAGE-00223,nefrotoxicidade,Nefrotoxicidade,explicacao_fundamental,topic,OH08,MOD-0031,"[""G"", ""P""]",candidate,not_rendered_v0.1.0,,,"[""SRC-MTE-NR26"", ""SRC-FUNDACENTRO-NHO"", ""SRC-IARC-MONOGRAPHS"", ""SRC-NIOSH-HOC""]"
PAGE-00224,hematotoxicidade,Hematotoxicidade,explicacao_fundamental,topic,OH08,MOD-0031,"[""G"", ""P""]",candidate,not_rendered_v0.1.0,,,"[""SRC-MTE-NR26"", ""SRC-FUNDACENTRO-NHO"", ""SRC-IARC-MONOGRAPHS"", ""SRC-NIOSH-HOC""]"
PAGE-00225,toxicidade-reprodutiva,Toxicidade reprodutiva,explicacao_fundamental,topic,OH08,MOD-0031,"[""G"", ""P""]",candidate,not_rendered_v0.1.0,,,"[""SRC-MTE-NR26"", ""SRC-FUNDACENTRO-NHO"", ""SRC-IARC-MONOGRAPHS"", ""SRC-NIOSH-HOC""]"
PAGE-00226,genotoxicidade,Genotoxicidade,explicacao_fundamental,topic,OH08,MOD-0031,"[""G"", ""P""]",candidate,not_rendered_v0.1.0,,,"[""SRC-MTE-NR26"", ""SRC-FUNDACENTRO-NHO"", ""SRC-IARC-MONOGRAPHS"", ""SRC-NIOSH-HOC""]"
PAGE-00227,carcinogenicidade-ocupacional,Carcinogenicidade ocupacional,explicacao_fundamental,topic,OH08,MOD-0031,"[""G"", ""P""]",candidate,not_rendered_v0.1.0,,,"[""SRC-MTE-NR26"", ""SRC-FUNDACENTRO-NHO"", ""SRC-IARC-MONOGRAPHS"", ""SRC-NIOSH-HOC""]"
PAGE-00228,biomarcador-de-exposicao,Biomarcador de exposição,explicacao_fundamental,topic,OH08,MOD-0032,"[""G"", ""P""]",candidate,not_rendered_v0.1.0,,,"[""SRC-MTE-NR26"", ""SRC-FUNDACENTRO-NHO"", ""SRC-IARC-MONOGRAPHS"", ""SRC-NIOSH-HOC""]"
PAGE-00229,biomarcador-de-efeito,Biomarcador de efeito,explicacao_fundamental,topic,OH08,MOD-0032,"[""G"", ""P""]",candidate,not_rendered_v0.1.0,,,"[""SRC-MTE-NR26"", ""SRC-FUNDACENTRO-NHO"", ""SRC-IARC-MONOGRAPHS"", ""SRC-NIOSH-HOC""]"
PAGE-00230,biomarcador-de-suscetibilidade,Biomarcador de suscetibilidade,explicacao_fundamental,topic,OH08,MOD-0032,"[""G"", ""P""]",candidate,not_rendered_v0.1.0,,,"[""SRC-MTE-NR26"", ""SRC-FUNDACENTRO-NHO"", ""SRC-IARC-MONOGRAPHS"", ""SRC-NIOSH-HOC""]"
PAGE-00231,monitoramento-biologico-ocupacional,Monitoramento biológico ocupacional,explicacao_fundamental,topic,OH08,MOD-0032,"[""G"", ""P""]",candidate,not_rendered_v0.1.0,,,"[""SRC-MTE-NR26"", ""SRC-FUNDACENTRO-NHO"", ""SRC-IARC-MONOGRAPHS"", ""SRC-NIOSH-HOC""]"
PAGE-00232,momento-de-coleta-de-biomarcadores,Momento de coleta de biomarcadores,explicacao_fundamental,topic,OH08,MOD-0032,"[""G"", ""P""]",candidate,not_rendered_v0.1.0,,,"[""SRC-MTE-NR26"", ""SRC-FUNDACENTRO-NHO"", ""SRC-IARC-MONOGRAPHS"", ""SRC-NIOSH-HOC""]"
PAGE-00233,interpretacao-de-biomarcadores,Interpretação de biomarcadores,explicacao_fundamental,topic,OH08,MOD-0032,"[""G"", ""P""]",candidate,not_rendered_v0.1.0,,,"[""SRC-MTE-NR26"", ""SRC-FUNDACENTRO-NHO"", ""SRC-IARC-MONOGRAPHS"", ""SRC-NIOSH-HOC""]"
PAGE-00234,solventes-organicos,Solventes orgânicos,explicacao_fundamental,topic,OH08,MOD-0033,"[""T"", ""G"", ""P""]",candidate,not_rendered_v0.1.0,,,"[""SRC-MTE-NR26"", ""SRC-FUNDACENTRO-NHO"", ""SRC-IARC-MONOGRAPHS"", ""SRC-NIOSH-HOC""]"
PAGE-00235,metais-e-metaloides,Metais e metaloides,explicacao_fundamental,topic,OH08,MOD-0033,"[""T"", ""G"", ""P""]",candidate,not_rendered_v0.1.0,,,"[""SRC-MTE-NR26"", ""SRC-FUNDACENTRO-NHO"", ""SRC-IARC-MONOGRAPHS"", ""SRC-NIOSH-HOC""]"
PAGE-00236,agrotoxicos,Agrotóxicos,explicacao_fundamental,topic,OH08,MOD-0033,"[""T"", ""G"", ""P""]",candidate,not_rendered_v0.1.0,,,"[""SRC-MTE-NR26"", ""SRC-FUNDACENTRO-NHO"", ""SRC-IARC-MONOGRAPHS"", ""SRC-NIOSH-HOC""]"
PAGE-00237,gases-asfixiantes,Gases asfixiantes,explicacao_fundamental,topic,OH08,MOD-0033,"[""T"", ""G"", ""P""]",candidate,not_rendered_v0.1.0,,,"[""SRC-MTE-NR26"", ""SRC-FUNDACENTRO-NHO"", ""SRC-IARC-MONOGRAPHS"", ""SRC-NIOSH-HOC""]"
PAGE-00238,gases-irritantes,Gases irritantes,explicacao_fundamental,topic,OH08,MOD-0033,"[""T"", ""G"", ""P""]",candidate,not_rendered_v0.1.0,,,"[""SRC-MTE-NR26"", ""SRC-FUNDACENTRO-NHO"", ""SRC-IARC-MONOGRAPHS"", ""SRC-NIOSH-HOC""]"
PAGE-00239,poeiras-minerais,Poeiras minerais,explicacao_fundamental,topic,OH08,MOD-0033,"[""T"", ""G"", ""P""]",candidate,not_rendered_v0.1.0,,,"[""SRC-MTE-NR26"", ""SRC-FUNDACENTRO-NHO"", ""SRC-IARC-MONOGRAPHS"", ""SRC-NIOSH-HOC""]"
PAGE-00240,fumos-metalicos,Fumos metálicos,explicacao_fundamental,topic,OH08,MOD-0033,"[""T"", ""G"", ""P""]",candidate,not_rendered_v0.1.0,,,"[""SRC-MTE-NR26"", ""SRC-FUNDACENTRO-NHO"", ""SRC-IARC-MONOGRAPHS"", ""SRC-NIOSH-HOC""]"
PAGE-00241,nevoas-e-vapores,Névoas e vapores,explicacao_fundamental,topic,OH08,MOD-0033,"[""T"", ""G"", ""P""]",candidate,not_rendered_v0.1.0,,,"[""SRC-MTE-NR26"", ""SRC-FUNDACENTRO-NHO"", ""SRC-IARC-MONOGRAPHS"", ""SRC-NIOSH-HOC""]"
PAGE-00242,hidrocarbonetos,Hidrocarbonetos,explicacao_fundamental,topic,OH08,MOD-0033,"[""T"", ""G"", ""P""]",candidate,not_rendered_v0.1.0,,,"[""SRC-MTE-NR26"", ""SRC-FUNDACENTRO-NHO"", ""SRC-IARC-MONOGRAPHS"", ""SRC-NIOSH-HOC""]"
PAGE-00243,medicamentos-perigosos,Medicamentos perigosos,explicacao_fundamental,topic,OH08,MOD-0033,"[""T"", ""G"", ""P""]",candidate,not_rendered_v0.1.0,,,"[""SRC-MTE-NR26"", ""SRC-FUNDACENTRO-NHO"", ""SRC-IARC-MONOGRAPHS"", ""SRC-NIOSH-HOC""]"
PAGE-00244,benzeno,Benzeno,explicacao_fundamental,topic,OH08,MOD-0034,"[""G"", ""P""]",candidate,not_rendered_v0.1.0,,,"[""SRC-MTE-NR26"", ""SRC-FUNDACENTRO-NHO"", ""SRC-IARC-MONOGRAPHS"", ""SRC-NIOSH-HOC""]"
PAGE-00245,chumbo,Chumbo,explicacao_fundamental,topic,OH08,MOD-0034,"[""G"", ""P""]",candidate,not_rendered_v0.1.0,,,"[""SRC-MTE-NR26"", ""SRC-FUNDACENTRO-NHO"", ""SRC-IARC-MONOGRAPHS"", ""SRC-NIOSH-HOC""]"
PAGE-00246,mercurio,Mercúrio,explicacao_fundamental,topic,OH08,MOD-0034,"[""G"", ""P""]",candidate,not_rendered_v0.1.0,,,"[""SRC-MTE-NR26"", ""SRC-FUNDACENTRO-NHO"", ""SRC-IARC-MONOGRAPHS"", ""SRC-NIOSH-HOC""]"
PAGE-00247,cadmio,Cádmio,explicacao_fundamental,topic,OH08,MOD-0034,"[""G"", ""P""]",candidate,not_rendered_v0.1.0,,,"[""SRC-MTE-NR26"", ""SRC-FUNDACENTRO-NHO"", ""SRC-IARC-MONOGRAPHS"", ""SRC-NIOSH-HOC""]"
PAGE-00248,arsenio,Arsênio,explicacao_fundamental,topic,OH08,MOD-0034,"[""G"", ""P""]",candidate,not_rendered_v0.1.0,,,"[""SRC-MTE-NR26"", ""SRC-FUNDACENTRO-NHO"", ""SRC-IARC-MONOGRAPHS"", ""SRC-NIOSH-HOC""]"
PAGE-00249,silica-cristalina,Sílica cristalina,explicacao_fundamental,topic,OH08,MOD-0034,"[""G"", ""P""]",candidate,not_rendered_v0.1.0,,,"[""SRC-MTE-NR26"", ""SRC-FUNDACENTRO-NHO"", ""SRC-IARC-MONOGRAPHS"", ""SRC-NIOSH-HOC""]"
PAGE-00250,amianto,Amianto,explicacao_fundamental,topic,OH08,MOD-0034,"[""G"", ""P""]",candidate,not_rendered_v0.1.0,,,"[""SRC-MTE-NR26"", ""SRC-FUNDACENTRO-NHO"", ""SRC-IARC-MONOGRAPHS"", ""SRC-NIOSH-HOC""]"
PAGE-00251,monoxido-de-carbono,Monóxido de carbono,explicacao_fundamental,topic,OH08,MOD-0034,"[""G"", ""P""]",candidate,not_rendered_v0.1.0,,,"[""SRC-MTE-NR26"", ""SRC-FUNDACENTRO-NHO"", ""SRC-IARC-MONOGRAPHS"", ""SRC-NIOSH-HOC""]"
PAGE-00252,tolueno,Tolueno,explicacao_fundamental,topic,OH08,MOD-0034,"[""G"", ""P""]",candidate,not_rendered_v0.1.0,,,"[""SRC-MTE-NR26"", ""SRC-FUNDACENTRO-NHO"", ""SRC-IARC-MONOGRAPHS"", ""SRC-NIOSH-HOC""]"
PAGE-00253,xileno,Xileno,explicacao_fundamental,topic,OH08,MOD-0034,"[""G"", ""P""]",candidate,not_rendered_v0.1.0,,,"[""SRC-MTE-NR26"", ""SRC-FUNDACENTRO-NHO"", ""SRC-IARC-MONOGRAPHS"", ""SRC-NIOSH-HOC""]"
PAGE-00254,organofosforados,Organofosforados,explicacao_fundamental,topic,OH08,MOD-0034,"[""G"", ""P""]",candidate,not_rendered_v0.1.0,,,"[""SRC-MTE-NR26"", ""SRC-FUNDACENTRO-NHO"", ""SRC-IARC-MONOGRAPHS"", ""SRC-NIOSH-HOC""]"
PAGE-00255,carbamatos,Carbamatos,explicacao_fundamental,topic,OH08,MOD-0034,"[""G"", ""P""]",candidate,not_rendered_v0.1.0,,,"[""SRC-MTE-NR26"", ""SRC-FUNDACENTRO-NHO"", ""SRC-IARC-MONOGRAPHS"", ""SRC-NIOSH-HOC""]"
PAGE-00256,isocianatos,Isocianatos,explicacao_fundamental,topic,OH08,MOD-0034,"[""G"", ""P""]",candidate,not_rendered_v0.1.0,,,"[""SRC-MTE-NR26"", ""SRC-FUNDACENTRO-NHO"", ""SRC-IARC-MONOGRAPHS"", ""SRC-NIOSH-HOC""]"
PAGE-00257,formaldeido,Formaldeído,explicacao_fundamental,topic,OH08,MOD-0034,"[""G"", ""P""]",candidate,not_rendered_v0.1.0,,,"[""SRC-MTE-NR26"", ""SRC-FUNDACENTRO-NHO"", ""SRC-IARC-MONOGRAPHS"", ""SRC-NIOSH-HOC""]"
PAGE-00258,rotulagem-de-produtos-quimicos,Rotulagem de produtos químicos,explicacao_fundamental,topic,OH08,MOD-0035,"[""T"", ""G"", ""P""]",candidate,not_rendered_v0.1.0,,,"[""SRC-MTE-NR26"", ""SRC-FUNDACENTRO-NHO"", ""SRC-IARC-MONOGRAPHS"", ""SRC-NIOSH-HOC""]"
PAGE-00259,ficha-com-dados-de-seguranca,Ficha com dados de segurança,explicacao_fundamental,topic,OH08,MOD-0035,"[""T"", ""G"", ""P""]",candidate,not_rendered_v0.1.0,,,"[""SRC-MTE-NR26"", ""SRC-FUNDACENTRO-NHO"", ""SRC-IARC-MONOGRAPHS"", ""SRC-NIOSH-HOC""]"
PAGE-00260,sistema-globalmente-harmonizado-ghs,Sistema Globalmente Harmonizado GHS,explicacao_fundamental,topic,OH08,MOD-0035,"[""T"", ""G"", ""P""]",candidate,not_rendered_v0.1.0,,,"[""SRC-MTE-NR26"", ""SRC-FUNDACENTRO-NHO"", ""SRC-IARC-MONOGRAPHS"", ""SRC-NIOSH-HOC""]"
PAGE-00261,armazenamento-seguro-de-quimicos,Armazenamento seguro de químicos,explicacao_fundamental,topic,OH08,MOD-0035,"[""T"", ""G"", ""P""]",candidate,not_rendered_v0.1.0,,,"[""SRC-MTE-NR26"", ""SRC-FUNDACENTRO-NHO"", ""SRC-IARC-MONOGRAPHS"", ""SRC-NIOSH-HOC""]"
PAGE-00262,derramamento-quimico,Derramamento químico,explicacao_fundamental,topic,OH08,MOD-0035,"[""T"", ""G"", ""P""]",candidate,not_rendered_v0.1.0,,,"[""SRC-MTE-NR26"", ""SRC-FUNDACENTRO-NHO"", ""SRC-IARC-MONOGRAPHS"", ""SRC-NIOSH-HOC""]"
PAGE-00263,descontaminacao-quimica,Descontaminação química,explicacao_fundamental,topic,OH08,MOD-0035,"[""T"", ""G"", ""P""]",candidate,not_rendered_v0.1.0,,,"[""SRC-MTE-NR26"", ""SRC-FUNDACENTRO-NHO"", ""SRC-IARC-MONOGRAPHS"", ""SRC-NIOSH-HOC""]"
PAGE-00264,comunicacao-de-risco-quimico-oh08,Comunicação de risco químico,explicacao_fundamental,topic,OH08,MOD-0035,"[""T"", ""G"", ""P""]",candidate,not_rendered_v0.1.0,,,"[""SRC-MTE-NR26"", ""SRC-FUNDACENTRO-NHO"", ""SRC-IARC-MONOGRAPHS"", ""SRC-NIOSH-HOC""]"
PAGE-00265,agente-biologico-no-trabalho,Agente biológico no trabalho,explicacao_fundamental,topic,OH09,MOD-0036,"[""T"", ""G"", ""P""]",candidate,not_rendered_v0.1.0,,,"[""SRC-MTE-NR32"", ""SRC-WHO-HCW"", ""SRC-MS-VISAT""]"
PAGE-00266,cadeia-de-transmissao,Cadeia de transmissão,explicacao_fundamental,topic,OH09,MOD-0036,"[""T"", ""G"", ""P""]",candidate,not_rendered_v0.1.0,,,"[""SRC-MTE-NR32"", ""SRC-WHO-HCW"", ""SRC-MS-VISAT""]"
PAGE-00267,vias-de-exposicao-biologica,Vias de exposição biológica,explicacao_fundamental,topic,OH09,MOD-0036,"[""T"", ""G"", ""P""]",candidate,not_rendered_v0.1.0,,,"[""SRC-MTE-NR32"", ""SRC-WHO-HCW"", ""SRC-MS-VISAT""]"
PAGE-00268,aerossois-e-goticulas,Aerossóis e gotículas,explicacao_fundamental,topic,OH09,MOD-0036,"[""T"", ""G"", ""P""]",candidate,not_rendered_v0.1.0,,,"[""SRC-MTE-NR32"", ""SRC-WHO-HCW"", ""SRC-MS-VISAT""]"
PAGE-00269,sangue-e-fluidos-corporais,Sangue e fluidos corporais,explicacao_fundamental,topic,OH09,MOD-0036,"[""T"", ""G"", ""P""]",candidate,not_rendered_v0.1.0,,,"[""SRC-MTE-NR32"", ""SRC-WHO-HCW"", ""SRC-MS-VISAT""]"
PAGE-00270,zoonoses-ocupacionais,Zoonoses ocupacionais,explicacao_fundamental,topic,OH09,MOD-0036,"[""T"", ""G"", ""P""]",candidate,not_rendered_v0.1.0,,,"[""SRC-MTE-NR32"", ""SRC-WHO-HCW"", ""SRC-MS-VISAT""]"
PAGE-00271,risco-biologico-em-laboratorio,Risco biológico em laboratório,explicacao_fundamental,topic,OH09,MOD-0036,"[""T"", ""G"", ""P""]",candidate,not_rendered_v0.1.0,,,"[""SRC-MTE-NR32"", ""SRC-WHO-HCW"", ""SRC-MS-VISAT""]"
PAGE-00272,nr-32-e-riscos-biologicos,NR-32 e riscos biológicos,explicacao_fundamental,topic,OH09,MOD-0037,"[""T"", ""G"", ""P""]",candidate,not_rendered_v0.1.0,,,"[""SRC-MTE-NR32"", ""SRC-WHO-HCW"", ""SRC-MS-VISAT""]"
PAGE-00273,acidente-com-perfurocortante,Acidente com perfurocortante,explicacao_fundamental,topic,OH09,MOD-0037,"[""T"", ""G"", ""P""]",candidate,not_rendered_v0.1.0,,,"[""SRC-MTE-NR32"", ""SRC-WHO-HCW"", ""SRC-MS-VISAT""]"
PAGE-00274,exposicao-a-material-biologico,Exposição a material biológico,explicacao_fundamental,topic,OH09,MOD-0037,"[""T"", ""G"", ""P""]",candidate,not_rendered_v0.1.0,,,"[""SRC-MTE-NR32"", ""SRC-WHO-HCW"", ""SRC-MS-VISAT""]"
PAGE-00275,precaucoes-padrao,Precauções padrão,explicacao_fundamental,topic,OH09,MOD-0037,"[""T"", ""G"", ""P""]",candidate,not_rendered_v0.1.0,,,"[""SRC-MTE-NR32"", ""SRC-WHO-HCW"", ""SRC-MS-VISAT""]"
PAGE-00276,dispositivos-de-seguranca,Dispositivos de segurança,explicacao_fundamental,topic,OH09,MOD-0037,"[""T"", ""G"", ""P""]",candidate,not_rendered_v0.1.0,,,"[""SRC-MTE-NR32"", ""SRC-WHO-HCW"", ""SRC-MS-VISAT""]"
PAGE-00277,residuos-de-servicos-de-saude,Resíduos de serviços de saúde,explicacao_fundamental,topic,OH09,MOD-0037,"[""T"", ""G"", ""P""]",candidate,not_rendered_v0.1.0,,,"[""SRC-MTE-NR32"", ""SRC-WHO-HCW"", ""SRC-MS-VISAT""]"
PAGE-00278,roupas-e-lavanderia-em-servicos-de-saude,Roupas e lavanderia em serviços de saúde,explicacao_fundamental,topic,OH09,MOD-0037,"[""T"", ""G"", ""P""]",candidate,not_rendered_v0.1.0,,,"[""SRC-MTE-NR32"", ""SRC-WHO-HCW"", ""SRC-MS-VISAT""]"
PAGE-00279,conduta-imediata-apos-exposicao-biologica,Conduta imediata após exposição biológica,explicacao_fundamental,topic,OH09,MOD-0038,"[""T"", ""G"", ""P""]",candidate,not_rendered_v0.1.0,,,"[""SRC-MTE-NR32"", ""SRC-WHO-HCW"", ""SRC-MS-VISAT""]"
PAGE-00280,avaliacao-da-fonte,Avaliação da fonte,explicacao_fundamental,topic,OH09,MOD-0038,"[""T"", ""G"", ""P""]",candidate,not_rendered_v0.1.0,,,"[""SRC-MTE-NR32"", ""SRC-WHO-HCW"", ""SRC-MS-VISAT""]"
PAGE-00281,avaliacao-do-trabalhador-exposto,Avaliação do trabalhador exposto,explicacao_fundamental,topic,OH09,MOD-0038,"[""T"", ""G"", ""P""]",candidate,not_rendered_v0.1.0,,,"[""SRC-MTE-NR32"", ""SRC-WHO-HCW"", ""SRC-MS-VISAT""]"
PAGE-00282,hiv-ocupacional,HIV ocupacional,explicacao_fundamental,topic,OH09,MOD-0038,"[""T"", ""G"", ""P""]",candidate,not_rendered_v0.1.0,,,"[""SRC-MTE-NR32"", ""SRC-WHO-HCW"", ""SRC-MS-VISAT""]"
PAGE-00283,hepatite-b-ocupacional,Hepatite B ocupacional,explicacao_fundamental,topic,OH09,MOD-0038,"[""T"", ""G"", ""P""]",candidate,not_rendered_v0.1.0,,,"[""SRC-MTE-NR32"", ""SRC-WHO-HCW"", ""SRC-MS-VISAT""]"
PAGE-00284,hepatite-c-ocupacional,Hepatite C ocupacional,explicacao_fundamental,topic,OH09,MOD-0038,"[""T"", ""G"", ""P""]",candidate,not_rendered_v0.1.0,,,"[""SRC-MTE-NR32"", ""SRC-WHO-HCW"", ""SRC-MS-VISAT""]"
PAGE-00285,seguimento-pos-exposicao,Seguimento pós-exposição,explicacao_fundamental,topic,OH09,MOD-0038,"[""T"", ""G"", ""P""]",candidate,not_rendered_v0.1.0,,,"[""SRC-MTE-NR32"", ""SRC-WHO-HCW"", ""SRC-MS-VISAT""]"
PAGE-00286,registro-e-notificacao-da-exposicao,Registro e notificação da exposição,explicacao_fundamental,topic,OH09,MOD-0038,"[""T"", ""G"", ""P""]",candidate,not_rendered_v0.1.0,,,"[""SRC-MTE-NR32"", ""SRC-WHO-HCW"", ""SRC-MS-VISAT""]"
PAGE-00287,higiene-das-maos-no-trabalho,Higiene das mãos no trabalho,explicacao_fundamental,topic,OH09,MOD-0039,"[""T"", ""G"", ""P""]",candidate,not_rendered_v0.1.0,,,"[""SRC-MTE-NR32"", ""SRC-WHO-HCW"", ""SRC-MS-VISAT""]"
PAGE-00288,vacinacao-de-trabalhadores,Vacinação de trabalhadores,explicacao_fundamental,topic,OH09,MOD-0039,"[""T"", ""G"", ""P""]",candidate,not_rendered_v0.1.0,,,"[""SRC-MTE-NR32"", ""SRC-WHO-HCW"", ""SRC-MS-VISAT""]"
PAGE-00289,protecao-respiratoria-em-risco-biologico,Proteção respiratória em risco biológico,explicacao_fundamental,topic,OH09,MOD-0039,"[""T"", ""G"", ""P""]",candidate,not_rendered_v0.1.0,,,"[""SRC-MTE-NR32"", ""SRC-WHO-HCW"", ""SRC-MS-VISAT""]"
PAGE-00290,controle-de-aerossois,Controle de aerossóis,explicacao_fundamental,topic,OH09,MOD-0039,"[""T"", ""G"", ""P""]",candidate,not_rendered_v0.1.0,,,"[""SRC-MTE-NR32"", ""SRC-WHO-HCW"", ""SRC-MS-VISAT""]"
PAGE-00291,treinamento-em-biosseguranca,Treinamento em biossegurança,explicacao_fundamental,topic,OH09,MOD-0039,"[""T"", ""G"", ""P""]",candidate,not_rendered_v0.1.0,,,"[""SRC-MTE-NR32"", ""SRC-WHO-HCW"", ""SRC-MS-VISAT""]"
PAGE-00292,gestao-de-exposicao-biologica,Gestão de exposição biológica,explicacao_fundamental,topic,OH09,MOD-0039,"[""T"", ""G"", ""P""]",candidate,not_rendered_v0.1.0,,,"[""SRC-MTE-NR32"", ""SRC-WHO-HCW"", ""SRC-MS-VISAT""]"
PAGE-00293,ergonomia-fisica,Ergonomia física,explicacao_fundamental,topic,OH10,MOD-0040,"[""T"", ""G"", ""P""]",candidate,not_rendered_v0.1.0,,,"[""SRC-MTE-NR17"", ""SRC-MTE-NR01""]"
PAGE-00294,ergonomia-cognitiva,Ergonomia cognitiva,explicacao_fundamental,topic,OH10,MOD-0040,"[""T"", ""G"", ""P""]",candidate,not_rendered_v0.1.0,,,"[""SRC-MTE-NR17"", ""SRC-MTE-NR01""]"
PAGE-00295,ergonomia-organizacional,Ergonomia organizacional,explicacao_fundamental,topic,OH10,MOD-0040,"[""T"", ""G"", ""P""]",candidate,not_rendered_v0.1.0,,,"[""SRC-MTE-NR17"", ""SRC-MTE-NR01""]"
PAGE-00296,caracteristicas-psicofisiologicas-do-trabalhador,Características psicofisiológicas do trabalhador,explicacao_fundamental,topic,OH10,MOD-0040,"[""T"", ""G"", ""P""]",candidate,not_rendered_v0.1.0,,,"[""SRC-MTE-NR17"", ""SRC-MTE-NR01""]"
PAGE-00297,adaptacao-das-condicoes-de-trabalho,Adaptação das condições de trabalho,explicacao_fundamental,topic,OH10,MOD-0040,"[""T"", ""G"", ""P""]",candidate,not_rendered_v0.1.0,,,"[""SRC-MTE-NR17"", ""SRC-MTE-NR01""]"
PAGE-00298,trabalho-prescrito-e-trabalho-real,Trabalho prescrito e trabalho real,explicacao_fundamental,topic,OH10,MOD-0040,"[""T"", ""G"", ""P""]",candidate,not_rendered_v0.1.0,,,"[""SRC-MTE-NR17"", ""SRC-MTE-NR01""]"
PAGE-00299,postura-no-trabalho,Postura no trabalho,explicacao_fundamental,topic,OH10,MOD-0041,"[""T"", ""G"", ""P""]",candidate,not_rendered_v0.1.0,,,"[""SRC-MTE-NR17"", ""SRC-MTE-NR01""]"
PAGE-00300,forca-e-esforco,Força e esforço,explicacao_fundamental,topic,OH10,MOD-0041,"[""T"", ""G"", ""P""]",candidate,not_rendered_v0.1.0,,,"[""SRC-MTE-NR17"", ""SRC-MTE-NR01""]"
PAGE-00301,repetitividade,Repetitividade,explicacao_fundamental,topic,OH10,MOD-0041,"[""T"", ""G"", ""P""]",candidate,not_rendered_v0.1.0,,,"[""SRC-MTE-NR17"", ""SRC-MTE-NR01""]"
PAGE-00302,levantamento-manual-de-cargas,Levantamento manual de cargas,explicacao_fundamental,topic,OH10,MOD-0041,"[""T"", ""G"", ""P""]",candidate,not_rendered_v0.1.0,,,"[""SRC-MTE-NR17"", ""SRC-MTE-NR01""]"
PAGE-00303,transporte-manual-de-cargas,Transporte manual de cargas,explicacao_fundamental,topic,OH10,MOD-0041,"[""T"", ""G"", ""P""]",candidate,not_rendered_v0.1.0,,,"[""SRC-MTE-NR17"", ""SRC-MTE-NR01""]"
PAGE-00304,empurrar-e-puxar-cargas,Empurrar e puxar cargas,explicacao_fundamental,topic,OH10,MOD-0041,"[""T"", ""G"", ""P""]",candidate,not_rendered_v0.1.0,,,"[""SRC-MTE-NR17"", ""SRC-MTE-NR01""]"
PAGE-00305,trabalho-sentado,Trabalho sentado,explicacao_fundamental,topic,OH10,MOD-0041,"[""T"", ""G"", ""P""]",candidate,not_rendered_v0.1.0,,,"[""SRC-MTE-NR17"", ""SRC-MTE-NR01""]"
PAGE-00306,trabalho-em-pe,Trabalho em pé,explicacao_fundamental,topic,OH10,MOD-0041,"[""T"", ""G"", ""P""]",candidate,not_rendered_v0.1.0,,,"[""SRC-MTE-NR17"", ""SRC-MTE-NR01""]"
PAGE-00307,ritmo-de-trabalho,Ritmo de trabalho,explicacao_fundamental,topic,OH10,MOD-0042,"[""T"", ""G"", ""P""]",candidate,not_rendered_v0.1.0,,,"[""SRC-MTE-NR17"", ""SRC-MTE-NR01""]"
PAGE-00308,pausas,Pausas,explicacao_fundamental,topic,OH10,MOD-0042,"[""T"", ""G"", ""P""]",candidate,not_rendered_v0.1.0,,,"[""SRC-MTE-NR17"", ""SRC-MTE-NR01""]"
PAGE-00309,jornada-e-duracao-do-trabalho,Jornada e duração do trabalho,explicacao_fundamental,topic,OH10,MOD-0042,"[""T"", ""G"", ""P""]",candidate,not_rendered_v0.1.0,,,"[""SRC-MTE-NR17"", ""SRC-MTE-NR01""]"
PAGE-00310,metas-e-pressao-temporal,Metas e pressão temporal,explicacao_fundamental,topic,OH10,MOD-0042,"[""T"", ""G"", ""P""]",candidate,not_rendered_v0.1.0,,,"[""SRC-MTE-NR17"", ""SRC-MTE-NR01""]"
PAGE-00311,monotonia,Monotonia,explicacao_fundamental,topic,OH10,MOD-0042,"[""T"", ""G"", ""P""]",candidate,not_rendered_v0.1.0,,,"[""SRC-MTE-NR17"", ""SRC-MTE-NR01""]"
PAGE-00312,variabilidade-das-tarefas,Variabilidade das tarefas,explicacao_fundamental,topic,OH10,MOD-0042,"[""T"", ""G"", ""P""]",candidate,not_rendered_v0.1.0,,,"[""SRC-MTE-NR17"", ""SRC-MTE-NR01""]"
PAGE-00313,autonomia-e-controle-sobre-o-trabalho,Autonomia e controle sobre o trabalho,explicacao_fundamental,topic,OH10,MOD-0042,"[""T"", ""G"", ""P""]",candidate,not_rendered_v0.1.0,,,"[""SRC-MTE-NR17"", ""SRC-MTE-NR01""]"
PAGE-00314,avaliacao-ergonomica-preliminar,Avaliação ergonômica preliminar,explicacao_fundamental,topic,OH10,MOD-0043,"[""G"", ""P""]",candidate,not_rendered_v0.1.0,,,"[""SRC-MTE-NR17"", ""SRC-MTE-NR01""]"
PAGE-00315,analise-ergonomica-do-trabalho,Análise ergonômica do trabalho,explicacao_fundamental,topic,OH10,MOD-0043,"[""G"", ""P""]",candidate,not_rendered_v0.1.0,,,"[""SRC-MTE-NR17"", ""SRC-MTE-NR01""]"
PAGE-00316,analise-da-demanda,Análise da demanda,explicacao_fundamental,topic,OH10,MOD-0043,"[""G"", ""P""]",candidate,not_rendered_v0.1.0,,,"[""SRC-MTE-NR17"", ""SRC-MTE-NR01""]"
PAGE-00317,analise-da-tarefa,Análise da tarefa,explicacao_fundamental,topic,OH10,MOD-0043,"[""G"", ""P""]",candidate,not_rendered_v0.1.0,,,"[""SRC-MTE-NR17"", ""SRC-MTE-NR01""]"
PAGE-00318,analise-da-atividade,Análise da atividade,explicacao_fundamental,topic,OH10,MOD-0043,"[""G"", ""P""]",candidate,not_rendered_v0.1.0,,,"[""SRC-MTE-NR17"", ""SRC-MTE-NR01""]"
PAGE-00319,diagnostico-ergonomico,Diagnóstico ergonômico,explicacao_fundamental,topic,OH10,MOD-0043,"[""G"", ""P""]",candidate,not_rendered_v0.1.0,,,"[""SRC-MTE-NR17"", ""SRC-MTE-NR01""]"
PAGE-00320,recomendacoes-ergonomicas,Recomendações ergonômicas,explicacao_fundamental,topic,OH10,MOD-0043,"[""G"", ""P""]",candidate,not_rendered_v0.1.0,,,"[""SRC-MTE-NR17"", ""SRC-MTE-NR01""]"
PAGE-00321,acompanhamento-da-intervencao,Acompanhamento da intervenção,explicacao_fundamental,topic,OH10,MOD-0043,"[""G"", ""P""]",candidate,not_rendered_v0.1.0,,,"[""SRC-MTE-NR17"", ""SRC-MTE-NR01""]"
PAGE-00322,ergonomia-no-teletrabalho,Ergonomia no teletrabalho,explicacao_fundamental,topic,OH10,MOD-0044,"[""G"", ""P""]",candidate,not_rendered_v0.1.0,,,"[""SRC-MTE-NR17"", ""SRC-MTE-NR01""]"
PAGE-00323,ergonomia-em-home-office,Ergonomia em home office,explicacao_fundamental,topic,OH10,MOD-0044,"[""G"", ""P""]",candidate,not_rendered_v0.1.0,,,"[""SRC-MTE-NR17"", ""SRC-MTE-NR01""]"
PAGE-00324,ergonomia-de-telas-e-dispositivos,Ergonomia de telas e dispositivos,explicacao_fundamental,topic,OH10,MOD-0044,"[""G"", ""P""]",candidate,not_rendered_v0.1.0,,,"[""SRC-MTE-NR17"", ""SRC-MTE-NR01""]"
PAGE-00325,carga-cognitiva-digital,Carga cognitiva digital,explicacao_fundamental,topic,OH10,MOD-0044,"[""G"", ""P""]",candidate,not_rendered_v0.1.0,,,"[""SRC-MTE-NR17"", ""SRC-MTE-NR01""]"
PAGE-00326,exoesqueletos-ocupacionais,Exoesqueletos ocupacionais,explicacao_fundamental,topic,OH10,MOD-0044,"[""G"", ""P""]",candidate,not_rendered_v0.1.0,,,"[""SRC-MTE-NR17"", ""SRC-MTE-NR01""]"
PAGE-00327,design-inclusivo-e-acessibilidade,Design inclusivo e acessibilidade,explicacao_fundamental,topic,OH10,MOD-0044,"[""G"", ""P""]",candidate,not_rendered_v0.1.0,,,"[""SRC-MTE-NR17"", ""SRC-MTE-NR01""]"
PAGE-00328,psicodinamica-do-trabalho,Psicodinâmica do trabalho,explicacao_fundamental,topic,OH11,MOD-0045,"[""G"", ""P""]",candidate,not_rendered_v0.1.0,,,"[""SRC-MTE-NR01"", ""SRC-WHO-OH"", ""SRC-NIOSH-TWH"", ""SRC-MS-LDRT""]"
PAGE-00329,trabalho-prescrito-e-trabalho-real-na-psicodinamica,Trabalho prescrito e trabalho real na psicodinâmica,explicacao_fundamental,topic,OH11,MOD-0045,"[""G"", ""P""]",candidate,not_rendered_v0.1.0,,,"[""SRC-MTE-NR01"", ""SRC-WHO-OH"", ""SRC-NIOSH-TWH"", ""SRC-MS-LDRT""]"
PAGE-00330,prazer-no-trabalho,Prazer no trabalho,explicacao_fundamental,topic,OH11,MOD-0045,"[""G"", ""P""]",candidate,not_rendered_v0.1.0,,,"[""SRC-MTE-NR01"", ""SRC-WHO-OH"", ""SRC-NIOSH-TWH"", ""SRC-MS-LDRT""]"
PAGE-00331,sofrimento-no-trabalho,Sofrimento no trabalho,explicacao_fundamental,topic,OH11,MOD-0045,"[""G"", ""P""]",candidate,not_rendered_v0.1.0,,,"[""SRC-MTE-NR01"", ""SRC-WHO-OH"", ""SRC-NIOSH-TWH"", ""SRC-MS-LDRT""]"
PAGE-00332,reconhecimento-no-trabalho,Reconhecimento no trabalho,explicacao_fundamental,topic,OH11,MOD-0045,"[""G"", ""P""]",candidate,not_rendered_v0.1.0,,,"[""SRC-MTE-NR01"", ""SRC-WHO-OH"", ""SRC-NIOSH-TWH"", ""SRC-MS-LDRT""]"
PAGE-00333,estrategias-defensivas,Estratégias defensivas,explicacao_fundamental,topic,OH11,MOD-0045,"[""G"", ""P""]",candidate,not_rendered_v0.1.0,,,"[""SRC-MTE-NR01"", ""SRC-WHO-OH"", ""SRC-NIOSH-TWH"", ""SRC-MS-LDRT""]"
PAGE-00334,cooperacao-e-coletivo-de-trabalho,Cooperação e coletivo de trabalho,explicacao_fundamental,topic,OH11,MOD-0045,"[""G"", ""P""]",candidate,not_rendered_v0.1.0,,,"[""SRC-MTE-NR01"", ""SRC-WHO-OH"", ""SRC-NIOSH-TWH"", ""SRC-MS-LDRT""]"
PAGE-00335,conceito-de-fator-de-risco-psicossocial-relacionado-ao-trabalho,Conceito de fator de risco psicossocial relacionado ao trabalho,explicacao_fundamental,topic,OH11,MOD-0046,"[""T"", ""G"", ""P""]",candidate,not_rendered_v0.1.0,,,"[""SRC-MTE-NR01"", ""SRC-WHO-OH"", ""SRC-NIOSH-TWH"", ""SRC-MS-LDRT""]"
PAGE-00336,demandas-excessivas,Demandas excessivas,explicacao_fundamental,topic,OH11,MOD-0046,"[""T"", ""G"", ""P""]",candidate,not_rendered_v0.1.0,,,"[""SRC-MTE-NR01"", ""SRC-WHO-OH"", ""SRC-NIOSH-TWH"", ""SRC-MS-LDRT""]"
PAGE-00337,baixo-controle-sobre-o-trabalho,Baixo controle sobre o trabalho,explicacao_fundamental,topic,OH11,MOD-0046,"[""T"", ""G"", ""P""]",candidate,not_rendered_v0.1.0,,,"[""SRC-MTE-NR01"", ""SRC-WHO-OH"", ""SRC-NIOSH-TWH"", ""SRC-MS-LDRT""]"
PAGE-00338,baixo-apoio-social,Baixo apoio social,explicacao_fundamental,topic,OH11,MOD-0046,"[""T"", ""G"", ""P""]",candidate,not_rendered_v0.1.0,,,"[""SRC-MTE-NR01"", ""SRC-WHO-OH"", ""SRC-NIOSH-TWH"", ""SRC-MS-LDRT""]"
PAGE-00339,inseguranca-no-emprego,Insegurança no emprego,explicacao_fundamental,topic,OH11,MOD-0046,"[""T"", ""G"", ""P""]",candidate,not_rendered_v0.1.0,,,"[""SRC-MTE-NR01"", ""SRC-WHO-OH"", ""SRC-NIOSH-TWH"", ""SRC-MS-LDRT""]"
PAGE-00340,conflito-trabalho-familia,Conflito trabalho-família,explicacao_fundamental,topic,OH11,MOD-0046,"[""T"", ""G"", ""P""]",candidate,not_rendered_v0.1.0,,,"[""SRC-MTE-NR01"", ""SRC-WHO-OH"", ""SRC-NIOSH-TWH"", ""SRC-MS-LDRT""]"
PAGE-00341,violencia-e-assedio,Violência e assédio,explicacao_fundamental,topic,OH11,MOD-0046,"[""T"", ""G"", ""P""]",candidate,not_rendered_v0.1.0,,,"[""SRC-MTE-NR01"", ""SRC-WHO-OH"", ""SRC-NIOSH-TWH"", ""SRC-MS-LDRT""]"
PAGE-00342,jornadas-extensas,Jornadas extensas,explicacao_fundamental,topic,OH11,MOD-0046,"[""T"", ""G"", ""P""]",candidate,not_rendered_v0.1.0,,,"[""SRC-MTE-NR01"", ""SRC-WHO-OH"", ""SRC-NIOSH-TWH"", ""SRC-MS-LDRT""]"
PAGE-00343,trabalho-em-turnos-e-saude-mental,Trabalho em turnos e saúde mental,explicacao_fundamental,topic,OH11,MOD-0046,"[""T"", ""G"", ""P""]",candidate,not_rendered_v0.1.0,,,"[""SRC-MTE-NR01"", ""SRC-WHO-OH"", ""SRC-NIOSH-TWH"", ""SRC-MS-LDRT""]"
PAGE-00344,estresse-relacionado-ao-trabalho,Estresse relacionado ao trabalho,explicacao_fundamental,topic,OH11,MOD-0047,"[""T"", ""G"", ""P""]",candidate,not_rendered_v0.1.0,,,"[""SRC-MTE-NR01"", ""SRC-WHO-OH"", ""SRC-NIOSH-TWH"", ""SRC-MS-LDRT""]"
PAGE-00345,esgotamento-profissional,Esgotamento profissional,explicacao_fundamental,topic,OH11,MOD-0047,"[""T"", ""G"", ""P""]",candidate,not_rendered_v0.1.0,,,"[""SRC-MTE-NR01"", ""SRC-WHO-OH"", ""SRC-NIOSH-TWH"", ""SRC-MS-LDRT""]"
PAGE-00346,ansiedade-e-trabalho,Ansiedade e trabalho,explicacao_fundamental,topic,OH11,MOD-0047,"[""T"", ""G"", ""P""]",candidate,not_rendered_v0.1.0,,,"[""SRC-MTE-NR01"", ""SRC-WHO-OH"", ""SRC-NIOSH-TWH"", ""SRC-MS-LDRT""]"
PAGE-00347,depressao-e-trabalho,Depressão e trabalho,explicacao_fundamental,topic,OH11,MOD-0047,"[""T"", ""G"", ""P""]",candidate,not_rendered_v0.1.0,,,"[""SRC-MTE-NR01"", ""SRC-WHO-OH"", ""SRC-NIOSH-TWH"", ""SRC-MS-LDRT""]"
PAGE-00348,transtornos-relacionados-a-trauma-ocupacional,Transtornos relacionados a trauma ocupacional,explicacao_fundamental,topic,OH11,MOD-0047,"[""T"", ""G"", ""P""]",candidate,not_rendered_v0.1.0,,,"[""SRC-MTE-NR01"", ""SRC-WHO-OH"", ""SRC-NIOSH-TWH"", ""SRC-MS-LDRT""]"
PAGE-00349,uso-de-alcool-e-outras-drogas-no-contexto-laboral,Uso de álcool e outras drogas no contexto laboral,explicacao_fundamental,topic,OH11,MOD-0047,"[""T"", ""G"", ""P""]",candidate,not_rendered_v0.1.0,,,"[""SRC-MTE-NR01"", ""SRC-WHO-OH"", ""SRC-NIOSH-TWH"", ""SRC-MS-LDRT""]"
PAGE-00350,risco-de-suicidio-e-trabalho,Risco de suicídio e trabalho,explicacao_fundamental,topic,OH11,MOD-0047,"[""T"", ""G"", ""P""]",candidate,not_rendered_v0.1.0,,,"[""SRC-MTE-NR01"", ""SRC-WHO-OH"", ""SRC-NIOSH-TWH"", ""SRC-MS-LDRT""]"
PAGE-00351,avaliacao-de-riscos-psicossociais,Avaliação de riscos psicossociais,explicacao_fundamental,topic,OH11,MOD-0048,"[""G"", ""P""]",candidate,not_rendered_v0.1.0,,,"[""SRC-MTE-NR01"", ""SRC-WHO-OH"", ""SRC-NIOSH-TWH"", ""SRC-MS-LDRT""]"
PAGE-00352,intervencoes-organizacionais-em-saude-mental,Intervenções organizacionais em saúde mental,explicacao_fundamental,topic,OH11,MOD-0048,"[""G"", ""P""]",candidate,not_rendered_v0.1.0,,,"[""SRC-MTE-NR01"", ""SRC-WHO-OH"", ""SRC-NIOSH-TWH"", ""SRC-MS-LDRT""]"
PAGE-00353,prevencao-do-assedio,Prevenção do assédio,explicacao_fundamental,topic,OH11,MOD-0048,"[""G"", ""P""]",candidate,not_rendered_v0.1.0,,,"[""SRC-MTE-NR01"", ""SRC-WHO-OH"", ""SRC-NIOSH-TWH"", ""SRC-MS-LDRT""]"
PAGE-00354,programas-de-apoio-ao-trabalhador,Programas de apoio ao trabalhador,explicacao_fundamental,topic,OH11,MOD-0048,"[""G"", ""P""]",candidate,not_rendered_v0.1.0,,,"[""SRC-MTE-NR01"", ""SRC-WHO-OH"", ""SRC-NIOSH-TWH"", ""SRC-MS-LDRT""]"
PAGE-00355,retorno-ao-trabalho-apos-transtorno-mental,Retorno ao trabalho após transtorno mental,explicacao_fundamental,topic,OH11,MOD-0048,"[""G"", ""P""]",candidate,not_rendered_v0.1.0,,,"[""SRC-MTE-NR01"", ""SRC-WHO-OH"", ""SRC-NIOSH-TWH"", ""SRC-MS-LDRT""]"
PAGE-00356,gestao-de-crises-psicossociais,Gestão de crises psicossociais,explicacao_fundamental,topic,OH11,MOD-0048,"[""G"", ""P""]",candidate,not_rendered_v0.1.0,,,"[""SRC-MTE-NR01"", ""SRC-WHO-OH"", ""SRC-NIOSH-TWH"", ""SRC-MS-LDRT""]"
PAGE-00357,doenca-profissional,Doença profissional,explicacao_fundamental,topic,OH12,MOD-0049,"[""T"", ""G"", ""P""]",candidate,not_rendered_v0.1.0,,,"[""SRC-MS-LDRT"", ""SRC-MS-VISAT"", ""SRC-IARC-MONOGRAPHS""]"
PAGE-00358,doenca-do-trabalho,Doença do trabalho,explicacao_fundamental,topic,OH12,MOD-0049,"[""T"", ""G"", ""P""]",candidate,not_rendered_v0.1.0,,,"[""SRC-MS-LDRT"", ""SRC-MS-VISAT"", ""SRC-IARC-MONOGRAPHS""]"
PAGE-00359,agravo-relacionado-ao-trabalho,Agravo relacionado ao trabalho,explicacao_fundamental,topic,OH12,MOD-0049,"[""T"", ""G"", ""P""]",candidate,not_rendered_v0.1.0,,,"[""SRC-MS-LDRT"", ""SRC-MS-VISAT"", ""SRC-IARC-MONOGRAPHS""]"
PAGE-00360,nexo-causal-e-concausalidade,Nexo causal e concausalidade,explicacao_fundamental,topic,OH12,MOD-0049,"[""T"", ""G"", ""P""]",candidate,not_rendered_v0.1.0,,,"[""SRC-MS-LDRT"", ""SRC-MS-VISAT"", ""SRC-IARC-MONOGRAPHS""]"
PAGE-00361,historia-ocupacional,História ocupacional,explicacao_fundamental,topic,OH12,MOD-0049,"[""T"", ""G"", ""P""]",candidate,not_rendered_v0.1.0,,,"[""SRC-MS-LDRT"", ""SRC-MS-VISAT"", ""SRC-IARC-MONOGRAPHS""]"
PAGE-00362,latencia-e-exposicao-cumulativa,Latência e exposição cumulativa,explicacao_fundamental,topic,OH12,MOD-0049,"[""T"", ""G"", ""P""]",candidate,not_rendered_v0.1.0,,,"[""SRC-MS-LDRT"", ""SRC-MS-VISAT"", ""SRC-IARC-MONOGRAPHS""]"
PAGE-00363,lista-de-doencas-relacionadas-ao-trabalho,Lista de Doenças Relacionadas ao Trabalho,explicacao_fundamental,topic,OH12,MOD-0049,"[""T"", ""G"", ""P""]",candidate,not_rendered_v0.1.0,,,"[""SRC-MS-LDRT"", ""SRC-MS-VISAT"", ""SRC-IARC-MONOGRAPHS""]"
PAGE-00364,pneumoconioses,Pneumoconioses,explicacao_fundamental,topic,OH12,MOD-0050,"[""T"", ""G"", ""P""]",candidate,not_rendered_v0.1.0,,,"[""SRC-MS-LDRT"", ""SRC-MS-VISAT"", ""SRC-IARC-MONOGRAPHS""]"
PAGE-00365,silicose,Silicose,explicacao_fundamental,topic,OH12,MOD-0050,"[""T"", ""G"", ""P""]",candidate,not_rendered_v0.1.0,,,"[""SRC-MS-LDRT"", ""SRC-MS-VISAT"", ""SRC-IARC-MONOGRAPHS""]"
PAGE-00366,asbestose,Asbestose,explicacao_fundamental,topic,OH12,MOD-0050,"[""T"", ""G"", ""P""]",candidate,not_rendered_v0.1.0,,,"[""SRC-MS-LDRT"", ""SRC-MS-VISAT"", ""SRC-IARC-MONOGRAPHS""]"
PAGE-00367,asma-relacionada-ao-trabalho,Asma relacionada ao trabalho,explicacao_fundamental,topic,OH12,MOD-0050,"[""T"", ""G"", ""P""]",candidate,not_rendered_v0.1.0,,,"[""SRC-MS-LDRT"", ""SRC-MS-VISAT"", ""SRC-IARC-MONOGRAPHS""]"
PAGE-00368,doenca-pulmonar-por-hipersensibilidade,Doença pulmonar por hipersensibilidade,explicacao_fundamental,topic,OH12,MOD-0050,"[""T"", ""G"", ""P""]",candidate,not_rendered_v0.1.0,,,"[""SRC-MS-LDRT"", ""SRC-MS-VISAT"", ""SRC-IARC-MONOGRAPHS""]"
PAGE-00369,doenca-respiratoria-por-irritantes,Doença respiratória por irritantes,explicacao_fundamental,topic,OH12,MOD-0050,"[""T"", ""G"", ""P""]",candidate,not_rendered_v0.1.0,,,"[""SRC-MS-LDRT"", ""SRC-MS-VISAT"", ""SRC-IARC-MONOGRAPHS""]"
PAGE-00370,ler-dort,LER/DORT,explicacao_fundamental,topic,OH12,MOD-0051,"[""T"", ""G"", ""P""]",candidate,not_rendered_v0.1.0,,,"[""SRC-MS-LDRT"", ""SRC-MS-VISAT"", ""SRC-IARC-MONOGRAPHS""]"
PAGE-00371,tendinopatias-relacionadas-ao-trabalho,Tendinopatias relacionadas ao trabalho,explicacao_fundamental,topic,OH12,MOD-0051,"[""T"", ""G"", ""P""]",candidate,not_rendered_v0.1.0,,,"[""SRC-MS-LDRT"", ""SRC-MS-VISAT"", ""SRC-IARC-MONOGRAPHS""]"
PAGE-00372,sindrome-do-tunel-do-carpo-e-trabalho,Síndrome do túnel do carpo e trabalho,explicacao_fundamental,topic,OH12,MOD-0051,"[""T"", ""G"", ""P""]",candidate,not_rendered_v0.1.0,,,"[""SRC-MS-LDRT"", ""SRC-MS-VISAT"", ""SRC-IARC-MONOGRAPHS""]"
PAGE-00373,lombalgia-e-trabalho,Lombalgia e trabalho,explicacao_fundamental,topic,OH12,MOD-0051,"[""T"", ""G"", ""P""]",candidate,not_rendered_v0.1.0,,,"[""SRC-MS-LDRT"", ""SRC-MS-VISAT"", ""SRC-IARC-MONOGRAPHS""]"
PAGE-00374,dor-cervical-e-trabalho,Dor cervical e trabalho,explicacao_fundamental,topic,OH12,MOD-0051,"[""T"", ""G"", ""P""]",candidate,not_rendered_v0.1.0,,,"[""SRC-MS-LDRT"", ""SRC-MS-VISAT"", ""SRC-IARC-MONOGRAPHS""]"
PAGE-00375,prevencao-de-disturbios-musculoesqueleticos,Prevenção de distúrbios musculoesqueléticos,explicacao_fundamental,topic,OH12,MOD-0051,"[""T"", ""G"", ""P""]",candidate,not_rendered_v0.1.0,,,"[""SRC-MS-LDRT"", ""SRC-MS-VISAT"", ""SRC-IARC-MONOGRAPHS""]"
PAGE-00376,perda-auditiva-induzida-por-ruido,Perda auditiva induzida por ruído,explicacao_fundamental,topic,OH12,MOD-0052,"[""T"", ""G"", ""P""]",candidate,not_rendered_v0.1.0,,,"[""SRC-MS-LDRT"", ""SRC-MS-VISAT"", ""SRC-IARC-MONOGRAPHS""]"
PAGE-00377,zumbido-relacionado-ao-trabalho,Zumbido relacionado ao trabalho,explicacao_fundamental,topic,OH12,MOD-0052,"[""T"", ""G"", ""P""]",candidate,not_rendered_v0.1.0,,,"[""SRC-MS-LDRT"", ""SRC-MS-VISAT"", ""SRC-IARC-MONOGRAPHS""]"
PAGE-00378,ototoxicidade-ocupacional,Ototoxicidade ocupacional,explicacao_fundamental,topic,OH12,MOD-0052,"[""T"", ""G"", ""P""]",candidate,not_rendered_v0.1.0,,,"[""SRC-MS-LDRT"", ""SRC-MS-VISAT"", ""SRC-IARC-MONOGRAPHS""]"
PAGE-00379,vigilancia-audiologica,Vigilância audiológica,explicacao_fundamental,topic,OH12,MOD-0052,"[""T"", ""G"", ""P""]",candidate,not_rendered_v0.1.0,,,"[""SRC-MS-LDRT"", ""SRC-MS-VISAT"", ""SRC-IARC-MONOGRAPHS""]"
PAGE-00380,dermatite-de-contato-irritativa,Dermatite de contato irritativa,explicacao_fundamental,topic,OH12,MOD-0053,"[""T"", ""G"", ""P""]",candidate,not_rendered_v0.1.0,,,"[""SRC-MS-LDRT"", ""SRC-MS-VISAT"", ""SRC-IARC-MONOGRAPHS""]"
PAGE-00381,dermatite-de-contato-alergica,Dermatite de contato alérgica,explicacao_fundamental,topic,OH12,MOD-0053,"[""T"", ""G"", ""P""]",candidate,not_rendered_v0.1.0,,,"[""SRC-MS-LDRT"", ""SRC-MS-VISAT"", ""SRC-IARC-MONOGRAPHS""]"
PAGE-00382,dermatoses-ocupacionais,Dermatoses ocupacionais,explicacao_fundamental,topic,OH12,MOD-0053,"[""T"", ""G"", ""P""]",candidate,not_rendered_v0.1.0,,,"[""SRC-MS-LDRT"", ""SRC-MS-VISAT"", ""SRC-IARC-MONOGRAPHS""]"
PAGE-00383,prevencao-de-dermatoses,Prevenção de dermatoses,explicacao_fundamental,topic,OH12,MOD-0053,"[""T"", ""G"", ""P""]",candidate,not_rendered_v0.1.0,,,"[""SRC-MS-LDRT"", ""SRC-MS-VISAT"", ""SRC-IARC-MONOGRAPHS""]"
PAGE-00384,carcinogenos-ocupacionais,Carcinógenos ocupacionais,explicacao_fundamental,topic,OH12,MOD-0054,"[""G"", ""P""]",candidate,not_rendered_v0.1.0,,,"[""SRC-MS-LDRT"", ""SRC-MS-VISAT"", ""SRC-IARC-MONOGRAPHS""]"
PAGE-00385,cancer-hematologico-e-trabalho,Câncer hematológico e trabalho,explicacao_fundamental,topic,OH12,MOD-0054,"[""G"", ""P""]",candidate,not_rendered_v0.1.0,,,"[""SRC-MS-LDRT"", ""SRC-MS-VISAT"", ""SRC-IARC-MONOGRAPHS""]"
PAGE-00386,cancer-de-pulmao-ocupacional,Câncer de pulmão ocupacional,explicacao_fundamental,topic,OH12,MOD-0054,"[""G"", ""P""]",candidate,not_rendered_v0.1.0,,,"[""SRC-MS-LDRT"", ""SRC-MS-VISAT"", ""SRC-IARC-MONOGRAPHS""]"
PAGE-00387,mesotelioma,Mesotelioma,explicacao_fundamental,topic,OH12,MOD-0054,"[""G"", ""P""]",candidate,not_rendered_v0.1.0,,,"[""SRC-MS-LDRT"", ""SRC-MS-VISAT"", ""SRC-IARC-MONOGRAPHS""]"
PAGE-00388,cancer-de-pele-ocupacional,Câncer de pele ocupacional,explicacao_fundamental,topic,OH12,MOD-0054,"[""G"", ""P""]",candidate,not_rendered_v0.1.0,,,"[""SRC-MS-LDRT"", ""SRC-MS-VISAT"", ""SRC-IARC-MONOGRAPHS""]"
PAGE-00389,vigilancia-de-cancer-relacionado-ao-trabalho,Vigilância de câncer relacionado ao trabalho,explicacao_fundamental,topic,OH12,MOD-0054,"[""G"", ""P""]",candidate,not_rendered_v0.1.0,,,"[""SRC-MS-LDRT"", ""SRC-MS-VISAT"", ""SRC-IARC-MONOGRAPHS""]"
PAGE-00390,intoxicacao-exogena-relacionada-ao-trabalho,Intoxicação exógena relacionada ao trabalho,explicacao_fundamental,topic,OH12,MOD-0055,"[""T"", ""G"", ""P""]",candidate,not_rendered_v0.1.0,,,"[""SRC-MS-LDRT"", ""SRC-MS-VISAT"", ""SRC-IARC-MONOGRAPHS""]"
PAGE-00391,acidente-de-trabalho-grave,Acidente de trabalho grave,explicacao_fundamental,topic,OH12,MOD-0055,"[""T"", ""G"", ""P""]",candidate,not_rendered_v0.1.0,,,"[""SRC-MS-LDRT"", ""SRC-MS-VISAT"", ""SRC-IARC-MONOGRAPHS""]"
PAGE-00392,amputacoes-traumaticas,Amputações traumáticas,explicacao_fundamental,topic,OH12,MOD-0055,"[""T"", ""G"", ""P""]",candidate,not_rendered_v0.1.0,,,"[""SRC-MS-LDRT"", ""SRC-MS-VISAT"", ""SRC-IARC-MONOGRAPHS""]"
PAGE-00393,queimaduras-ocupacionais,Queimaduras ocupacionais,explicacao_fundamental,topic,OH12,MOD-0055,"[""T"", ""G"", ""P""]",candidate,not_rendered_v0.1.0,,,"[""SRC-MS-LDRT"", ""SRC-MS-VISAT"", ""SRC-IARC-MONOGRAPHS""]"
PAGE-00394,doencas-infecciosas-relacionadas-ao-trabalho,Doenças infecciosas relacionadas ao trabalho,explicacao_fundamental,topic,OH12,MOD-0055,"[""T"", ""G"", ""P""]",candidate,not_rendered_v0.1.0,,,"[""SRC-MS-LDRT"", ""SRC-MS-VISAT"", ""SRC-IARC-MONOGRAPHS""]"
PAGE-00395,transtornos-mentais-relacionados-ao-trabalho,Transtornos mentais relacionados ao trabalho,explicacao_fundamental,topic,OH12,MOD-0055,"[""T"", ""G"", ""P""]",candidate,not_rendered_v0.1.0,,,"[""SRC-MS-LDRT"", ""SRC-MS-VISAT"", ""SRC-IARC-MONOGRAPHS""]"
PAGE-00396,vigilancia-em-saude-do-trabalhador,Vigilância em Saúde do Trabalhador,explicacao_fundamental,topic,OH13,MOD-0056,"[""T"", ""G"", ""P""]",candidate,not_rendered_v0.1.0,,,"[""SRC-MS-VISAT"", ""SRC-MS-RENAST"", ""SRC-MS-PNSTT""]"
PAGE-00397,vigilancia-de-ambientes-e-processos-de-trabalho,Vigilância de ambientes e processos de trabalho,explicacao_fundamental,topic,OH13,MOD-0056,"[""T"", ""G"", ""P""]",candidate,not_rendered_v0.1.0,,,"[""SRC-MS-VISAT"", ""SRC-MS-RENAST"", ""SRC-MS-PNSTT""]"
PAGE-00398,vigilancia-epidemiologica-em-saude-do-trabalhador,Vigilância epidemiológica em saúde do trabalhador,explicacao_fundamental,topic,OH13,MOD-0056,"[""T"", ""G"", ""P""]",candidate,not_rendered_v0.1.0,,,"[""SRC-MS-VISAT"", ""SRC-MS-RENAST"", ""SRC-MS-PNSTT""]"
PAGE-00399,vigilancia-participativa,Vigilância participativa,explicacao_fundamental,topic,OH13,MOD-0056,"[""T"", ""G"", ""P""]",candidate,not_rendered_v0.1.0,,,"[""SRC-MS-VISAT"", ""SRC-MS-RENAST"", ""SRC-MS-PNSTT""]"
PAGE-00400,territorio-e-perfil-produtivo,Território e perfil produtivo,explicacao_fundamental,topic,OH13,MOD-0056,"[""T"", ""G"", ""P""]",candidate,not_rendered_v0.1.0,,,"[""SRC-MS-VISAT"", ""SRC-MS-RENAST"", ""SRC-MS-PNSTT""]"
PAGE-00401,investigacao-de-acidente-de-trabalho,Investigação de acidente de trabalho,explicacao_fundamental,topic,OH13,MOD-0057,"[""G"", ""P""]",candidate,not_rendered_v0.1.0,,,"[""SRC-MS-VISAT"", ""SRC-MS-RENAST"", ""SRC-MS-PNSTT""]"
PAGE-00402,investigacao-de-doenca-relacionada-ao-trabalho,Investigação de doença relacionada ao trabalho,explicacao_fundamental,topic,OH13,MOD-0057,"[""G"", ""P""]",candidate,not_rendered_v0.1.0,,,"[""SRC-MS-VISAT"", ""SRC-MS-RENAST"", ""SRC-MS-PNSTT""]"
PAGE-00403,inspecao-sanitaria-em-saude-do-trabalhador,Inspeção sanitária em saúde do trabalhador,explicacao_fundamental,topic,OH13,MOD-0057,"[""G"", ""P""]",candidate,not_rendered_v0.1.0,,,"[""SRC-MS-VISAT"", ""SRC-MS-RENAST"", ""SRC-MS-PNSTT""]"
PAGE-00404,identificacao-de-trabalhadores-expostos,Identificação de trabalhadores expostos,explicacao_fundamental,topic,OH13,MOD-0057,"[""G"", ""P""]",candidate,not_rendered_v0.1.0,,,"[""SRC-MS-VISAT"", ""SRC-MS-RENAST"", ""SRC-MS-PNSTT""]"
PAGE-00405,busca-ativa-de-casos,Busca ativa de casos,explicacao_fundamental,topic,OH13,MOD-0057,"[""G"", ""P""]",candidate,not_rendered_v0.1.0,,,"[""SRC-MS-VISAT"", ""SRC-MS-RENAST"", ""SRC-MS-PNSTT""]"
PAGE-00406,analise-de-cadeia-produtiva,Análise de cadeia produtiva,explicacao_fundamental,topic,OH13,MOD-0057,"[""G"", ""P""]",candidate,not_rendered_v0.1.0,,,"[""SRC-MS-VISAT"", ""SRC-MS-RENAST"", ""SRC-MS-PNSTT""]"
PAGE-00407,notificacao-de-agravos-relacionados-ao-trabalho,Notificação de agravos relacionados ao trabalho,explicacao_fundamental,topic,OH13,MOD-0058,"[""T"", ""G"", ""P""]",candidate,not_rendered_v0.1.0,,,"[""SRC-MS-VISAT"", ""SRC-MS-RENAST"", ""SRC-MS-PNSTT""]"
PAGE-00408,sinan-e-saude-do-trabalhador,SINAN e saúde do trabalhador,explicacao_fundamental,topic,OH13,MOD-0058,"[""T"", ""G"", ""P""]",candidate,not_rendered_v0.1.0,,,"[""SRC-MS-VISAT"", ""SRC-MS-RENAST"", ""SRC-MS-PNSTT""]"
PAGE-00409,qualidade-da-notificacao,Qualidade da notificação,explicacao_fundamental,topic,OH13,MOD-0058,"[""T"", ""G"", ""P""]",candidate,not_rendered_v0.1.0,,,"[""SRC-MS-VISAT"", ""SRC-MS-RENAST"", ""SRC-MS-PNSTT""]"
PAGE-00410,subnotificacao-de-agravos-ocupacionais,Subnotificação de agravos ocupacionais,explicacao_fundamental,topic,OH13,MOD-0058,"[""T"", ""G"", ""P""]",candidate,not_rendered_v0.1.0,,,"[""SRC-MS-VISAT"", ""SRC-MS-RENAST"", ""SRC-MS-PNSTT""]"
PAGE-00411,uso-de-dados-para-intervencao,Uso de dados para intervenção,explicacao_fundamental,topic,OH13,MOD-0058,"[""T"", ""G"", ""P""]",candidate,not_rendered_v0.1.0,,,"[""SRC-MS-VISAT"", ""SRC-MS-RENAST"", ""SRC-MS-PNSTT""]"
PAGE-00412,planejamento-de-acao-de-vigilancia,Planejamento de ação de vigilância,explicacao_fundamental,topic,OH13,MOD-0059,"[""G"", ""P""]",candidate,not_rendered_v0.1.0,,,"[""SRC-MS-VISAT"", ""SRC-MS-RENAST"", ""SRC-MS-PNSTT""]"
PAGE-00413,medidas-de-intervencao-no-processo-de-trabalho,Medidas de intervenção no processo de trabalho,explicacao_fundamental,topic,OH13,MOD-0059,"[""G"", ""P""]",candidate,not_rendered_v0.1.0,,,"[""SRC-MS-VISAT"", ""SRC-MS-RENAST"", ""SRC-MS-PNSTT""]"
PAGE-00414,articulacao-intersetorial,Articulação intersetorial,explicacao_fundamental,topic,OH13,MOD-0059,"[""G"", ""P""]",candidate,not_rendered_v0.1.0,,,"[""SRC-MS-VISAT"", ""SRC-MS-RENAST"", ""SRC-MS-PNSTT""]"
PAGE-00415,comunicacao-de-risco-em-visat,Comunicação de risco em VISAT,explicacao_fundamental,topic,OH13,MOD-0059,"[""G"", ""P""]",candidate,not_rendered_v0.1.0,,,"[""SRC-MS-VISAT"", ""SRC-MS-RENAST"", ""SRC-MS-PNSTT""]"
PAGE-00416,avaliacao-de-efetividade-de-intervencao,Avaliação de efetividade de intervenção,explicacao_fundamental,topic,OH13,MOD-0059,"[""G"", ""P""]",candidate,not_rendered_v0.1.0,,,"[""SRC-MS-VISAT"", ""SRC-MS-RENAST"", ""SRC-MS-PNSTT""]"
PAGE-00417,constituicao-e-direito-a-saude-do-trabalhador,Constituição e direito à saúde do trabalhador,explicacao_fundamental,topic,OH14,MOD-0060,"[""G"", ""P""]",candidate,not_rendered_v0.1.0,,,"[""SRC-MTE-NRS-INDEX"", ""SRC-MS-PNSTT""]"
PAGE-00418,lei-8-080-e-saude-do-trabalhador,Lei 8.080 e saúde do trabalhador,explicacao_fundamental,topic,OH14,MOD-0060,"[""G"", ""P""]",candidate,not_rendered_v0.1.0,,,"[""SRC-MTE-NRS-INDEX"", ""SRC-MS-PNSTT""]"
PAGE-00419,clt-e-seguranca-e-saude-no-trabalho,CLT e segurança e saúde no trabalho,explicacao_fundamental,topic,OH14,MOD-0060,"[""G"", ""P""]",candidate,not_rendered_v0.1.0,,,"[""SRC-MTE-NRS-INDEX"", ""SRC-MS-PNSTT""]"
PAGE-00420,lei-8-213-e-acidente-do-trabalho,Lei 8.213 e acidente do trabalho,explicacao_fundamental,topic,OH14,MOD-0060,"[""G"", ""P""]",candidate,not_rendered_v0.1.0,,,"[""SRC-MTE-NRS-INDEX"", ""SRC-MS-PNSTT""]"
PAGE-00421,decreto-3-048-e-previdencia-social,Decreto 3.048 e previdência social,explicacao_fundamental,topic,OH14,MOD-0060,"[""G"", ""P""]",candidate,not_rendered_v0.1.0,,,"[""SRC-MTE-NRS-INDEX"", ""SRC-MS-PNSTT""]"
PAGE-00422,responsabilidade-civil-em-sst,Responsabilidade civil em SST,explicacao_fundamental,topic,OH14,MOD-0060,"[""G"", ""P""]",candidate,not_rendered_v0.1.0,,,"[""SRC-MTE-NRS-INDEX"", ""SRC-MS-PNSTT""]"
PAGE-00423,responsabilidade-administrativa-em-sst,Responsabilidade administrativa em SST,explicacao_fundamental,topic,OH14,MOD-0060,"[""G"", ""P""]",candidate,not_rendered_v0.1.0,,,"[""SRC-MTE-NRS-INDEX"", ""SRC-MS-PNSTT""]"
PAGE-00424,responsabilidade-penal-e-seguranca-do-trabalho,Responsabilidade penal e segurança do trabalho,explicacao_fundamental,topic,OH14,MOD-0060,"[""G"", ""P""]",candidate,not_rendered_v0.1.0,,,"[""SRC-MTE-NRS-INDEX"", ""SRC-MS-PNSTT""]"
PAGE-00425,estrutura-das-normas-regulamentadoras,Estrutura das Normas Regulamentadoras,explicacao_fundamental,topic,OH14,MOD-0061,"[""T"", ""G"", ""P""]",candidate,not_rendered_v0.1.0,,,"[""SRC-MTE-NRS-INDEX"", ""SRC-MS-PNSTT""]"
PAGE-00426,nr-1-disposicoes-gerais-e-gro,NR-1 disposições gerais e GRO,explicacao_fundamental,topic,OH14,MOD-0061,"[""T"", ""G"", ""P""]",candidate,not_rendered_v0.1.0,,,"[""SRC-MTE-NRS-INDEX"", ""SRC-MS-PNSTT""]"
PAGE-00427,nr-4-sesmt,NR-4 SESMT,explicacao_fundamental,topic,OH14,MOD-0061,"[""T"", ""G"", ""P""]",candidate,not_rendered_v0.1.0,,,"[""SRC-MTE-NRS-INDEX"", ""SRC-MS-PNSTT""]"
PAGE-00428,nr-5-cipa,NR-5 CIPA,explicacao_fundamental,topic,OH14,MOD-0061,"[""T"", ""G"", ""P""]",candidate,not_rendered_v0.1.0,,,"[""SRC-MTE-NRS-INDEX"", ""SRC-MS-PNSTT""]"
PAGE-00429,nr-6-epi,NR-6 EPI,explicacao_fundamental,topic,OH14,MOD-0061,"[""T"", ""G"", ""P""]",candidate,not_rendered_v0.1.0,,,"[""SRC-MTE-NRS-INDEX"", ""SRC-MS-PNSTT""]"
PAGE-00430,nr-7-pcmso,NR-7 PCMSO,explicacao_fundamental,topic,OH14,MOD-0061,"[""T"", ""G"", ""P""]",candidate,not_rendered_v0.1.0,,,"[""SRC-MTE-NRS-INDEX"", ""SRC-MS-PNSTT""]"
PAGE-00431,nr-9-exposicoes-ocupacionais,NR-9 exposições ocupacionais,explicacao_fundamental,topic,OH14,MOD-0061,"[""T"", ""G"", ""P""]",candidate,not_rendered_v0.1.0,,,"[""SRC-MTE-NRS-INDEX"", ""SRC-MS-PNSTT""]"
PAGE-00432,nr-15-insalubridade,NR-15 insalubridade,explicacao_fundamental,topic,OH14,MOD-0061,"[""T"", ""G"", ""P""]",candidate,not_rendered_v0.1.0,,,"[""SRC-MTE-NRS-INDEX"", ""SRC-MS-PNSTT""]"
PAGE-00433,nr-16-periculosidade,NR-16 periculosidade,explicacao_fundamental,topic,OH14,MOD-0061,"[""T"", ""G"", ""P""]",candidate,not_rendered_v0.1.0,,,"[""SRC-MTE-NRS-INDEX"", ""SRC-MS-PNSTT""]"
PAGE-00434,nr-17-ergonomia,NR-17 ergonomia,explicacao_fundamental,topic,OH14,MOD-0061,"[""T"", ""G"", ""P""]",candidate,not_rendered_v0.1.0,,,"[""SRC-MTE-NRS-INDEX"", ""SRC-MS-PNSTT""]"
PAGE-00435,nr-32-servicos-de-saude,NR-32 serviços de saúde,explicacao_fundamental,topic,OH14,MOD-0061,"[""T"", ""G"", ""P""]",candidate,not_rendered_v0.1.0,,,"[""SRC-MTE-NRS-INDEX"", ""SRC-MS-PNSTT""]"
PAGE-00436,nr-33-espaco-confinado,NR-33 espaço confinado,explicacao_fundamental,topic,OH14,MOD-0061,"[""T"", ""G"", ""P""]",candidate,not_rendered_v0.1.0,,,"[""SRC-MTE-NRS-INDEX"", ""SRC-MS-PNSTT""]"
PAGE-00437,nr-35-trabalho-em-altura,NR-35 trabalho em altura,explicacao_fundamental,topic,OH14,MOD-0061,"[""T"", ""G"", ""P""]",candidate,not_rendered_v0.1.0,,,"[""SRC-MTE-NRS-INDEX"", ""SRC-MS-PNSTT""]"
PAGE-00438,hierarquia-de-fontes-normativas,Hierarquia de fontes normativas,explicacao_fundamental,topic,OH14,MOD-0062,"[""G"", ""P""]",candidate,not_rendered_v0.1.0,,,"[""SRC-MTE-NRS-INDEX"", ""SRC-MS-PNSTT""]"
PAGE-00439,requisito-legal-e-requisito-tecnico,Requisito legal e requisito técnico,explicacao_fundamental,topic,OH14,MOD-0062,"[""G"", ""P""]",candidate,not_rendered_v0.1.0,,,"[""SRC-MTE-NRS-INDEX"", ""SRC-MS-PNSTT""]"
PAGE-00440,matriz-de-requisitos-legais,Matriz de requisitos legais,explicacao_fundamental,topic,OH14,MOD-0062,"[""G"", ""P""]",candidate,not_rendered_v0.1.0,,,"[""SRC-MTE-NRS-INDEX"", ""SRC-MS-PNSTT""]"
PAGE-00441,gestao-de-mudancas-regulatorias,Gestão de mudanças regulatórias,explicacao_fundamental,topic,OH14,MOD-0062,"[""G"", ""P""]",candidate,not_rendered_v0.1.0,,,"[""SRC-MTE-NRS-INDEX"", ""SRC-MS-PNSTT""]"
PAGE-00442,evidencia-de-conformidade,Evidência de conformidade,explicacao_fundamental,topic,OH14,MOD-0062,"[""G"", ""P""]",candidate,not_rendered_v0.1.0,,,"[""SRC-MTE-NRS-INDEX"", ""SRC-MS-PNSTT""]"
PAGE-00443,auditoria-de-conformidade,Auditoria de conformidade,explicacao_fundamental,topic,OH14,MOD-0062,"[""G"", ""P""]",candidate,not_rendered_v0.1.0,,,"[""SRC-MTE-NRS-INDEX"", ""SRC-MS-PNSTT""]"
PAGE-00444,nao-conformidade-e-acao-corretiva,Não conformidade e ação corretiva,explicacao_fundamental,topic,OH14,MOD-0062,"[""G"", ""P""]",candidate,not_rendered_v0.1.0,,,"[""SRC-MTE-NRS-INDEX"", ""SRC-MS-PNSTT""]"
PAGE-00445,conceito-de-gro,Conceito de GRO,explicacao_fundamental,topic,OH15,MOD-0063,"[""T"", ""G"", ""P""]",candidate,not_rendered_v0.1.0,,,"[""SRC-MTE-NR01"", ""SRC-MTE-NR09""]"
PAGE-00446,escopo-do-gerenciamento-de-riscos-ocupacionais,Escopo do gerenciamento de riscos ocupacionais,explicacao_fundamental,topic,OH15,MOD-0063,"[""T"", ""G"", ""P""]",candidate,not_rendered_v0.1.0,,,"[""SRC-MTE-NR01"", ""SRC-MTE-NR09""]"
PAGE-00447,levantamento-preliminar-de-perigos,Levantamento preliminar de perigos,explicacao_fundamental,topic,OH15,MOD-0063,"[""T"", ""G"", ""P""]",candidate,not_rendered_v0.1.0,,,"[""SRC-MTE-NR01"", ""SRC-MTE-NR09""]"
PAGE-00448,identificacao-de-perigos,Identificação de perigos,explicacao_fundamental,topic,OH15,MOD-0063,"[""T"", ""G"", ""P""]",candidate,not_rendered_v0.1.0,,,"[""SRC-MTE-NR01"", ""SRC-MTE-NR09""]"
PAGE-00449,avaliacao-de-riscos-ocupacionais,Avaliação de riscos ocupacionais,explicacao_fundamental,topic,OH15,MOD-0063,"[""T"", ""G"", ""P""]",candidate,not_rendered_v0.1.0,,,"[""SRC-MTE-NR01"", ""SRC-MTE-NR09""]"
PAGE-00450,classificacao-de-riscos,Classificação de riscos,explicacao_fundamental,topic,OH15,MOD-0063,"[""T"", ""G"", ""P""]",candidate,not_rendered_v0.1.0,,,"[""SRC-MTE-NR01"", ""SRC-MTE-NR09""]"
PAGE-00451,criterios-de-severidade-e-probabilidade,Critérios de severidade e probabilidade,explicacao_fundamental,topic,OH15,MOD-0063,"[""T"", ""G"", ""P""]",candidate,not_rendered_v0.1.0,,,"[""SRC-MTE-NR01"", ""SRC-MTE-NR09""]"
PAGE-00452,reavaliacao-de-riscos,Reavaliação de riscos,explicacao_fundamental,topic,OH15,MOD-0063,"[""T"", ""G"", ""P""]",candidate,not_rendered_v0.1.0,,,"[""SRC-MTE-NR01"", ""SRC-MTE-NR09""]"
PAGE-00453,conceito-de-pgr,Conceito de PGR,explicacao_fundamental,topic,OH15,MOD-0064,"[""T"", ""G"", ""P""]",candidate,not_rendered_v0.1.0,,,"[""SRC-MTE-NR01"", ""SRC-MTE-NR09""]"
PAGE-00454,inventario-de-riscos-ocupacionais,Inventário de riscos ocupacionais,explicacao_fundamental,topic,OH15,MOD-0064,"[""T"", ""G"", ""P""]",candidate,not_rendered_v0.1.0,,,"[""SRC-MTE-NR01"", ""SRC-MTE-NR09""]"
PAGE-00455,plano-de-acao-do-pgr,Plano de ação do PGR,explicacao_fundamental,topic,OH15,MOD-0064,"[""T"", ""G"", ""P""]",candidate,not_rendered_v0.1.0,,,"[""SRC-MTE-NR01"", ""SRC-MTE-NR09""]"
PAGE-00456,documentacao-do-pgr,Documentação do PGR,explicacao_fundamental,topic,OH15,MOD-0064,"[""T"", ""G"", ""P""]",candidate,not_rendered_v0.1.0,,,"[""SRC-MTE-NR01"", ""SRC-MTE-NR09""]"
PAGE-00457,implementacao-das-medidas-de-prevencao,Implementação das medidas de prevenção,explicacao_fundamental,topic,OH15,MOD-0064,"[""T"", ""G"", ""P""]",candidate,not_rendered_v0.1.0,,,"[""SRC-MTE-NR01"", ""SRC-MTE-NR09""]"
PAGE-00458,acompanhamento-das-medidas,Acompanhamento das medidas,explicacao_fundamental,topic,OH15,MOD-0064,"[""T"", ""G"", ""P""]",candidate,not_rendered_v0.1.0,,,"[""SRC-MTE-NR01"", ""SRC-MTE-NR09""]"
PAGE-00459,consulta-e-participacao-dos-trabalhadores,Consulta e participação dos trabalhadores,explicacao_fundamental,topic,OH15,MOD-0064,"[""T"", ""G"", ""P""]",candidate,not_rendered_v0.1.0,,,"[""SRC-MTE-NR01"", ""SRC-MTE-NR09""]"
PAGE-00460,integracao-pgr-e-pcmso,Integração PGR e PCMSO,explicacao_fundamental,topic,OH15,MOD-0065,"[""G"", ""P""]",candidate,not_rendered_v0.1.0,,,"[""SRC-MTE-NR01"", ""SRC-MTE-NR09""]"
PAGE-00461,integracao-pgr-e-ergonomia,Integração PGR e ergonomia,explicacao_fundamental,topic,OH15,MOD-0065,"[""G"", ""P""]",candidate,not_rendered_v0.1.0,,,"[""SRC-MTE-NR01"", ""SRC-MTE-NR09""]"
PAGE-00462,integracao-pgr-e-higiene-ocupacional,Integração PGR e higiene ocupacional,explicacao_fundamental,topic,OH15,MOD-0065,"[""G"", ""P""]",candidate,not_rendered_v0.1.0,,,"[""SRC-MTE-NR01"", ""SRC-MTE-NR09""]"
PAGE-00463,integracao-pgr-e-fatores-psicossociais,Integração PGR e fatores psicossociais,explicacao_fundamental,topic,OH15,MOD-0065,"[""G"", ""P""]",candidate,not_rendered_v0.1.0,,,"[""SRC-MTE-NR01"", ""SRC-MTE-NR09""]"
PAGE-00464,integracao-pgr-e-gestao-de-emergencias,Integração PGR e gestão de emergências,explicacao_fundamental,topic,OH15,MOD-0065,"[""G"", ""P""]",candidate,not_rendered_v0.1.0,,,"[""SRC-MTE-NR01"", ""SRC-MTE-NR09""]"
PAGE-00465,gestao-de-contratadas-no-pgr,Gestão de contratadas no PGR,explicacao_fundamental,topic,OH15,MOD-0065,"[""G"", ""P""]",candidate,not_rendered_v0.1.0,,,"[""SRC-MTE-NR01"", ""SRC-MTE-NR09""]"
PAGE-00466,historia-do-ppra,História do PPRA,explicacao_fundamental,topic,OH15,MOD-0066,"[""G"", ""P""]",candidate,not_rendered_v0.1.0,,,"[""SRC-MTE-NR01"", ""SRC-MTE-NR09""]"
PAGE-00467,transicao-ppra-para-gro-e-pgr,Transição PPRA para GRO e PGR,explicacao_fundamental,topic,OH15,MOD-0066,"[""G"", ""P""]",candidate,not_rendered_v0.1.0,,,"[""SRC-MTE-NR01"", ""SRC-MTE-NR09""]"
PAGE-00468,leitura-de-ppra-historico,Leitura de PPRA histórico,explicacao_fundamental,topic,OH15,MOD-0066,"[""G"", ""P""]",candidate,not_rendered_v0.1.0,,,"[""SRC-MTE-NR01"", ""SRC-MTE-NR09""]"
PAGE-00469,passivos-documentais-do-ppra,Passivos documentais do PPRA,explicacao_fundamental,topic,OH15,MOD-0066,"[""G"", ""P""]",candidate,not_rendered_v0.1.0,,,"[""SRC-MTE-NR01"", ""SRC-MTE-NR09""]"
PAGE-00470,diferencas-entre-ppra-e-pgr,Diferenças entre PPRA e PGR,explicacao_fundamental,topic,OH15,MOD-0066,"[""G"", ""P""]",candidate,not_rendered_v0.1.0,,,"[""SRC-MTE-NR01"", ""SRC-MTE-NR09""]"
PAGE-00471,objetivo-do-pcmso,Objetivo do PCMSO,explicacao_fundamental,topic,OH16,MOD-0067,"[""T"", ""G"", ""P""]",candidate,not_rendered_v0.1.0,,,"[""SRC-MTE-NR07"", ""SRC-ESOCIAL-DOC""]"
PAGE-00472,relacao-entre-riscos-ocupacionais-e-pcmso,Relação entre riscos ocupacionais e PCMSO,explicacao_fundamental,topic,OH16,MOD-0067,"[""T"", ""G"", ""P""]",candidate,not_rendered_v0.1.0,,,"[""SRC-MTE-NR07"", ""SRC-ESOCIAL-DOC""]"
PAGE-00473,responsabilidades-no-pcmso,Responsabilidades no PCMSO,explicacao_fundamental,topic,OH16,MOD-0067,"[""T"", ""G"", ""P""]",candidate,not_rendered_v0.1.0,,,"[""SRC-MTE-NR07"", ""SRC-ESOCIAL-DOC""]"
PAGE-00474,planejamento-do-pcmso,Planejamento do PCMSO,explicacao_fundamental,topic,OH16,MOD-0067,"[""T"", ""G"", ""P""]",candidate,not_rendered_v0.1.0,,,"[""SRC-MTE-NR07"", ""SRC-ESOCIAL-DOC""]"
PAGE-00475,vigilancia-passiva-e-ativa-da-saude,Vigilância passiva e ativa da saúde,explicacao_fundamental,topic,OH16,MOD-0067,"[""T"", ""G"", ""P""]",candidate,not_rendered_v0.1.0,,,"[""SRC-MTE-NR07"", ""SRC-ESOCIAL-DOC""]"
PAGE-00476,exame-admissional,Exame admissional,explicacao_fundamental,topic,OH16,MOD-0068,"[""T"", ""G"", ""P""]",candidate,not_rendered_v0.1.0,,,"[""SRC-MTE-NR07"", ""SRC-ESOCIAL-DOC""]"
PAGE-00477,exame-periodico,Exame periódico,explicacao_fundamental,topic,OH16,MOD-0068,"[""T"", ""G"", ""P""]",candidate,not_rendered_v0.1.0,,,"[""SRC-MTE-NR07"", ""SRC-ESOCIAL-DOC""]"
PAGE-00478,exame-de-retorno-ao-trabalho,Exame de retorno ao trabalho,explicacao_fundamental,topic,OH16,MOD-0068,"[""T"", ""G"", ""P""]",candidate,not_rendered_v0.1.0,,,"[""SRC-MTE-NR07"", ""SRC-ESOCIAL-DOC""]"
PAGE-00479,exame-de-mudanca-de-risco-ocupacional,Exame de mudança de risco ocupacional,explicacao_fundamental,topic,OH16,MOD-0068,"[""T"", ""G"", ""P""]",candidate,not_rendered_v0.1.0,,,"[""SRC-MTE-NR07"", ""SRC-ESOCIAL-DOC""]"
PAGE-00480,exame-demissional,Exame demissional,explicacao_fundamental,topic,OH16,MOD-0068,"[""T"", ""G"", ""P""]",candidate,not_rendered_v0.1.0,,,"[""SRC-MTE-NR07"", ""SRC-ESOCIAL-DOC""]"
PAGE-00481,exames-complementares-ocupacionais,Exames complementares ocupacionais,explicacao_fundamental,topic,OH16,MOD-0068,"[""T"", ""G"", ""P""]",candidate,not_rendered_v0.1.0,,,"[""SRC-MTE-NR07"", ""SRC-ESOCIAL-DOC""]"
PAGE-00482,atestado-de-saude-ocupacional,Atestado de Saúde Ocupacional,explicacao_fundamental,topic,OH16,MOD-0069,"[""T"", ""G"", ""P""]",candidate,not_rendered_v0.1.0,,,"[""SRC-MTE-NR07"", ""SRC-ESOCIAL-DOC""]"
PAGE-00483,conteudo-do-aso,Conteúdo do ASO,explicacao_fundamental,topic,OH16,MOD-0069,"[""T"", ""G"", ""P""]",candidate,not_rendered_v0.1.0,,,"[""SRC-MTE-NR07"", ""SRC-ESOCIAL-DOC""]"
PAGE-00484,aptidao-ocupacional-como-conceito-medico,Aptidão ocupacional como conceito médico,explicacao_fundamental,topic,OH16,MOD-0069,"[""T"", ""G"", ""P""]",candidate,not_rendered_v0.1.0,,,"[""SRC-MTE-NR07"", ""SRC-ESOCIAL-DOC""]"
PAGE-00485,prontuario-medico-ocupacional,Prontuário médico ocupacional,explicacao_fundamental,topic,OH16,MOD-0069,"[""T"", ""G"", ""P""]",candidate,not_rendered_v0.1.0,,,"[""SRC-MTE-NR07"", ""SRC-ESOCIAL-DOC""]"
PAGE-00486,confidencialidade-dos-dados-clinicos,Confidencialidade dos dados clínicos,explicacao_fundamental,topic,OH16,MOD-0069,"[""T"", ""G"", ""P""]",candidate,not_rendered_v0.1.0,,,"[""SRC-MTE-NR07"", ""SRC-ESOCIAL-DOC""]"
PAGE-00487,guarda-de-registros-ocupacionais,Guarda de registros ocupacionais,explicacao_fundamental,topic,OH16,MOD-0069,"[""T"", ""G"", ""P""]",candidate,not_rendered_v0.1.0,,,"[""SRC-MTE-NR07"", ""SRC-ESOCIAL-DOC""]"
PAGE-00488,relatorio-analitico-do-pcmso,Relatório analítico do PCMSO,explicacao_fundamental,topic,OH16,MOD-0070,"[""G"", ""P""]",candidate,not_rendered_v0.1.0,,,"[""SRC-MTE-NR07"", ""SRC-ESOCIAL-DOC""]"
PAGE-00489,analise-epidemiologica-dos-resultados,Análise epidemiológica dos resultados,explicacao_fundamental,topic,OH16,MOD-0070,"[""G"", ""P""]",candidate,not_rendered_v0.1.0,,,"[""SRC-MTE-NR07"", ""SRC-ESOCIAL-DOC""]"
PAGE-00490,deteccao-de-agravos-relacionados-ao-trabalho,Detecção de agravos relacionados ao trabalho,explicacao_fundamental,topic,OH16,MOD-0070,"[""G"", ""P""]",candidate,not_rendered_v0.1.0,,,"[""SRC-MTE-NR07"", ""SRC-ESOCIAL-DOC""]"
PAGE-00491,encaminhamento-de-achados,Encaminhamento de achados,explicacao_fundamental,topic,OH16,MOD-0070,"[""G"", ""P""]",candidate,not_rendered_v0.1.0,,,"[""SRC-MTE-NR07"", ""SRC-ESOCIAL-DOC""]"
PAGE-00492,acoes-preventivas-derivadas-do-pcmso,Ações preventivas derivadas do PCMSO,explicacao_fundamental,topic,OH16,MOD-0070,"[""G"", ""P""]",candidate,not_rendered_v0.1.0,,,"[""SRC-MTE-NR07"", ""SRC-ESOCIAL-DOC""]"
PAGE-00493,acolhimento-em-saude-ocupacional,Acolhimento em saúde ocupacional,explicacao_fundamental,topic,OH16,MOD-0071,"[""T"", ""G"", ""P""]",candidate,not_rendered_v0.1.0,,,"[""SRC-MTE-NR07"", ""SRC-ESOCIAL-DOC""]"
PAGE-00494,preparo-para-exames-ocupacionais,Preparo para exames ocupacionais,explicacao_fundamental,topic,OH16,MOD-0071,"[""T"", ""G"", ""P""]",candidate,not_rendered_v0.1.0,,,"[""SRC-MTE-NR07"", ""SRC-ESOCIAL-DOC""]"
PAGE-00495,gestao-de-convocacao-de-exames,Gestão de convocação de exames,explicacao_fundamental,topic,OH16,MOD-0071,"[""T"", ""G"", ""P""]",candidate,not_rendered_v0.1.0,,,"[""SRC-MTE-NR07"", ""SRC-ESOCIAL-DOC""]"
PAGE-00496,controle-de-faltosos,Controle de faltosos,explicacao_fundamental,topic,OH16,MOD-0071,"[""T"", ""G"", ""P""]",candidate,not_rendered_v0.1.0,,,"[""SRC-MTE-NR07"", ""SRC-ESOCIAL-DOC""]"
PAGE-00497,educacao-em-saude-no-pcmso,Educação em saúde no PCMSO,explicacao_fundamental,topic,OH16,MOD-0071,"[""T"", ""G"", ""P""]",candidate,not_rendered_v0.1.0,,,"[""SRC-MTE-NR07"", ""SRC-ESOCIAL-DOC""]"
PAGE-00498,monitoramento-de-indicadores-de-saude-ocupacional,Monitoramento de indicadores de saúde ocupacional,explicacao_fundamental,topic,OH16,MOD-0071,"[""T"", ""G"", ""P""]",candidate,not_rendered_v0.1.0,,,"[""SRC-MTE-NR07"", ""SRC-ESOCIAL-DOC""]"
PAGE-00499,finalidade-dos-eventos-sst-no-esocial,Finalidade dos eventos SST no eSocial,explicacao_fundamental,topic,OH17,MOD-0072,"[""G"", ""P""]",candidate,not_rendered_v0.1.0,,,"[""SRC-ESOCIAL-DOC"", ""SRC-ESOCIAL-MOS"", ""SRC-ESOCIAL-TABLES""]"
PAGE-00500,manual-de-orientacao-do-esocial,Manual de Orientação do eSocial,explicacao_fundamental,topic,OH17,MOD-0072,"[""G"", ""P""]",candidate,not_rendered_v0.1.0,,,"[""SRC-ESOCIAL-DOC"", ""SRC-ESOCIAL-MOS"", ""SRC-ESOCIAL-TABLES""]"
PAGE-00501,leiautes-esocial-s-1-3,Leiautes eSocial S-1.3,explicacao_fundamental,topic,OH17,MOD-0072,"[""G"", ""P""]",candidate,not_rendered_v0.1.0,,,"[""SRC-ESOCIAL-DOC"", ""SRC-ESOCIAL-MOS"", ""SRC-ESOCIAL-TABLES""]"
PAGE-00502,tabelas-do-esocial,Tabelas do eSocial,explicacao_fundamental,topic,OH17,MOD-0072,"[""G"", ""P""]",candidate,not_rendered_v0.1.0,,,"[""SRC-ESOCIAL-DOC"", ""SRC-ESOCIAL-MOS"", ""SRC-ESOCIAL-TABLES""]"
PAGE-00503,ambiente-de-producao-e-testes,Ambiente de produção e testes,explicacao_fundamental,topic,OH17,MOD-0072,"[""G"", ""P""]",candidate,not_rendered_v0.1.0,,,"[""SRC-ESOCIAL-DOC"", ""SRC-ESOCIAL-MOS"", ""SRC-ESOCIAL-TABLES""]"
PAGE-00504,retificacao-e-exclusao-de-eventos,Retificação e exclusão de eventos,explicacao_fundamental,topic,OH17,MOD-0072,"[""G"", ""P""]",candidate,not_rendered_v0.1.0,,,"[""SRC-ESOCIAL-DOC"", ""SRC-ESOCIAL-MOS"", ""SRC-ESOCIAL-TABLES""]"
PAGE-00505,s-2210-comunicacao-de-acidente-de-trabalho,S-2210 Comunicação de Acidente de Trabalho,explicacao_fundamental,topic,OH17,MOD-0073,"[""G"", ""P""]",candidate,not_rendered_v0.1.0,,,"[""SRC-ESOCIAL-DOC"", ""SRC-ESOCIAL-MOS"", ""SRC-ESOCIAL-TABLES""]"
PAGE-00506,dados-do-acidente-no-s-2210,Dados do acidente no S-2210,explicacao_fundamental,topic,OH17,MOD-0073,"[""G"", ""P""]",candidate,not_rendered_v0.1.0,,,"[""SRC-ESOCIAL-DOC"", ""SRC-ESOCIAL-MOS"", ""SRC-ESOCIAL-TABLES""]"
PAGE-00507,prazo-e-fluxo-interno-da-cat-no-esocial,Prazo e fluxo interno da CAT no eSocial,explicacao_fundamental,topic,OH17,MOD-0073,"[""G"", ""P""]",candidate,not_rendered_v0.1.0,,,"[""SRC-ESOCIAL-DOC"", ""SRC-ESOCIAL-MOS"", ""SRC-ESOCIAL-TABLES""]"
PAGE-00508,retificacao-de-s-2210,Retificação de S-2210,explicacao_fundamental,topic,OH17,MOD-0073,"[""G"", ""P""]",candidate,not_rendered_v0.1.0,,,"[""SRC-ESOCIAL-DOC"", ""SRC-ESOCIAL-MOS"", ""SRC-ESOCIAL-TABLES""]"
PAGE-00509,qualidade-de-dados-da-cat,Qualidade de dados da CAT,explicacao_fundamental,topic,OH17,MOD-0073,"[""G"", ""P""]",candidate,not_rendered_v0.1.0,,,"[""SRC-ESOCIAL-DOC"", ""SRC-ESOCIAL-MOS"", ""SRC-ESOCIAL-TABLES""]"
PAGE-00510,s-2220-monitoramento-da-saude-do-trabalhador,S-2220 Monitoramento da Saúde do Trabalhador,explicacao_fundamental,topic,OH17,MOD-0074,"[""G"", ""P""]",candidate,not_rendered_v0.1.0,,,"[""SRC-ESOCIAL-DOC"", ""SRC-ESOCIAL-MOS"", ""SRC-ESOCIAL-TABLES""]"
PAGE-00511,aso-no-s-2220,ASO no S-2220,explicacao_fundamental,topic,OH17,MOD-0074,"[""G"", ""P""]",candidate,not_rendered_v0.1.0,,,"[""SRC-ESOCIAL-DOC"", ""SRC-ESOCIAL-MOS"", ""SRC-ESOCIAL-TABLES""]"
PAGE-00512,exames-complementares-no-s-2220,Exames complementares no S-2220,explicacao_fundamental,topic,OH17,MOD-0074,"[""G"", ""P""]",candidate,not_rendered_v0.1.0,,,"[""SRC-ESOCIAL-DOC"", ""SRC-ESOCIAL-MOS"", ""SRC-ESOCIAL-TABLES""]"
PAGE-00513,sequenciamento-de-informacoes-de-saude,Sequenciamento de informações de saúde,explicacao_fundamental,topic,OH17,MOD-0074,"[""G"", ""P""]",candidate,not_rendered_v0.1.0,,,"[""SRC-ESOCIAL-DOC"", ""SRC-ESOCIAL-MOS"", ""SRC-ESOCIAL-TABLES""]"
PAGE-00514,qualidade-de-dados-do-s-2220,Qualidade de dados do S-2220,explicacao_fundamental,topic,OH17,MOD-0074,"[""G"", ""P""]",candidate,not_rendered_v0.1.0,,,"[""SRC-ESOCIAL-DOC"", ""SRC-ESOCIAL-MOS"", ""SRC-ESOCIAL-TABLES""]"
PAGE-00515,s-2221-exame-toxicologico-do-motorista-profissional-empregado,S-2221 Exame Toxicológico do Motorista Profissional Empregado,explicacao_fundamental,topic,OH17,MOD-0075,"[""G"", ""P""]",candidate,not_rendered_v0.1.0,,,"[""SRC-ESOCIAL-DOC"", ""SRC-ESOCIAL-MOS"", ""SRC-ESOCIAL-TABLES""]"
PAGE-00516,escopo-do-s-2221,Escopo do S-2221,explicacao_fundamental,topic,OH17,MOD-0075,"[""G"", ""P""]",candidate,not_rendered_v0.1.0,,,"[""SRC-ESOCIAL-DOC"", ""SRC-ESOCIAL-MOS"", ""SRC-ESOCIAL-TABLES""]"
PAGE-00517,qualidade-e-rastreabilidade-do-s-2221,Qualidade e rastreabilidade do S-2221,explicacao_fundamental,topic,OH17,MOD-0075,"[""G"", ""P""]",candidate,not_rendered_v0.1.0,,,"[""SRC-ESOCIAL-DOC"", ""SRC-ESOCIAL-MOS"", ""SRC-ESOCIAL-TABLES""]"
PAGE-00518,s-2240-condicoes-ambientais-do-trabalho,S-2240 Condições Ambientais do Trabalho,explicacao_fundamental,topic,OH17,MOD-0076,"[""G"", ""P""]",candidate,not_rendered_v0.1.0,,,"[""SRC-ESOCIAL-DOC"", ""SRC-ESOCIAL-MOS"", ""SRC-ESOCIAL-TABLES""]"
PAGE-00519,agentes-nocivos-no-s-2240,Agentes nocivos no S-2240,explicacao_fundamental,topic,OH17,MOD-0076,"[""G"", ""P""]",candidate,not_rendered_v0.1.0,,,"[""SRC-ESOCIAL-DOC"", ""SRC-ESOCIAL-MOS"", ""SRC-ESOCIAL-TABLES""]"
PAGE-00520,tabela-24-do-esocial,Tabela 24 do eSocial,explicacao_fundamental,topic,OH17,MOD-0076,"[""G"", ""P""]",candidate,not_rendered_v0.1.0,,,"[""SRC-ESOCIAL-DOC"", ""SRC-ESOCIAL-MOS"", ""SRC-ESOCIAL-TABLES""]"
PAGE-00521,responsavel-pelos-registros-ambientais,Responsável pelos registros ambientais,explicacao_fundamental,topic,OH17,MOD-0076,"[""G"", ""P""]",candidate,not_rendered_v0.1.0,,,"[""SRC-ESOCIAL-DOC"", ""SRC-ESOCIAL-MOS"", ""SRC-ESOCIAL-TABLES""]"
PAGE-00522,qualidade-de-dados-do-s-2240,Qualidade de dados do S-2240,explicacao_fundamental,topic,OH17,MOD-0076,"[""G"", ""P""]",candidate,not_rendered_v0.1.0,,,"[""SRC-ESOCIAL-DOC"", ""SRC-ESOCIAL-MOS"", ""SRC-ESOCIAL-TABLES""]"
PAGE-00523,reconciliacao-pgr-pcmso-esocial,Reconciliação PGR-PCMSO-eSocial,explicacao_fundamental,topic,OH17,MOD-0077,"[""G"", ""P""]",candidate,not_rendered_v0.1.0,,,"[""SRC-ESOCIAL-DOC"", ""SRC-ESOCIAL-MOS"", ""SRC-ESOCIAL-TABLES""]"
PAGE-00524,controle-de-versoes-de-leiautes,Controle de versões de leiautes,explicacao_fundamental,topic,OH17,MOD-0077,"[""G"", ""P""]",candidate,not_rendered_v0.1.0,,,"[""SRC-ESOCIAL-DOC"", ""SRC-ESOCIAL-MOS"", ""SRC-ESOCIAL-TABLES""]"
PAGE-00525,validacao-pre-envio,Validação pré-envio,explicacao_fundamental,topic,OH17,MOD-0077,"[""G"", ""P""]",candidate,not_rendered_v0.1.0,,,"[""SRC-ESOCIAL-DOC"", ""SRC-ESOCIAL-MOS"", ""SRC-ESOCIAL-TABLES""]"
PAGE-00526,trilha-de-auditoria,Trilha de auditoria,explicacao_fundamental,topic,OH17,MOD-0077,"[""G"", ""P""]",candidate,not_rendered_v0.1.0,,,"[""SRC-ESOCIAL-DOC"", ""SRC-ESOCIAL-MOS"", ""SRC-ESOCIAL-TABLES""]"
PAGE-00527,protecao-de-dados-pessoais-no-esocial,Proteção de dados pessoais no eSocial,explicacao_fundamental,topic,OH17,MOD-0077,"[""G"", ""P""]",candidate,not_rendered_v0.1.0,,,"[""SRC-ESOCIAL-DOC"", ""SRC-ESOCIAL-MOS"", ""SRC-ESOCIAL-TABLES""]"
PAGE-00528,conceito-previdenciario-de-acidente-do-trabalho,Conceito previdenciário de acidente do trabalho,explicacao_fundamental,topic,OH18,MOD-0078,"[""T"", ""G"", ""P""]",candidate,not_rendered_v0.1.0,,,"[""SRC-PREV-FAP"", ""SRC-PREV-NTEP"", ""SRC-ESOCIAL-MOS"", ""SRC-INSS-APOS-ESP""]"
PAGE-00529,acidente-tipico,Acidente típico,explicacao_fundamental,topic,OH18,MOD-0078,"[""T"", ""G"", ""P""]",candidate,not_rendered_v0.1.0,,,"[""SRC-PREV-FAP"", ""SRC-PREV-NTEP"", ""SRC-ESOCIAL-MOS"", ""SRC-INSS-APOS-ESP""]"
PAGE-00530,acidente-de-trajeto,Acidente de trajeto,explicacao_fundamental,topic,OH18,MOD-0078,"[""T"", ""G"", ""P""]",candidate,not_rendered_v0.1.0,,,"[""SRC-PREV-FAP"", ""SRC-PREV-NTEP"", ""SRC-ESOCIAL-MOS"", ""SRC-INSS-APOS-ESP""]"
PAGE-00531,doenca-profissional-e-doenca-do-trabalho,Doença profissional e doença do trabalho,explicacao_fundamental,topic,OH18,MOD-0078,"[""T"", ""G"", ""P""]",candidate,not_rendered_v0.1.0,,,"[""SRC-PREV-FAP"", ""SRC-PREV-NTEP"", ""SRC-ESOCIAL-MOS"", ""SRC-INSS-APOS-ESP""]"
PAGE-00532,comunicacao-de-acidente-de-trabalho,Comunicação de Acidente de Trabalho,explicacao_fundamental,topic,OH18,MOD-0078,"[""T"", ""G"", ""P""]",candidate,not_rendered_v0.1.0,,,"[""SRC-PREV-FAP"", ""SRC-PREV-NTEP"", ""SRC-ESOCIAL-MOS"", ""SRC-INSS-APOS-ESP""]"
PAGE-00533,cat-e-assistencia-a-saude,CAT e assistência à saúde,explicacao_fundamental,topic,OH18,MOD-0078,"[""T"", ""G"", ""P""]",candidate,not_rendered_v0.1.0,,,"[""SRC-PREV-FAP"", ""SRC-PREV-NTEP"", ""SRC-ESOCIAL-MOS"", ""SRC-INSS-APOS-ESP""]"
PAGE-00534,cat-e-vigilancia-epidemiologica,CAT e vigilância epidemiológica,explicacao_fundamental,topic,OH18,MOD-0078,"[""T"", ""G"", ""P""]",candidate,not_rendered_v0.1.0,,,"[""SRC-PREV-FAP"", ""SRC-PREV-NTEP"", ""SRC-ESOCIAL-MOS"", ""SRC-INSS-APOS-ESP""]"
PAGE-00535,perfil-profissiografico-previdenciario,Perfil Profissiográfico Previdenciário,explicacao_fundamental,topic,OH18,MOD-0079,"[""G"", ""P""]",candidate,not_rendered_v0.1.0,,,"[""SRC-PREV-FAP"", ""SRC-PREV-NTEP"", ""SRC-ESOCIAL-MOS"", ""SRC-INSS-APOS-ESP""]"
PAGE-00536,ppp-eletronico,PPP eletrônico,explicacao_fundamental,topic,OH18,MOD-0079,"[""G"", ""P""]",candidate,not_rendered_v0.1.0,,,"[""SRC-PREV-FAP"", ""SRC-PREV-NTEP"", ""SRC-ESOCIAL-MOS"", ""SRC-INSS-APOS-ESP""]"
PAGE-00537,dados-ambientais-e-de-saude-no-ppp,Dados ambientais e de saúde no PPP,explicacao_fundamental,topic,OH18,MOD-0079,"[""G"", ""P""]",candidate,not_rendered_v0.1.0,,,"[""SRC-PREV-FAP"", ""SRC-PREV-NTEP"", ""SRC-ESOCIAL-MOS"", ""SRC-INSS-APOS-ESP""]"
PAGE-00538,laudo-tecnico-das-condicoes-ambientais-do-trabalho,Laudo Técnico das Condições Ambientais do Trabalho,explicacao_fundamental,topic,OH18,MOD-0079,"[""G"", ""P""]",candidate,not_rendered_v0.1.0,,,"[""SRC-PREV-FAP"", ""SRC-PREV-NTEP"", ""SRC-ESOCIAL-MOS"", ""SRC-INSS-APOS-ESP""]"
PAGE-00539,finalidade-previdenciaria-do-ltcat,Finalidade previdenciária do LTCAT,explicacao_fundamental,topic,OH18,MOD-0079,"[""G"", ""P""]",candidate,not_rendered_v0.1.0,,,"[""SRC-PREV-FAP"", ""SRC-PREV-NTEP"", ""SRC-ESOCIAL-MOS"", ""SRC-INSS-APOS-ESP""]"
PAGE-00540,relacao-ltcat-e-s-2240,Relação LTCAT e S-2240,explicacao_fundamental,topic,OH18,MOD-0079,"[""G"", ""P""]",candidate,not_rendered_v0.1.0,,,"[""SRC-PREV-FAP"", ""SRC-PREV-NTEP"", ""SRC-ESOCIAL-MOS"", ""SRC-INSS-APOS-ESP""]"
PAGE-00541,responsabilidade-tecnica-pelo-ltcat,Responsabilidade técnica pelo LTCAT,explicacao_fundamental,topic,OH18,MOD-0079,"[""G"", ""P""]",candidate,not_rendered_v0.1.0,,,"[""SRC-PREV-FAP"", ""SRC-PREV-NTEP"", ""SRC-ESOCIAL-MOS"", ""SRC-INSS-APOS-ESP""]"
PAGE-00542,nexo-tecnico-profissional-ou-do-trabalho,Nexo Técnico Profissional ou do Trabalho,explicacao_fundamental,topic,OH18,MOD-0080,"[""G"", ""P""]",candidate,not_rendered_v0.1.0,,,"[""SRC-PREV-FAP"", ""SRC-PREV-NTEP"", ""SRC-ESOCIAL-MOS"", ""SRC-INSS-APOS-ESP""]"
PAGE-00543,nexo-tecnico-epidemiologico-previdenciario,Nexo Técnico Epidemiológico Previdenciário,explicacao_fundamental,topic,OH18,MOD-0080,"[""G"", ""P""]",candidate,not_rendered_v0.1.0,,,"[""SRC-PREV-FAP"", ""SRC-PREV-NTEP"", ""SRC-ESOCIAL-MOS"", ""SRC-INSS-APOS-ESP""]"
PAGE-00544,nexo-tecnico-por-doenca-equiparada-a-acidente-do-trabalho,Nexo Técnico por Doença Equiparada a Acidente do Trabalho,explicacao_fundamental,topic,OH18,MOD-0080,"[""G"", ""P""]",candidate,not_rendered_v0.1.0,,,"[""SRC-PREV-FAP"", ""SRC-PREV-NTEP"", ""SRC-ESOCIAL-MOS"", ""SRC-INSS-APOS-ESP""]"
PAGE-00545,cnae-e-cid-no-ntep,CNAE e CID no NTEP,explicacao_fundamental,topic,OH18,MOD-0080,"[""G"", ""P""]",candidate,not_rendered_v0.1.0,,,"[""SRC-PREV-FAP"", ""SRC-PREV-NTEP"", ""SRC-ESOCIAL-MOS"", ""SRC-INSS-APOS-ESP""]"
PAGE-00546,nexo-previdenciario-e-nexo-clinico,Nexo previdenciário e nexo clínico,explicacao_fundamental,topic,OH18,MOD-0080,"[""G"", ""P""]",candidate,not_rendered_v0.1.0,,,"[""SRC-PREV-FAP"", ""SRC-PREV-NTEP"", ""SRC-ESOCIAL-MOS"", ""SRC-INSS-APOS-ESP""]"
PAGE-00547,fator-acidentario-de-prevencao,Fator Acidentário de Prevenção,explicacao_fundamental,topic,OH18,MOD-0081,"[""G"", ""P""]",candidate,not_rendered_v0.1.0,,,"[""SRC-PREV-FAP"", ""SRC-PREV-NTEP"", ""SRC-ESOCIAL-MOS"", ""SRC-INSS-APOS-ESP""]"
PAGE-00548,rat-e-financiamento-de-riscos,RAT e financiamento de riscos,explicacao_fundamental,topic,OH18,MOD-0081,"[""G"", ""P""]",candidate,not_rendered_v0.1.0,,,"[""SRC-PREV-FAP"", ""SRC-PREV-NTEP"", ""SRC-ESOCIAL-MOS"", ""SRC-INSS-APOS-ESP""]"
PAGE-00549,faixa-do-fap,Faixa do FAP,explicacao_fundamental,topic,OH18,MOD-0081,"[""G"", ""P""]",candidate,not_rendered_v0.1.0,,,"[""SRC-PREV-FAP"", ""SRC-PREV-NTEP"", ""SRC-ESOCIAL-MOS"", ""SRC-INSS-APOS-ESP""]"
PAGE-00550,frequencia-gravidade-e-custo-no-fap,"Frequência, gravidade e custo no FAP",explicacao_fundamental,topic,OH18,MOD-0081,"[""G"", ""P""]",candidate,not_rendered_v0.1.0,,,"[""SRC-PREV-FAP"", ""SRC-PREV-NTEP"", ""SRC-ESOCIAL-MOS"", ""SRC-INSS-APOS-ESP""]"
PAGE-00551,historico-de-acidentalidade-e-fap,Histórico de acidentalidade e FAP,explicacao_fundamental,topic,OH18,MOD-0081,"[""G"", ""P""]",candidate,not_rendered_v0.1.0,,,"[""SRC-PREV-FAP"", ""SRC-PREV-NTEP"", ""SRC-ESOCIAL-MOS"", ""SRC-INSS-APOS-ESP""]"
PAGE-00552,contestacao-administrativa-do-fap,Contestação administrativa do FAP,explicacao_fundamental,topic,OH18,MOD-0081,"[""G"", ""P""]",candidate,not_rendered_v0.1.0,,,"[""SRC-PREV-FAP"", ""SRC-PREV-NTEP"", ""SRC-ESOCIAL-MOS"", ""SRC-INSS-APOS-ESP""]"
PAGE-00553,afastamento-temporario-e-esocial-s-2230,Afastamento temporário e eSocial S-2230,explicacao_fundamental,topic,OH18,MOD-0082,"[""G"", ""P""]",candidate,not_rendered_v0.1.0,,,"[""SRC-PREV-FAP"", ""SRC-PREV-NTEP"", ""SRC-ESOCIAL-MOS"", ""SRC-INSS-APOS-ESP""]"
PAGE-00554,beneficios-por-incapacidade,Benefícios por incapacidade,explicacao_fundamental,topic,OH18,MOD-0082,"[""G"", ""P""]",candidate,not_rendered_v0.1.0,,,"[""SRC-PREV-FAP"", ""SRC-PREV-NTEP"", ""SRC-ESOCIAL-MOS"", ""SRC-INSS-APOS-ESP""]"
PAGE-00555,natureza-previdenciaria-e-acidentaria-do-beneficio,Natureza previdenciária e acidentária do benefício,explicacao_fundamental,topic,OH18,MOD-0082,"[""G"", ""P""]",candidate,not_rendered_v0.1.0,,,"[""SRC-PREV-FAP"", ""SRC-PREV-NTEP"", ""SRC-ESOCIAL-MOS"", ""SRC-INSS-APOS-ESP""]"
PAGE-00556,reabilitacao-profissional-previdenciaria,Reabilitação profissional previdenciária,explicacao_fundamental,topic,OH18,MOD-0082,"[""G"", ""P""]",candidate,not_rendered_v0.1.0,,,"[""SRC-PREV-FAP"", ""SRC-PREV-NTEP"", ""SRC-ESOCIAL-MOS"", ""SRC-INSS-APOS-ESP""]"
PAGE-00557,retorno-apos-beneficio,Retorno após benefício,explicacao_fundamental,topic,OH18,MOD-0082,"[""G"", ""P""]",candidate,not_rendered_v0.1.0,,,"[""SRC-PREV-FAP"", ""SRC-PREV-NTEP"", ""SRC-ESOCIAL-MOS"", ""SRC-INSS-APOS-ESP""]"
PAGE-00558,acolhimento-do-trabalhador,Acolhimento do trabalhador,explicacao_fundamental,topic,OH19,MOD-0083,"[""T"", ""G"", ""P""]",candidate,not_rendered_v0.1.0,,,"[""SRC-COFEN-238"", ""SRC-COFEN-581"", ""SRC-COFEN-609""]"
PAGE-00559,anamnese-de-enfermagem-ocupacional,Anamnese de enfermagem ocupacional,explicacao_fundamental,topic,OH19,MOD-0083,"[""T"", ""G"", ""P""]",candidate,not_rendered_v0.1.0,,,"[""SRC-COFEN-238"", ""SRC-COFEN-581"", ""SRC-COFEN-609""]"
PAGE-00560,historia-ocupacional-na-consulta-de-enfermagem,História ocupacional na consulta de enfermagem,explicacao_fundamental,topic,OH19,MOD-0083,"[""T"", ""G"", ""P""]",candidate,not_rendered_v0.1.0,,,"[""SRC-COFEN-238"", ""SRC-COFEN-581"", ""SRC-COFEN-609""]"
PAGE-00561,exame-fisico-de-enfermagem-em-saude-do-trabalhador,Exame físico de enfermagem em saúde do trabalhador,explicacao_fundamental,topic,OH19,MOD-0083,"[""T"", ""G"", ""P""]",candidate,not_rendered_v0.1.0,,,"[""SRC-COFEN-238"", ""SRC-COFEN-581"", ""SRC-COFEN-609""]"
PAGE-00562,identificacao-de-necessidades-de-saude,Identificação de necessidades de saúde,explicacao_fundamental,topic,OH19,MOD-0083,"[""T"", ""G"", ""P""]",candidate,not_rendered_v0.1.0,,,"[""SRC-COFEN-238"", ""SRC-COFEN-581"", ""SRC-COFEN-609""]"
PAGE-00563,estratificacao-de-risco-assistencial,Estratificação de risco assistencial,explicacao_fundamental,topic,OH19,MOD-0083,"[""T"", ""G"", ""P""]",candidate,not_rendered_v0.1.0,,,"[""SRC-COFEN-238"", ""SRC-COFEN-581"", ""SRC-COFEN-609""]"
PAGE-00564,diagnostico-de-enfermagem-em-saude-do-trabalhador,Diagnóstico de enfermagem em saúde do trabalhador,explicacao_fundamental,topic,OH19,MOD-0084,"[""G"", ""P""]",candidate,not_rendered_v0.1.0,,,"[""SRC-COFEN-238"", ""SRC-COFEN-581"", ""SRC-COFEN-609""]"
PAGE-00565,resultados-esperados-de-enfermagem,Resultados esperados de enfermagem,explicacao_fundamental,topic,OH19,MOD-0084,"[""G"", ""P""]",candidate,not_rendered_v0.1.0,,,"[""SRC-COFEN-238"", ""SRC-COFEN-581"", ""SRC-COFEN-609""]"
PAGE-00566,intervencoes-de-enfermagem,Intervenções de enfermagem,explicacao_fundamental,topic,OH19,MOD-0084,"[""G"", ""P""]",candidate,not_rendered_v0.1.0,,,"[""SRC-COFEN-238"", ""SRC-COFEN-581"", ""SRC-COFEN-609""]"
PAGE-00567,plano-de-cuidados-ocupacionais,Plano de cuidados ocupacionais,explicacao_fundamental,topic,OH19,MOD-0084,"[""G"", ""P""]",candidate,not_rendered_v0.1.0,,,"[""SRC-COFEN-238"", ""SRC-COFEN-581"", ""SRC-COFEN-609""]"
PAGE-00568,continuidade-do-cuidado,Continuidade do cuidado,explicacao_fundamental,topic,OH19,MOD-0084,"[""G"", ""P""]",candidate,not_rendered_v0.1.0,,,"[""SRC-COFEN-238"", ""SRC-COFEN-581"", ""SRC-COFEN-609""]"
PAGE-00569,educacao-em-saude-do-trabalhador,Educação em saúde do trabalhador,explicacao_fundamental,topic,OH19,MOD-0085,"[""T"", ""G"", ""P""]",candidate,not_rendered_v0.1.0,,,"[""SRC-COFEN-238"", ""SRC-COFEN-581"", ""SRC-COFEN-609""]"
PAGE-00570,monitoramento-de-sinais-e-sintomas,Monitoramento de sinais e sintomas,explicacao_fundamental,topic,OH19,MOD-0085,"[""T"", ""G"", ""P""]",candidate,not_rendered_v0.1.0,,,"[""SRC-COFEN-238"", ""SRC-COFEN-581"", ""SRC-COFEN-609""]"
PAGE-00571,encaminhamento-e-referencia,Encaminhamento e referência,explicacao_fundamental,topic,OH19,MOD-0085,"[""T"", ""G"", ""P""]",candidate,not_rendered_v0.1.0,,,"[""SRC-COFEN-238"", ""SRC-COFEN-581"", ""SRC-COFEN-609""]"
PAGE-00572,acompanhamento-de-condicoes-cronicas,Acompanhamento de condições crônicas,explicacao_fundamental,topic,OH19,MOD-0085,"[""T"", ""G"", ""P""]",candidate,not_rendered_v0.1.0,,,"[""SRC-COFEN-238"", ""SRC-COFEN-581"", ""SRC-COFEN-609""]"
PAGE-00573,coordenacao-do-cuidado,Coordenação do cuidado,explicacao_fundamental,topic,OH19,MOD-0085,"[""T"", ""G"", ""P""]",candidate,not_rendered_v0.1.0,,,"[""SRC-COFEN-238"", ""SRC-COFEN-581"", ""SRC-COFEN-609""]"
PAGE-00574,imunizacao-ocupacional,Imunização ocupacional,explicacao_fundamental,topic,OH19,MOD-0085,"[""T"", ""G"", ""P""]",candidate,not_rendered_v0.1.0,,,"[""SRC-COFEN-238"", ""SRC-COFEN-581"", ""SRC-COFEN-609""]"
PAGE-00575,registro-de-enfermagem-ocupacional,Registro de enfermagem ocupacional,explicacao_fundamental,topic,OH19,MOD-0086,"[""T"", ""G"", ""P""]",candidate,not_rendered_v0.1.0,,,"[""SRC-COFEN-238"", ""SRC-COFEN-581"", ""SRC-COFEN-609""]"
PAGE-00576,sigilo-e-prontuario-de-enfermagem,Sigilo e prontuário de enfermagem,explicacao_fundamental,topic,OH19,MOD-0086,"[""T"", ""G"", ""P""]",candidate,not_rendered_v0.1.0,,,"[""SRC-COFEN-238"", ""SRC-COFEN-581"", ""SRC-COFEN-609""]"
PAGE-00577,comunicacao-interprofissional,Comunicação interprofissional,explicacao_fundamental,topic,OH19,MOD-0086,"[""T"", ""G"", ""P""]",candidate,not_rendered_v0.1.0,,,"[""SRC-COFEN-238"", ""SRC-COFEN-581"", ""SRC-COFEN-609""]"
PAGE-00578,eventos-adversos-e-incidentes-assistenciais-no-ambulatorio-ocupacional,Eventos adversos e incidentes assistenciais no ambulatório ocupacional,explicacao_fundamental,topic,OH19,MOD-0086,"[""T"", ""G"", ""P""]",candidate,not_rendered_v0.1.0,,,"[""SRC-COFEN-238"", ""SRC-COFEN-581"", ""SRC-COFEN-609""]"
PAGE-00579,protocolos-de-enfermagem-do-trabalho,Protocolos de enfermagem do trabalho,explicacao_fundamental,topic,OH19,MOD-0087,"[""G"", ""P""]",candidate,not_rendered_v0.1.0,,,"[""SRC-COFEN-238"", ""SRC-COFEN-581"", ""SRC-COFEN-609""]"
PAGE-00580,indicadores-de-enfermagem-ocupacional,Indicadores de enfermagem ocupacional,explicacao_fundamental,topic,OH19,MOD-0087,"[""G"", ""P""]",candidate,not_rendered_v0.1.0,,,"[""SRC-COFEN-238"", ""SRC-COFEN-581"", ""SRC-COFEN-609""]"
PAGE-00581,supervisao-da-equipe-de-enfermagem-do-trabalho,Supervisão da equipe de enfermagem do trabalho,explicacao_fundamental,topic,OH19,MOD-0087,"[""G"", ""P""]",candidate,not_rendered_v0.1.0,,,"[""SRC-COFEN-238"", ""SRC-COFEN-581"", ""SRC-COFEN-609""]"
PAGE-00582,dimensionamento-e-organizacao-da-assistencia,Dimensionamento e organização da assistência,explicacao_fundamental,topic,OH19,MOD-0087,"[""G"", ""P""]",candidate,not_rendered_v0.1.0,,,"[""SRC-COFEN-238"", ""SRC-COFEN-581"", ""SRC-COFEN-609""]"
PAGE-00583,pratica-baseada-em-evidencias-em-enfermagem-do-trabalho,Prática baseada em evidências em enfermagem do trabalho,explicacao_fundamental,topic,OH19,MOD-0087,"[""G"", ""P""]",candidate,not_rendered_v0.1.0,,,"[""SRC-COFEN-238"", ""SRC-COFEN-581"", ""SRC-COFEN-609""]"
PAGE-00584,vacinacao-e-risco-ocupacional,Vacinação e risco ocupacional,explicacao_fundamental,topic,OH20,MOD-0088,"[""T"", ""G"", ""P""]",candidate,not_rendered_v0.1.0,,,"[""SRC-WHO-HCW"", ""SRC-MS-ST""]"
PAGE-00585,avaliacao-de-situacao-vacinal-do-trabalhador,Avaliação de situação vacinal do trabalhador,explicacao_fundamental,topic,OH20,MOD-0088,"[""T"", ""G"", ""P""]",candidate,not_rendered_v0.1.0,,,"[""SRC-WHO-HCW"", ""SRC-MS-ST""]"
PAGE-00586,registro-de-vacinacao-ocupacional,Registro de vacinação ocupacional,explicacao_fundamental,topic,OH20,MOD-0088,"[""T"", ""G"", ""P""]",candidate,not_rendered_v0.1.0,,,"[""SRC-WHO-HCW"", ""SRC-MS-ST""]"
PAGE-00587,eventos-adversos-pos-vacinacao-no-trabalhador,Eventos adversos pós-vacinação no trabalhador,explicacao_fundamental,topic,OH20,MOD-0088,"[""T"", ""G"", ""P""]",candidate,not_rendered_v0.1.0,,,"[""SRC-WHO-HCW"", ""SRC-MS-ST""]"
PAGE-00588,comunicacao-e-hesitacao-vacinal,Comunicação e hesitação vacinal,explicacao_fundamental,topic,OH20,MOD-0088,"[""T"", ""G"", ""P""]",candidate,not_rendered_v0.1.0,,,"[""SRC-WHO-HCW"", ""SRC-MS-ST""]"
PAGE-00589,vacinacao-de-trabalhadores-da-saude,Vacinação de trabalhadores da saúde,explicacao_fundamental,topic,OH20,MOD-0089,"[""T"", ""G"", ""P""]",candidate,not_rendered_v0.1.0,,,"[""SRC-WHO-HCW"", ""SRC-MS-ST""]"
PAGE-00590,hepatite-b-e-trabalhadores-da-saude,Hepatite B e trabalhadores da saúde,explicacao_fundamental,topic,OH20,MOD-0089,"[""T"", ""G"", ""P""]",candidate,not_rendered_v0.1.0,,,"[""SRC-WHO-HCW"", ""SRC-MS-ST""]"
PAGE-00591,influenza-e-trabalhadores-da-saude,Influenza e trabalhadores da saúde,explicacao_fundamental,topic,OH20,MOD-0089,"[""T"", ""G"", ""P""]",candidate,not_rendered_v0.1.0,,,"[""SRC-WHO-HCW"", ""SRC-MS-ST""]"
PAGE-00592,triplice-viral-e-trabalhadores-da-saude,Tríplice viral e trabalhadores da saúde,explicacao_fundamental,topic,OH20,MOD-0089,"[""T"", ""G"", ""P""]",candidate,not_rendered_v0.1.0,,,"[""SRC-WHO-HCW"", ""SRC-MS-ST""]"
PAGE-00593,varicela-e-trabalhadores-da-saude,Varicela e trabalhadores da saúde,explicacao_fundamental,topic,OH20,MOD-0089,"[""T"", ""G"", ""P""]",candidate,not_rendered_v0.1.0,,,"[""SRC-WHO-HCW"", ""SRC-MS-ST""]"
PAGE-00594,planejamento-de-campanha-vacinal-ocupacional,Planejamento de campanha vacinal ocupacional,explicacao_fundamental,topic,OH20,MOD-0090,"[""G"", ""P""]",candidate,not_rendered_v0.1.0,,,"[""SRC-WHO-HCW"", ""SRC-MS-ST""]"
PAGE-00595,indicadores-de-cobertura-vacinal,Indicadores de cobertura vacinal,explicacao_fundamental,topic,OH20,MOD-0090,"[""G"", ""P""]",candidate,not_rendered_v0.1.0,,,"[""SRC-WHO-HCW"", ""SRC-MS-ST""]"
PAGE-00596,busca-ativa-de-nao-vacinados,Busca ativa de não vacinados,explicacao_fundamental,topic,OH20,MOD-0090,"[""G"", ""P""]",candidate,not_rendered_v0.1.0,,,"[""SRC-WHO-HCW"", ""SRC-MS-ST""]"
PAGE-00597,gestao-de-estoque-em-acao-ocupacional,Gestão de estoque em ação ocupacional,explicacao_fundamental,topic,OH20,MOD-0090,"[""G"", ""P""]",candidate,not_rendered_v0.1.0,,,"[""SRC-WHO-HCW"", ""SRC-MS-ST""]"
PAGE-00598,avaliacao-de-efetividade-do-programa,Avaliação de efetividade do programa,explicacao_fundamental,topic,OH20,MOD-0090,"[""G"", ""P""]",candidate,not_rendered_v0.1.0,,,"[""SRC-WHO-HCW"", ""SRC-MS-ST""]"
PAGE-00599,seguranca-da-cena-ocupacional,Segurança da cena ocupacional,explicacao_fundamental,topic,OH21,MOD-0091,"[""T"", ""G"", ""P""]",candidate,not_rendered_v0.1.0,,,"[""SRC-MTE-NR01"", ""SRC-MTE-NR32"", ""SRC-WHO-HCW""]"
PAGE-00600,avaliacao-primaria-do-trabalhador,Avaliação primária do trabalhador,explicacao_fundamental,topic,OH21,MOD-0091,"[""T"", ""G"", ""P""]",candidate,not_rendered_v0.1.0,,,"[""SRC-MTE-NR01"", ""SRC-MTE-NR32"", ""SRC-WHO-HCW""]"
PAGE-00601,acionamento-do-sistema-de-emergencia,Acionamento do sistema de emergência,explicacao_fundamental,topic,OH21,MOD-0091,"[""T"", ""G"", ""P""]",candidate,not_rendered_v0.1.0,,,"[""SRC-MTE-NR01"", ""SRC-MTE-NR32"", ""SRC-WHO-HCW""]"
PAGE-00602,suporte-basico-de-vida-no-ambiente-de-trabalho,Suporte básico de vida no ambiente de trabalho,explicacao_fundamental,topic,OH21,MOD-0091,"[""T"", ""G"", ""P""]",candidate,not_rendered_v0.1.0,,,"[""SRC-MTE-NR01"", ""SRC-MTE-NR32"", ""SRC-WHO-HCW""]"
PAGE-00603,registro-da-emergencia-ocupacional,Registro da emergência ocupacional,explicacao_fundamental,topic,OH21,MOD-0091,"[""T"", ""G"", ""P""]",candidate,not_rendered_v0.1.0,,,"[""SRC-MTE-NR01"", ""SRC-MTE-NR32"", ""SRC-WHO-HCW""]"
PAGE-00604,hemorragia-ocupacional,Hemorragia ocupacional,explicacao_fundamental,topic,OH21,MOD-0092,"[""T"", ""G"", ""P""]",candidate,not_rendered_v0.1.0,,,"[""SRC-MTE-NR01"", ""SRC-MTE-NR32"", ""SRC-WHO-HCW""]"
PAGE-00605,trauma-musculoesqueletico,Trauma musculoesquelético,explicacao_fundamental,topic,OH21,MOD-0092,"[""T"", ""G"", ""P""]",candidate,not_rendered_v0.1.0,,,"[""SRC-MTE-NR01"", ""SRC-MTE-NR32"", ""SRC-WHO-HCW""]"
PAGE-00606,trauma-cranioencefalico-no-trabalho,Trauma cranioencefálico no trabalho,explicacao_fundamental,topic,OH21,MOD-0092,"[""T"", ""G"", ""P""]",candidate,not_rendered_v0.1.0,,,"[""SRC-MTE-NR01"", ""SRC-MTE-NR32"", ""SRC-WHO-HCW""]"
PAGE-00607,queimaduras-termicas,Queimaduras térmicas,explicacao_fundamental,topic,OH21,MOD-0092,"[""T"", ""G"", ""P""]",candidate,not_rendered_v0.1.0,,,"[""SRC-MTE-NR01"", ""SRC-MTE-NR32"", ""SRC-WHO-HCW""]"
PAGE-00608,queimaduras-quimicas,Queimaduras químicas,explicacao_fundamental,topic,OH21,MOD-0092,"[""T"", ""G"", ""P""]",candidate,not_rendered_v0.1.0,,,"[""SRC-MTE-NR01"", ""SRC-MTE-NR32"", ""SRC-WHO-HCW""]"
PAGE-00609,choque-eletrico,Choque elétrico,explicacao_fundamental,topic,OH21,MOD-0092,"[""T"", ""G"", ""P""]",candidate,not_rendered_v0.1.0,,,"[""SRC-MTE-NR01"", ""SRC-MTE-NR32"", ""SRC-WHO-HCW""]"
PAGE-00610,lesao-ocular-ocupacional,Lesão ocular ocupacional,explicacao_fundamental,topic,OH21,MOD-0092,"[""T"", ""G"", ""P""]",candidate,not_rendered_v0.1.0,,,"[""SRC-MTE-NR01"", ""SRC-MTE-NR32"", ""SRC-WHO-HCW""]"
PAGE-00611,amputacao-traumatica,Amputação traumática,explicacao_fundamental,topic,OH21,MOD-0092,"[""T"", ""G"", ""P""]",candidate,not_rendered_v0.1.0,,,"[""SRC-MTE-NR01"", ""SRC-MTE-NR32"", ""SRC-WHO-HCW""]"
PAGE-00612,sincope-no-trabalho,Síncope no trabalho,explicacao_fundamental,topic,OH21,MOD-0093,"[""T"", ""G"", ""P""]",candidate,not_rendered_v0.1.0,,,"[""SRC-MTE-NR01"", ""SRC-MTE-NR32"", ""SRC-WHO-HCW""]"
PAGE-00613,dor-toracica-no-trabalho,Dor torácica no trabalho,explicacao_fundamental,topic,OH21,MOD-0093,"[""T"", ""G"", ""P""]",candidate,not_rendered_v0.1.0,,,"[""SRC-MTE-NR01"", ""SRC-MTE-NR32"", ""SRC-WHO-HCW""]"
PAGE-00614,crise-convulsiva-no-trabalho,Crise convulsiva no trabalho,explicacao_fundamental,topic,OH21,MOD-0093,"[""T"", ""G"", ""P""]",candidate,not_rendered_v0.1.0,,,"[""SRC-MTE-NR01"", ""SRC-MTE-NR32"", ""SRC-WHO-HCW""]"
PAGE-00615,hipoglicemia-no-trabalho,Hipoglicemia no trabalho,explicacao_fundamental,topic,OH21,MOD-0093,"[""T"", ""G"", ""P""]",candidate,not_rendered_v0.1.0,,,"[""SRC-MTE-NR01"", ""SRC-MTE-NR32"", ""SRC-WHO-HCW""]"
PAGE-00616,anafilaxia-no-trabalho,Anafilaxia no trabalho,explicacao_fundamental,topic,OH21,MOD-0093,"[""T"", ""G"", ""P""]",candidate,not_rendered_v0.1.0,,,"[""SRC-MTE-NR01"", ""SRC-MTE-NR32"", ""SRC-WHO-HCW""]"
PAGE-00617,acidente-vascular-cerebral-no-trabalho,Acidente vascular cerebral no trabalho,explicacao_fundamental,topic,OH21,MOD-0093,"[""T"", ""G"", ""P""]",candidate,not_rendered_v0.1.0,,,"[""SRC-MTE-NR01"", ""SRC-MTE-NR32"", ""SRC-WHO-HCW""]"
PAGE-00618,inalacao-de-gases-toxicos,Inalação de gases tóxicos,explicacao_fundamental,topic,OH21,MOD-0094,"[""G"", ""P""]",candidate,not_rendered_v0.1.0,,,"[""SRC-MTE-NR01"", ""SRC-MTE-NR32"", ""SRC-WHO-HCW""]"
PAGE-00619,exposicao-cutanea-a-quimicos,Exposição cutânea a químicos,explicacao_fundamental,topic,OH21,MOD-0094,"[""G"", ""P""]",candidate,not_rendered_v0.1.0,,,"[""SRC-MTE-NR01"", ""SRC-MTE-NR32"", ""SRC-WHO-HCW""]"
PAGE-00620,ingestao-acidental-de-quimicos,Ingestão acidental de químicos,explicacao_fundamental,topic,OH21,MOD-0094,"[""G"", ""P""]",candidate,not_rendered_v0.1.0,,,"[""SRC-MTE-NR01"", ""SRC-MTE-NR32"", ""SRC-WHO-HCW""]"
PAGE-00621,descontaminacao-de-emergencia,Descontaminação de emergência,explicacao_fundamental,topic,OH21,MOD-0094,"[""G"", ""P""]",candidate,not_rendered_v0.1.0,,,"[""SRC-MTE-NR01"", ""SRC-MTE-NR32"", ""SRC-WHO-HCW""]"
PAGE-00622,sindrome-colinergica-por-agrotoxicos,Síndrome colinérgica por agrotóxicos,explicacao_fundamental,topic,OH21,MOD-0094,"[""G"", ""P""]",candidate,not_rendered_v0.1.0,,,"[""SRC-MTE-NR01"", ""SRC-MTE-NR32"", ""SRC-WHO-HCW""]"
PAGE-00623,intoxicacao-por-monoxido-de-carbono,Intoxicação por monóxido de carbono,explicacao_fundamental,topic,OH21,MOD-0094,"[""G"", ""P""]",candidate,not_rendered_v0.1.0,,,"[""SRC-MTE-NR01"", ""SRC-MTE-NR32"", ""SRC-WHO-HCW""]"
PAGE-00624,plano-de-resposta-a-emergencias,Plano de resposta a emergências,explicacao_fundamental,topic,OH21,MOD-0095,"[""G"", ""P""]",candidate,not_rendered_v0.1.0,,,"[""SRC-MTE-NR01"", ""SRC-MTE-NR32"", ""SRC-WHO-HCW""]"
PAGE-00625,multiplas-vitimas-no-ambiente-ocupacional,Múltiplas vítimas no ambiente ocupacional,explicacao_fundamental,topic,OH21,MOD-0095,"[""G"", ""P""]",candidate,not_rendered_v0.1.0,,,"[""SRC-MTE-NR01"", ""SRC-MTE-NR32"", ""SRC-WHO-HCW""]"
PAGE-00626,incidente-com-produto-perigoso,Incidente com produto perigoso,explicacao_fundamental,topic,OH21,MOD-0095,"[""G"", ""P""]",candidate,not_rendered_v0.1.0,,,"[""SRC-MTE-NR01"", ""SRC-MTE-NR32"", ""SRC-WHO-HCW""]"
PAGE-00627,evacuacao-e-abandono-de-area,Evacuação e abandono de área,explicacao_fundamental,topic,OH21,MOD-0095,"[""G"", ""P""]",candidate,not_rendered_v0.1.0,,,"[""SRC-MTE-NR01"", ""SRC-MTE-NR32"", ""SRC-WHO-HCW""]"
PAGE-00628,comunicacao-de-crise,Comunicação de crise,explicacao_fundamental,topic,OH21,MOD-0095,"[""G"", ""P""]",candidate,not_rendered_v0.1.0,,,"[""SRC-MTE-NR01"", ""SRC-MTE-NR32"", ""SRC-WHO-HCW""]"
PAGE-00629,continuidade-operacional-apos-emergencia,Continuidade operacional após emergência,explicacao_fundamental,topic,OH21,MOD-0095,"[""G"", ""P""]",candidate,not_rendered_v0.1.0,,,"[""SRC-MTE-NR01"", ""SRC-MTE-NR32"", ""SRC-WHO-HCW""]"
PAGE-00630,diagnostico-de-necessidades-de-saude-da-populacao-trabalhadora,Diagnóstico de necessidades de saúde da população trabalhadora,explicacao_fundamental,topic,OH22,MOD-0096,"[""G"", ""P""]",candidate,not_rendered_v0.1.0,,,"[""SRC-WHO-OH"", ""SRC-NIOSH-TWH""]"
PAGE-00631,segmentacao-de-populacao-trabalhadora,Segmentação de população trabalhadora,explicacao_fundamental,topic,OH22,MOD-0096,"[""G"", ""P""]",candidate,not_rendered_v0.1.0,,,"[""SRC-WHO-OH"", ""SRC-NIOSH-TWH""]"
PAGE-00632,priorizacao-de-problemas-de-saude,Priorização de problemas de saúde,explicacao_fundamental,topic,OH22,MOD-0096,"[""G"", ""P""]",candidate,not_rendered_v0.1.0,,,"[""SRC-WHO-OH"", ""SRC-NIOSH-TWH""]"
PAGE-00633,planejamento-de-programa-de-promocao-da-saude,Planejamento de programa de promoção da saúde,explicacao_fundamental,topic,OH22,MOD-0096,"[""G"", ""P""]",candidate,not_rendered_v0.1.0,,,"[""SRC-WHO-OH"", ""SRC-NIOSH-TWH""]"
PAGE-00634,teoria-de-mudanca-em-programas-ocupacionais,Teoria de mudança em programas ocupacionais,explicacao_fundamental,topic,OH22,MOD-0096,"[""G"", ""P""]",candidate,not_rendered_v0.1.0,,,"[""SRC-WHO-OH"", ""SRC-NIOSH-TWH""]"
PAGE-00635,atividade-fisica-no-trabalho-e-fora-dele,Atividade física no trabalho e fora dele,explicacao_fundamental,topic,OH22,MOD-0097,"[""T"", ""G"", ""P""]",candidate,not_rendered_v0.1.0,,,"[""SRC-WHO-OH"", ""SRC-NIOSH-TWH""]"
PAGE-00636,alimentacao-saudavel-do-trabalhador,Alimentação saudável do trabalhador,explicacao_fundamental,topic,OH22,MOD-0097,"[""T"", ""G"", ""P""]",candidate,not_rendered_v0.1.0,,,"[""SRC-WHO-OH"", ""SRC-NIOSH-TWH""]"
PAGE-00637,tabagismo-e-trabalho,Tabagismo e trabalho,explicacao_fundamental,topic,OH22,MOD-0097,"[""T"", ""G"", ""P""]",candidate,not_rendered_v0.1.0,,,"[""SRC-WHO-OH"", ""SRC-NIOSH-TWH""]"
PAGE-00638,alcool-e-outras-drogas-no-trabalho,Álcool e outras drogas no trabalho,explicacao_fundamental,topic,OH22,MOD-0097,"[""T"", ""G"", ""P""]",candidate,not_rendered_v0.1.0,,,"[""SRC-WHO-OH"", ""SRC-NIOSH-TWH""]"
PAGE-00639,sono-e-recuperacao,Sono e recuperação,explicacao_fundamental,topic,OH22,MOD-0097,"[""T"", ""G"", ""P""]",candidate,not_rendered_v0.1.0,,,"[""SRC-WHO-OH"", ""SRC-NIOSH-TWH""]"
PAGE-00640,saude-cardiovascular-do-trabalhador,Saúde cardiovascular do trabalhador,explicacao_fundamental,topic,OH22,MOD-0097,"[""T"", ""G"", ""P""]",candidate,not_rendered_v0.1.0,,,"[""SRC-WHO-OH"", ""SRC-NIOSH-TWH""]"
PAGE-00641,prevencao-de-doencas-cronicas,Prevenção de doenças crônicas,explicacao_fundamental,topic,OH22,MOD-0097,"[""T"", ""G"", ""P""]",candidate,not_rendered_v0.1.0,,,"[""SRC-WHO-OH"", ""SRC-NIOSH-TWH""]"
PAGE-00642,bem-estar-no-trabalho,Bem-estar no trabalho,explicacao_fundamental,topic,OH22,MOD-0098,"[""G"", ""P""]",candidate,not_rendered_v0.1.0,,,"[""SRC-WHO-OH"", ""SRC-NIOSH-TWH""]"
PAGE-00643,total-worker-health,Total Worker Health,explicacao_fundamental,topic,OH22,MOD-0098,"[""G"", ""P""]",candidate,not_rendered_v0.1.0,,,"[""SRC-WHO-OH"", ""SRC-NIOSH-TWH""]"
PAGE-00644,intervencoes-organizacionais-de-promocao-da-saude,Intervenções organizacionais de promoção da saúde,explicacao_fundamental,topic,OH22,MOD-0098,"[""G"", ""P""]",candidate,not_rendered_v0.1.0,,,"[""SRC-WHO-OH"", ""SRC-NIOSH-TWH""]"
PAGE-00645,participacao-dos-trabalhadores-em-programas,Participação dos trabalhadores em programas,explicacao_fundamental,topic,OH22,MOD-0098,"[""G"", ""P""]",candidate,not_rendered_v0.1.0,,,"[""SRC-WHO-OH"", ""SRC-NIOSH-TWH""]"
PAGE-00646,equidade-em-promocao-da-saude,Equidade em promoção da saúde,explicacao_fundamental,topic,OH22,MOD-0098,"[""G"", ""P""]",candidate,not_rendered_v0.1.0,,,"[""SRC-WHO-OH"", ""SRC-NIOSH-TWH""]"
PAGE-00647,indicadores-de-processo-em-promocao-da-saude,Indicadores de processo em promoção da saúde,explicacao_fundamental,topic,OH22,MOD-0099,"[""G"", ""P""]",candidate,not_rendered_v0.1.0,,,"[""SRC-WHO-OH"", ""SRC-NIOSH-TWH""]"
PAGE-00648,indicadores-de-resultado,Indicadores de resultado,explicacao_fundamental,topic,OH22,MOD-0099,"[""G"", ""P""]",candidate,not_rendered_v0.1.0,,,"[""SRC-WHO-OH"", ""SRC-NIOSH-TWH""]"
PAGE-00649,adesao-a-programas,Adesão a programas,explicacao_fundamental,topic,OH22,MOD-0099,"[""G"", ""P""]",candidate,not_rendered_v0.1.0,,,"[""SRC-WHO-OH"", ""SRC-NIOSH-TWH""]"
PAGE-00650,avaliacao-de-efetividade,Avaliação de efetividade,explicacao_fundamental,topic,OH22,MOD-0099,"[""G"", ""P""]",candidate,not_rendered_v0.1.0,,,"[""SRC-WHO-OH"", ""SRC-NIOSH-TWH""]"
PAGE-00651,roi-e-voi-em-saude-ocupacional,ROI e VOI em saúde ocupacional,explicacao_fundamental,topic,OH22,MOD-0099,"[""G"", ""P""]",candidate,not_rendered_v0.1.0,,,"[""SRC-WHO-OH"", ""SRC-NIOSH-TWH""]"
PAGE-00652,limitacoes-de-metricas-economicas-em-saude,Limitações de métricas econômicas em saúde,explicacao_fundamental,topic,OH22,MOD-0099,"[""G"", ""P""]",candidate,not_rendered_v0.1.0,,,"[""SRC-WHO-OH"", ""SRC-NIOSH-TWH""]"
PAGE-00653,modelo-de-governanca-da-saude-ocupacional,Modelo de governança da saúde ocupacional,explicacao_fundamental,topic,OH23,MOD-0100,"[""G"", ""P""]",candidate,not_rendered_v0.1.0,,,"[""SRC-WHO-OH"", ""SRC-ILO-OSH"", ""SRC-COFEN-581""]"
PAGE-00654,planejamento-estrategico-em-saude-ocupacional,Planejamento estratégico em saúde ocupacional,explicacao_fundamental,topic,OH23,MOD-0100,"[""G"", ""P""]",candidate,not_rendered_v0.1.0,,,"[""SRC-WHO-OH"", ""SRC-ILO-OSH"", ""SRC-COFEN-581""]"
PAGE-00655,papeis-e-responsabilidades,Papéis e responsabilidades,explicacao_fundamental,topic,OH23,MOD-0100,"[""G"", ""P""]",candidate,not_rendered_v0.1.0,,,"[""SRC-WHO-OH"", ""SRC-ILO-OSH"", ""SRC-COFEN-581""]"
PAGE-00656,matriz-raci-em-sst,Matriz RACI em SST,explicacao_fundamental,topic,OH23,MOD-0100,"[""G"", ""P""]",candidate,not_rendered_v0.1.0,,,"[""SRC-WHO-OH"", ""SRC-ILO-OSH"", ""SRC-COFEN-581""]"
PAGE-00657,politicas-corporativas-de-saude,Políticas corporativas de saúde,explicacao_fundamental,topic,OH23,MOD-0100,"[""G"", ""P""]",candidate,not_rendered_v0.1.0,,,"[""SRC-WHO-OH"", ""SRC-ILO-OSH"", ""SRC-COFEN-581""]"
PAGE-00658,gestao-por-riscos,Gestão por riscos,explicacao_fundamental,topic,OH23,MOD-0100,"[""G"", ""P""]",candidate,not_rendered_v0.1.0,,,"[""SRC-WHO-OH"", ""SRC-ILO-OSH"", ""SRC-COFEN-581""]"
PAGE-00659,gestao-de-ambulatorio-ocupacional,Gestão de ambulatório ocupacional,explicacao_fundamental,topic,OH23,MOD-0101,"[""G"", ""P""]",candidate,not_rendered_v0.1.0,,,"[""SRC-WHO-OH"", ""SRC-ILO-OSH"", ""SRC-COFEN-581""]"
PAGE-00660,agenda-e-capacidade-assistencial,Agenda e capacidade assistencial,explicacao_fundamental,topic,OH23,MOD-0101,"[""G"", ""P""]",candidate,not_rendered_v0.1.0,,,"[""SRC-WHO-OH"", ""SRC-ILO-OSH"", ""SRC-COFEN-581""]"
PAGE-00661,gestao-de-fornecedores-de-saude,Gestão de fornecedores de saúde,explicacao_fundamental,topic,OH23,MOD-0101,"[""G"", ""P""]",candidate,not_rendered_v0.1.0,,,"[""SRC-WHO-OH"", ""SRC-ILO-OSH"", ""SRC-COFEN-581""]"
PAGE-00662,sla-em-saude-ocupacional,SLA em saúde ocupacional,explicacao_fundamental,topic,OH23,MOD-0101,"[""G"", ""P""]",candidate,not_rendered_v0.1.0,,,"[""SRC-WHO-OH"", ""SRC-ILO-OSH"", ""SRC-COFEN-581""]"
PAGE-00663,gestao-de-contratos,Gestão de contratos,explicacao_fundamental,topic,OH23,MOD-0101,"[""G"", ""P""]",candidate,not_rendered_v0.1.0,,,"[""SRC-WHO-OH"", ""SRC-ILO-OSH"", ""SRC-COFEN-581""]"
PAGE-00664,gestao-de-estoque-e-insumos,Gestão de estoque e insumos,explicacao_fundamental,topic,OH23,MOD-0101,"[""G"", ""P""]",candidate,not_rendered_v0.1.0,,,"[""SRC-WHO-OH"", ""SRC-ILO-OSH"", ""SRC-COFEN-581""]"
PAGE-00665,gestao-documental,Gestão documental,explicacao_fundamental,topic,OH23,MOD-0101,"[""G"", ""P""]",candidate,not_rendered_v0.1.0,,,"[""SRC-WHO-OH"", ""SRC-ILO-OSH"", ""SRC-COFEN-581""]"
PAGE-00666,lideranca-em-saude-ocupacional,Liderança em saúde ocupacional,explicacao_fundamental,topic,OH23,MOD-0102,"[""G"", ""P""]",candidate,not_rendered_v0.1.0,,,"[""SRC-WHO-OH"", ""SRC-ILO-OSH"", ""SRC-COFEN-581""]"
PAGE-00667,gestao-de-equipes-multiprofissionais,Gestão de equipes multiprofissionais,explicacao_fundamental,topic,OH23,MOD-0102,"[""G"", ""P""]",candidate,not_rendered_v0.1.0,,,"[""SRC-WHO-OH"", ""SRC-ILO-OSH"", ""SRC-COFEN-581""]"
PAGE-00668,supervisao-de-enfermagem,Supervisão de enfermagem,explicacao_fundamental,topic,OH23,MOD-0102,"[""G"", ""P""]",candidate,not_rendered_v0.1.0,,,"[""SRC-WHO-OH"", ""SRC-ILO-OSH"", ""SRC-COFEN-581""]"
PAGE-00669,competencias-e-treinamento,Competências e treinamento,explicacao_fundamental,topic,OH23,MOD-0102,"[""G"", ""P""]",candidate,not_rendered_v0.1.0,,,"[""SRC-WHO-OH"", ""SRC-ILO-OSH"", ""SRC-COFEN-581""]"
PAGE-00670,gestao-de-conflitos,Gestão de conflitos,explicacao_fundamental,topic,OH23,MOD-0102,"[""G"", ""P""]",candidate,not_rendered_v0.1.0,,,"[""SRC-WHO-OH"", ""SRC-ILO-OSH"", ""SRC-COFEN-581""]"
PAGE-00671,comunicacao-com-lideranca-empresarial,Comunicação com liderança empresarial,explicacao_fundamental,topic,OH23,MOD-0102,"[""G"", ""P""]",candidate,not_rendered_v0.1.0,,,"[""SRC-WHO-OH"", ""SRC-ILO-OSH"", ""SRC-COFEN-581""]"
PAGE-00672,orcamento-de-saude-ocupacional,Orçamento de saúde ocupacional,explicacao_fundamental,topic,OH23,MOD-0103,"[""P""]",candidate,not_rendered_v0.1.0,,,"[""SRC-WHO-OH"", ""SRC-ILO-OSH"", ""SRC-COFEN-581""]"
PAGE-00673,custos-de-absenteismo,Custos de absenteísmo,explicacao_fundamental,topic,OH23,MOD-0103,"[""P""]",candidate,not_rendered_v0.1.0,,,"[""SRC-WHO-OH"", ""SRC-ILO-OSH"", ""SRC-COFEN-581""]"
PAGE-00674,business-case-de-programa-de-saude,Business case de programa de saúde,explicacao_fundamental,topic,OH23,MOD-0103,"[""P""]",candidate,not_rendered_v0.1.0,,,"[""SRC-WHO-OH"", ""SRC-ILO-OSH"", ""SRC-COFEN-581""]"
PAGE-00675,valor-em-saude-ocupacional,Valor em saúde ocupacional,explicacao_fundamental,topic,OH23,MOD-0103,"[""P""]",candidate,not_rendered_v0.1.0,,,"[""SRC-WHO-OH"", ""SRC-ILO-OSH"", ""SRC-COFEN-581""]"
PAGE-00676,priorizacao-de-investimentos-em-sst,Priorização de investimentos em SST,explicacao_fundamental,topic,OH23,MOD-0103,"[""P""]",candidate,not_rendered_v0.1.0,,,"[""SRC-WHO-OH"", ""SRC-ILO-OSH"", ""SRC-COFEN-581""]"
PAGE-00677,conceito-de-absenteismo,Conceito de absenteísmo,explicacao_fundamental,topic,OH24,MOD-0104,"[""T"", ""G"", ""P""]",candidate,not_rendered_v0.1.0,,,"[""SRC-PREV-NTEP"", ""SRC-WHO-OH""]"
PAGE-00678,tipos-de-ausencia-ao-trabalho,Tipos de ausência ao trabalho,explicacao_fundamental,topic,OH24,MOD-0104,"[""T"", ""G"", ""P""]",candidate,not_rendered_v0.1.0,,,"[""SRC-PREV-NTEP"", ""SRC-WHO-OH""]"
PAGE-00679,presenteismo-oh24,Presenteísmo,explicacao_fundamental,topic,OH24,MOD-0104,"[""T"", ""G"", ""P""]",candidate,not_rendered_v0.1.0,,,"[""SRC-PREV-NTEP"", ""SRC-WHO-OH""]"
PAGE-00680,indicadores-de-absenteismo,Indicadores de absenteísmo,explicacao_fundamental,topic,OH24,MOD-0104,"[""T"", ""G"", ""P""]",candidate,not_rendered_v0.1.0,,,"[""SRC-PREV-NTEP"", ""SRC-WHO-OH""]"
PAGE-00681,analise-de-causas-de-ausencia,Análise de causas de ausência,explicacao_fundamental,topic,OH24,MOD-0104,"[""T"", ""G"", ""P""]",candidate,not_rendered_v0.1.0,,,"[""SRC-PREV-NTEP"", ""SRC-WHO-OH""]"
PAGE-00682,limitacoes-de-indicadores-de-ausencia,Limitações de indicadores de ausência,explicacao_fundamental,topic,OH24,MOD-0104,"[""T"", ""G"", ""P""]",candidate,not_rendered_v0.1.0,,,"[""SRC-PREV-NTEP"", ""SRC-WHO-OH""]"
PAGE-00683,incapacidade-temporaria,Incapacidade temporária,explicacao_fundamental,topic,OH24,MOD-0105,"[""G"", ""P""]",candidate,not_rendered_v0.1.0,,,"[""SRC-PREV-NTEP"", ""SRC-WHO-OH""]"
PAGE-00684,incapacidade-permanente,Incapacidade permanente,explicacao_fundamental,topic,OH24,MOD-0105,"[""G"", ""P""]",candidate,not_rendered_v0.1.0,,,"[""SRC-PREV-NTEP"", ""SRC-WHO-OH""]"
PAGE-00685,funcionalidade-e-trabalho,Funcionalidade e trabalho,explicacao_fundamental,topic,OH24,MOD-0105,"[""G"", ""P""]",candidate,not_rendered_v0.1.0,,,"[""SRC-PREV-NTEP"", ""SRC-WHO-OH""]"
PAGE-00686,restricoes-e-limitacoes-funcionais,Restrições e limitações funcionais,explicacao_fundamental,topic,OH24,MOD-0105,"[""G"", ""P""]",candidate,not_rendered_v0.1.0,,,"[""SRC-PREV-NTEP"", ""SRC-WHO-OH""]"
PAGE-00687,acomodacao-razoavel,Acomodação razoável,explicacao_fundamental,topic,OH24,MOD-0105,"[""G"", ""P""]",candidate,not_rendered_v0.1.0,,,"[""SRC-PREV-NTEP"", ""SRC-WHO-OH""]"
PAGE-00688,capacidade-para-o-trabalho-oh24,Capacidade para o trabalho,explicacao_fundamental,topic,OH24,MOD-0105,"[""G"", ""P""]",candidate,not_rendered_v0.1.0,,,"[""SRC-PREV-NTEP"", ""SRC-WHO-OH""]"
PAGE-00689,planejamento-de-retorno-ao-trabalho,Planejamento de retorno ao trabalho,explicacao_fundamental,topic,OH24,MOD-0106,"[""G"", ""P""]",candidate,not_rendered_v0.1.0,,,"[""SRC-PREV-NTEP"", ""SRC-WHO-OH""]"
PAGE-00690,retorno-gradual-ao-trabalho,Retorno gradual ao trabalho,explicacao_fundamental,topic,OH24,MOD-0106,"[""G"", ""P""]",candidate,not_rendered_v0.1.0,,,"[""SRC-PREV-NTEP"", ""SRC-WHO-OH""]"
PAGE-00691,comunicacao-no-retorno-ao-trabalho,Comunicação no retorno ao trabalho,explicacao_fundamental,topic,OH24,MOD-0106,"[""G"", ""P""]",candidate,not_rendered_v0.1.0,,,"[""SRC-PREV-NTEP"", ""SRC-WHO-OH""]"
PAGE-00692,ajustes-temporarios-de-funcao,Ajustes temporários de função,explicacao_fundamental,topic,OH24,MOD-0106,"[""G"", ""P""]",candidate,not_rendered_v0.1.0,,,"[""SRC-PREV-NTEP"", ""SRC-WHO-OH""]"
PAGE-00693,retorno-apos-transtorno-mental,Retorno após transtorno mental,explicacao_fundamental,topic,OH24,MOD-0106,"[""G"", ""P""]",candidate,not_rendered_v0.1.0,,,"[""SRC-PREV-NTEP"", ""SRC-WHO-OH""]"
PAGE-00694,retorno-apos-lesao-musculoesqueletica,Retorno após lesão musculoesquelética,explicacao_fundamental,topic,OH24,MOD-0106,"[""G"", ""P""]",candidate,not_rendered_v0.1.0,,,"[""SRC-PREV-NTEP"", ""SRC-WHO-OH""]"
PAGE-00695,avaliacao-do-programa-de-retorno,Avaliação do programa de retorno,explicacao_fundamental,topic,OH24,MOD-0106,"[""G"", ""P""]",candidate,not_rendered_v0.1.0,,,"[""SRC-PREV-NTEP"", ""SRC-WHO-OH""]"
PAGE-00696,reabilitacao-profissional,Reabilitação profissional,explicacao_fundamental,topic,OH24,MOD-0107,"[""G"", ""P""]",candidate,not_rendered_v0.1.0,,,"[""SRC-PREV-NTEP"", ""SRC-WHO-OH""]"
PAGE-00697,trabalho-multiprofissional-na-reabilitacao,Trabalho multiprofissional na reabilitação,explicacao_fundamental,topic,OH24,MOD-0107,"[""G"", ""P""]",candidate,not_rendered_v0.1.0,,,"[""SRC-PREV-NTEP"", ""SRC-WHO-OH""]"
PAGE-00698,reintegracao-laboral,Reintegração laboral,explicacao_fundamental,topic,OH24,MOD-0107,"[""G"", ""P""]",candidate,not_rendered_v0.1.0,,,"[""SRC-PREV-NTEP"", ""SRC-WHO-OH""]"
PAGE-00699,barreiras-ao-retorno,Barreiras ao retorno,explicacao_fundamental,topic,OH24,MOD-0107,"[""G"", ""P""]",candidate,not_rendered_v0.1.0,,,"[""SRC-PREV-NTEP"", ""SRC-WHO-OH""]"
PAGE-00700,facilitadores-do-retorno,Facilitadores do retorno,explicacao_fundamental,topic,OH24,MOD-0107,"[""G"", ""P""]",candidate,not_rendered_v0.1.0,,,"[""SRC-PREV-NTEP"", ""SRC-WHO-OH""]"
PAGE-00701,qualidade-em-saude-ocupacional,Qualidade em saúde ocupacional,explicacao_fundamental,topic,OH25,MOD-0108,"[""G"", ""P""]",candidate,not_rendered_v0.1.0,,,"[""SRC-ILO-OSH"", ""SRC-MTE-NR01""]"
PAGE-00702,padronizacao-de-processos,Padronização de processos,explicacao_fundamental,topic,OH25,MOD-0108,"[""G"", ""P""]",candidate,not_rendered_v0.1.0,,,"[""SRC-ILO-OSH"", ""SRC-MTE-NR01""]"
PAGE-00703,procedimento-operacional-padrao,Procedimento operacional padrão,explicacao_fundamental,topic,OH25,MOD-0108,"[""G"", ""P""]",candidate,not_rendered_v0.1.0,,,"[""SRC-ILO-OSH"", ""SRC-MTE-NR01""]"
PAGE-00704,gestao-de-documentos,Gestão de documentos,explicacao_fundamental,topic,OH25,MOD-0108,"[""G"", ""P""]",candidate,not_rendered_v0.1.0,,,"[""SRC-ILO-OSH"", ""SRC-MTE-NR01""]"
PAGE-00705,gestao-de-nao-conformidades,Gestão de não conformidades,explicacao_fundamental,topic,OH25,MOD-0108,"[""G"", ""P""]",candidate,not_rendered_v0.1.0,,,"[""SRC-ILO-OSH"", ""SRC-MTE-NR01""]"
PAGE-00706,acao-corretiva-e-preventiva,Ação corretiva e preventiva,explicacao_fundamental,topic,OH25,MOD-0108,"[""G"", ""P""]",candidate,not_rendered_v0.1.0,,,"[""SRC-ILO-OSH"", ""SRC-MTE-NR01""]"
PAGE-00707,auditoria-de-prontuarios-ocupacionais,Auditoria de prontuários ocupacionais,explicacao_fundamental,topic,OH25,MOD-0109,"[""G"", ""P""]",candidate,not_rendered_v0.1.0,,,"[""SRC-ILO-OSH"", ""SRC-MTE-NR01""]"
PAGE-00708,auditoria-de-pcmso,Auditoria de PCMSO,explicacao_fundamental,topic,OH25,MOD-0109,"[""G"", ""P""]",candidate,not_rendered_v0.1.0,,,"[""SRC-ILO-OSH"", ""SRC-MTE-NR01""]"
PAGE-00709,auditoria-de-pgr,Auditoria de PGR,explicacao_fundamental,topic,OH25,MOD-0109,"[""G"", ""P""]",candidate,not_rendered_v0.1.0,,,"[""SRC-ILO-OSH"", ""SRC-MTE-NR01""]"
PAGE-00710,auditoria-de-eventos-esocial-sst,Auditoria de eventos eSocial SST,explicacao_fundamental,topic,OH25,MOD-0109,"[""G"", ""P""]",candidate,not_rendered_v0.1.0,,,"[""SRC-ILO-OSH"", ""SRC-MTE-NR01""]"
PAGE-00711,amostragem-em-auditoria,Amostragem em auditoria,explicacao_fundamental,topic,OH25,MOD-0109,"[""G"", ""P""]",candidate,not_rendered_v0.1.0,,,"[""SRC-ILO-OSH"", ""SRC-MTE-NR01""]"
PAGE-00712,evidencia-objetiva-de-auditoria,Evidência objetiva de auditoria,explicacao_fundamental,topic,OH25,MOD-0109,"[""G"", ""P""]",candidate,not_rendered_v0.1.0,,,"[""SRC-ILO-OSH"", ""SRC-MTE-NR01""]"
PAGE-00713,plano-de-acao-pos-auditoria,Plano de ação pós-auditoria,explicacao_fundamental,topic,OH25,MOD-0109,"[""G"", ""P""]",candidate,not_rendered_v0.1.0,,,"[""SRC-ILO-OSH"", ""SRC-MTE-NR01""]"
PAGE-00714,painel-de-indicadores-de-sst,Painel de indicadores de SST,explicacao_fundamental,topic,OH25,MOD-0110,"[""T"", ""G"", ""P""]",candidate,not_rendered_v0.1.0,,,"[""SRC-ILO-OSH"", ""SRC-MTE-NR01""]"
PAGE-00715,indicadores-antecedentes-e-consequentes,Indicadores antecedentes e consequentes,explicacao_fundamental,topic,OH25,MOD-0110,"[""T"", ""G"", ""P""]",candidate,not_rendered_v0.1.0,,,"[""SRC-ILO-OSH"", ""SRC-MTE-NR01""]"
PAGE-00716,indicadores-de-acidentes,Indicadores de acidentes,explicacao_fundamental,topic,OH25,MOD-0110,"[""T"", ""G"", ""P""]",candidate,not_rendered_v0.1.0,,,"[""SRC-ILO-OSH"", ""SRC-MTE-NR01""]"
PAGE-00717,indicadores-de-saude,Indicadores de saúde,explicacao_fundamental,topic,OH25,MOD-0110,"[""T"", ""G"", ""P""]",candidate,not_rendered_v0.1.0,,,"[""SRC-ILO-OSH"", ""SRC-MTE-NR01""]"
PAGE-00718,indicadores-de-conformidade,Indicadores de conformidade,explicacao_fundamental,topic,OH25,MOD-0110,"[""T"", ""G"", ""P""]",candidate,not_rendered_v0.1.0,,,"[""SRC-ILO-OSH"", ""SRC-MTE-NR01""]"
PAGE-00719,indicadores-de-treinamento,Indicadores de treinamento,explicacao_fundamental,topic,OH25,MOD-0110,"[""T"", ""G"", ""P""]",candidate,not_rendered_v0.1.0,,,"[""SRC-ILO-OSH"", ""SRC-MTE-NR01""]"
PAGE-00720,indicadores-de-qualidade-de-dados,Indicadores de qualidade de dados,explicacao_fundamental,topic,OH25,MOD-0110,"[""T"", ""G"", ""P""]",candidate,not_rendered_v0.1.0,,,"[""SRC-ILO-OSH"", ""SRC-MTE-NR01""]"
PAGE-00721,pdca-em-saude-ocupacional,PDCA em saúde ocupacional,explicacao_fundamental,topic,OH25,MOD-0111,"[""G"", ""P""]",candidate,not_rendered_v0.1.0,,,"[""SRC-ILO-OSH"", ""SRC-MTE-NR01""]"
PAGE-00722,analise-de-causa-raiz,Análise de causa raiz,explicacao_fundamental,topic,OH25,MOD-0111,"[""G"", ""P""]",candidate,not_rendered_v0.1.0,,,"[""SRC-ILO-OSH"", ""SRC-MTE-NR01""]"
PAGE-00723,5-porques,5 porquês,explicacao_fundamental,topic,OH25,MOD-0111,"[""G"", ""P""]",candidate,not_rendered_v0.1.0,,,"[""SRC-ILO-OSH"", ""SRC-MTE-NR01""]"
PAGE-00724,diagrama-de-ishikawa,Diagrama de Ishikawa,explicacao_fundamental,topic,OH25,MOD-0111,"[""G"", ""P""]",candidate,not_rendered_v0.1.0,,,"[""SRC-ILO-OSH"", ""SRC-MTE-NR01""]"
PAGE-00725,licoes-aprendidas,Lições aprendidas,explicacao_fundamental,topic,OH25,MOD-0111,"[""G"", ""P""]",candidate,not_rendered_v0.1.0,,,"[""SRC-ILO-OSH"", ""SRC-MTE-NR01""]"
PAGE-00726,gestao-de-mudancas,Gestão de mudanças,explicacao_fundamental,topic,OH25,MOD-0111,"[""G"", ""P""]",candidate,not_rendered_v0.1.0,,,"[""SRC-ILO-OSH"", ""SRC-MTE-NR01""]"
PAGE-00727,sistema-de-gestao-de-seguranca-e-saude-no-trabalho,Sistema de gestão de segurança e saúde no trabalho,explicacao_fundamental,topic,OH26,MOD-0112,"[""G"", ""P""]",candidate,not_rendered_v0.1.0,,,"[""SRC-ISO-45001"", ""SRC-ILO-OSH""]"
PAGE-00728,iso-45001-fundamentos,ISO 45001 fundamentos,explicacao_fundamental,topic,OH26,MOD-0112,"[""G"", ""P""]",candidate,not_rendered_v0.1.0,,,"[""SRC-ISO-45001"", ""SRC-ILO-OSH""]"
PAGE-00729,contexto-da-organizacao-e-sst,Contexto da organização e SST,explicacao_fundamental,topic,OH26,MOD-0112,"[""G"", ""P""]",candidate,not_rendered_v0.1.0,,,"[""SRC-ISO-45001"", ""SRC-ILO-OSH""]"
PAGE-00730,lideranca-e-participacao-dos-trabalhadores,Liderança e participação dos trabalhadores,explicacao_fundamental,topic,OH26,MOD-0112,"[""G"", ""P""]",candidate,not_rendered_v0.1.0,,,"[""SRC-ISO-45001"", ""SRC-ILO-OSH""]"
PAGE-00731,planejamento-baseado-em-riscos,Planejamento baseado em riscos,explicacao_fundamental,topic,OH26,MOD-0112,"[""G"", ""P""]",candidate,not_rendered_v0.1.0,,,"[""SRC-ISO-45001"", ""SRC-ILO-OSH""]"
PAGE-00732,avaliacao-de-desempenho,Avaliação de desempenho,explicacao_fundamental,topic,OH26,MOD-0112,"[""G"", ""P""]",candidate,not_rendered_v0.1.0,,,"[""SRC-ISO-45001"", ""SRC-ILO-OSH""]"
PAGE-00733,melhoria-continua,Melhoria contínua,explicacao_fundamental,topic,OH26,MOD-0112,"[""G"", ""P""]",candidate,not_rendered_v0.1.0,,,"[""SRC-ISO-45001"", ""SRC-ILO-OSH""]"
PAGE-00734,integracao-iso-45001-e-iso-14001,Integração ISO 45001 e ISO 14001,explicacao_fundamental,topic,OH26,MOD-0113,"[""P""]",candidate,not_rendered_v0.1.0,,,"[""SRC-ISO-45001"", ""SRC-ILO-OSH""]"
PAGE-00735,integracao-iso-45001-e-iso-9001,Integração ISO 45001 e ISO 9001,explicacao_fundamental,topic,OH26,MOD-0113,"[""P""]",candidate,not_rendered_v0.1.0,,,"[""SRC-ISO-45001"", ""SRC-ILO-OSH""]"
PAGE-00736,auditoria-integrada,Auditoria integrada,explicacao_fundamental,topic,OH26,MOD-0113,"[""P""]",candidate,not_rendered_v0.1.0,,,"[""SRC-ISO-45001"", ""SRC-ILO-OSH""]"
PAGE-00737,gestao-integrada-saude-seguranca-e-ambiente,Gestão integrada saúde segurança e ambiente,explicacao_fundamental,topic,OH26,MOD-0113,"[""P""]",candidate,not_rendered_v0.1.0,,,"[""SRC-ISO-45001"", ""SRC-ILO-OSH""]"
PAGE-00738,certificacao-de-sistema-de-gestao,Certificação de sistema de gestão,explicacao_fundamental,topic,OH26,MOD-0114,"[""G"", ""P""]",candidate,not_rendered_v0.1.0,,,"[""SRC-ISO-45001"", ""SRC-ILO-OSH""]"
PAGE-00739,organismo-certificador,Organismo certificador,explicacao_fundamental,topic,OH26,MOD-0114,"[""G"", ""P""]",candidate,not_rendered_v0.1.0,,,"[""SRC-ISO-45001"", ""SRC-ILO-OSH""]"
PAGE-00740,auditoria-de-certificacao,Auditoria de certificação,explicacao_fundamental,topic,OH26,MOD-0114,"[""G"", ""P""]",candidate,not_rendered_v0.1.0,,,"[""SRC-ISO-45001"", ""SRC-ILO-OSH""]"
PAGE-00741,acreditacao-versus-certificacao,Acreditação versus certificação,explicacao_fundamental,topic,OH26,MOD-0114,"[""G"", ""P""]",candidate,not_rendered_v0.1.0,,,"[""SRC-ISO-45001"", ""SRC-ILO-OSH""]"
PAGE-00742,evidencia-de-conformidade-e-escopo,Evidência de conformidade e escopo,explicacao_fundamental,topic,OH26,MOD-0114,"[""G"", ""P""]",candidate,not_rendered_v0.1.0,,,"[""SRC-ISO-45001"", ""SRC-ILO-OSH""]"
PAGE-00743,interface-saude-ambiental-e-saude-do-trabalhador,Interface saúde ambiental e saúde do trabalhador,explicacao_fundamental,topic,OH27,MOD-0115,"[""G"", ""P""]",candidate,not_rendered_v0.1.0,,,"[""SRC-WHO-OH"", ""SRC-ILO-OSH""]"
PAGE-00744,poluicao-ambiental-e-exposicao-ocupacional,Poluição ambiental e exposição ocupacional,explicacao_fundamental,topic,OH27,MOD-0115,"[""G"", ""P""]",candidate,not_rendered_v0.1.0,,,"[""SRC-WHO-OH"", ""SRC-ILO-OSH""]"
PAGE-00745,residuos-e-saude-do-trabalhador,Resíduos e saúde do trabalhador,explicacao_fundamental,topic,OH27,MOD-0115,"[""G"", ""P""]",candidate,not_rendered_v0.1.0,,,"[""SRC-WHO-OH"", ""SRC-ILO-OSH""]"
PAGE-00746,agua-e-saneamento-no-ambiente-de-trabalho,Água e saneamento no ambiente de trabalho,explicacao_fundamental,topic,OH27,MOD-0115,"[""G"", ""P""]",candidate,not_rendered_v0.1.0,,,"[""SRC-WHO-OH"", ""SRC-ILO-OSH""]"
PAGE-00747,qualidade-do-ar-interno,Qualidade do ar interno,explicacao_fundamental,topic,OH27,MOD-0115,"[""G"", ""P""]",candidate,not_rendered_v0.1.0,,,"[""SRC-WHO-OH"", ""SRC-ILO-OSH""]"
PAGE-00748,mudancas-climaticas-e-saude-do-trabalhador,Mudanças climáticas e saúde do trabalhador,explicacao_fundamental,topic,OH27,MOD-0116,"[""G"", ""P""]",candidate,not_rendered_v0.1.0,,,"[""SRC-WHO-OH"", ""SRC-ILO-OSH""]"
PAGE-00749,ondas-de-calor-e-trabalho,Ondas de calor e trabalho,explicacao_fundamental,topic,OH27,MOD-0116,"[""G"", ""P""]",candidate,not_rendered_v0.1.0,,,"[""SRC-WHO-OH"", ""SRC-ILO-OSH""]"
PAGE-00750,eventos-extremos-e-continuidade-operacional,Eventos extremos e continuidade operacional,explicacao_fundamental,topic,OH27,MOD-0116,"[""G"", ""P""]",candidate,not_rendered_v0.1.0,,,"[""SRC-WHO-OH"", ""SRC-ILO-OSH""]"
PAGE-00751,vetores-e-doencas-ocupacionais-emergentes,Vetores e doenças ocupacionais emergentes,explicacao_fundamental,topic,OH27,MOD-0116,"[""G"", ""P""]",candidate,not_rendered_v0.1.0,,,"[""SRC-WHO-OH"", ""SRC-ILO-OSH""]"
PAGE-00752,adaptacao-climatica-no-trabalho,Adaptação climática no trabalho,explicacao_fundamental,topic,OH27,MOD-0116,"[""G"", ""P""]",candidate,not_rendered_v0.1.0,,,"[""SRC-WHO-OH"", ""SRC-ILO-OSH""]"
PAGE-00753,dimensao-social-do-esg-e-saude-do-trabalhador,Dimensão social do ESG e saúde do trabalhador,explicacao_fundamental,topic,OH27,MOD-0117,"[""G"", ""P""]",candidate,not_rendered_v0.1.0,,,"[""SRC-WHO-OH"", ""SRC-ILO-OSH""]"
PAGE-00754,indicadores-esg-de-saude-e-seguranca,Indicadores ESG de saúde e segurança,explicacao_fundamental,topic,OH27,MOD-0117,"[""G"", ""P""]",candidate,not_rendered_v0.1.0,,,"[""SRC-WHO-OH"", ""SRC-ILO-OSH""]"
PAGE-00755,cadeia-de-fornecedores-e-sst,Cadeia de fornecedores e SST,explicacao_fundamental,topic,OH27,MOD-0117,"[""G"", ""P""]",candidate,not_rendered_v0.1.0,,,"[""SRC-WHO-OH"", ""SRC-ILO-OSH""]"
PAGE-00756,due-diligence-social-e-sst,Due diligence social e SST,explicacao_fundamental,topic,OH27,MOD-0117,"[""G"", ""P""]",candidate,not_rendered_v0.1.0,,,"[""SRC-WHO-OH"", ""SRC-ILO-OSH""]"
PAGE-00757,transparencia-e-relato-de-desempenho,Transparência e relato de desempenho,explicacao_fundamental,topic,OH27,MOD-0117,"[""G"", ""P""]",candidate,not_rendered_v0.1.0,,,"[""SRC-WHO-OH"", ""SRC-ILO-OSH""]"
PAGE-00758,greenwashing-e-healthwashing,Greenwashing e healthwashing,explicacao_fundamental,topic,OH27,MOD-0117,"[""G"", ""P""]",candidate,not_rendered_v0.1.0,,,"[""SRC-WHO-OH"", ""SRC-ILO-OSH""]"
PAGE-00759,gestao-de-residuos-de-servicos-de-saude,Gestão de resíduos de serviços de saúde,explicacao_fundamental,topic,OH27,MOD-0118,"[""G"", ""P""]",candidate,not_rendered_v0.1.0,,,"[""SRC-WHO-OH"", ""SRC-ILO-OSH""]"
PAGE-00760,compras-sustentaveis-em-saude-ocupacional,Compras sustentáveis em saúde ocupacional,explicacao_fundamental,topic,OH27,MOD-0118,"[""G"", ""P""]",candidate,not_rendered_v0.1.0,,,"[""SRC-WHO-OH"", ""SRC-ILO-OSH""]"
PAGE-00761,eficiencia-energetica-em-servicos-de-saude-ocupacional,Eficiência energética em serviços de saúde ocupacional,explicacao_fundamental,topic,OH27,MOD-0118,"[""G"", ""P""]",candidate,not_rendered_v0.1.0,,,"[""SRC-WHO-OH"", ""SRC-ILO-OSH""]"
PAGE-00762,mobilidade-e-saude-do-trabalhador,Mobilidade e saúde do trabalhador,explicacao_fundamental,topic,OH27,MOD-0118,"[""G"", ""P""]",candidate,not_rendered_v0.1.0,,,"[""SRC-WHO-OH"", ""SRC-ILO-OSH""]"
PAGE-00763,autonomia-do-trabalhador,Autonomia do trabalhador,explicacao_fundamental,topic,OH28,MOD-0119,"[""G"", ""P""]",candidate,not_rendered_v0.1.0,,,"[""SRC-COFEN-581"", ""SRC-MTE-NR01""]"
PAGE-00764,beneficencia-e-nao-maleficencia-em-saude-ocupacional,Beneficência e não maleficência em saúde ocupacional,explicacao_fundamental,topic,OH28,MOD-0119,"[""G"", ""P""]",candidate,not_rendered_v0.1.0,,,"[""SRC-COFEN-581"", ""SRC-MTE-NR01""]"
PAGE-00765,justica-e-equidade-no-trabalho,Justiça e equidade no trabalho,explicacao_fundamental,topic,OH28,MOD-0119,"[""G"", ""P""]",candidate,not_rendered_v0.1.0,,,"[""SRC-COFEN-581"", ""SRC-MTE-NR01""]"
PAGE-00766,conflito-de-interesses-em-saude-ocupacional,Conflito de interesses em saúde ocupacional,explicacao_fundamental,topic,OH28,MOD-0119,"[""G"", ""P""]",candidate,not_rendered_v0.1.0,,,"[""SRC-COFEN-581"", ""SRC-MTE-NR01""]"
PAGE-00767,independencia-tecnica-do-profissional-de-saude,Independência técnica do profissional de saúde,explicacao_fundamental,topic,OH28,MOD-0119,"[""G"", ""P""]",candidate,not_rendered_v0.1.0,,,"[""SRC-COFEN-581"", ""SRC-MTE-NR01""]"
PAGE-00768,sigilo-profissional-em-saude-ocupacional,Sigilo profissional em saúde ocupacional,explicacao_fundamental,topic,OH28,MOD-0120,"[""T"", ""G"", ""P""]",candidate,not_rendered_v0.1.0,,,"[""SRC-COFEN-581"", ""SRC-MTE-NR01""]"
PAGE-00769,confidencialidade-de-resultados-clinicos,Confidencialidade de resultados clínicos,explicacao_fundamental,topic,OH28,MOD-0120,"[""T"", ""G"", ""P""]",candidate,not_rendered_v0.1.0,,,"[""SRC-COFEN-581"", ""SRC-MTE-NR01""]"
PAGE-00770,separacao-entre-dado-clinico-e-dado-administrativo,Separação entre dado clínico e dado administrativo,explicacao_fundamental,topic,OH28,MOD-0120,"[""T"", ""G"", ""P""]",candidate,not_rendered_v0.1.0,,,"[""SRC-COFEN-581"", ""SRC-MTE-NR01""]"
PAGE-00771,compartilhamento-minimo-necessario-de-informacoes,Compartilhamento mínimo necessário de informações,explicacao_fundamental,topic,OH28,MOD-0120,"[""T"", ""G"", ""P""]",candidate,not_rendered_v0.1.0,,,"[""SRC-COFEN-581"", ""SRC-MTE-NR01""]"
PAGE-00772,consentimento-e-bases-legais-em-saude-ocupacional,Consentimento e bases legais em saúde ocupacional,explicacao_fundamental,topic,OH28,MOD-0120,"[""T"", ""G"", ""P""]",candidate,not_rendered_v0.1.0,,,"[""SRC-COFEN-581"", ""SRC-MTE-NR01""]"
PAGE-00773,dado-pessoal-de-saude-como-dado-sensivel,Dado pessoal de saúde como dado sensível,explicacao_fundamental,topic,OH28,MOD-0121,"[""G"", ""P""]",candidate,not_rendered_v0.1.0,,,"[""SRC-COFEN-581"", ""SRC-MTE-NR01""]"
PAGE-00774,controlador-e-operador-em-saude-ocupacional,Controlador e operador em saúde ocupacional,explicacao_fundamental,topic,OH28,MOD-0121,"[""G"", ""P""]",candidate,not_rendered_v0.1.0,,,"[""SRC-COFEN-581"", ""SRC-MTE-NR01""]"
PAGE-00775,finalidade-e-necessidade,Finalidade e necessidade,explicacao_fundamental,topic,OH28,MOD-0121,"[""G"", ""P""]",candidate,not_rendered_v0.1.0,,,"[""SRC-COFEN-581"", ""SRC-MTE-NR01""]"
PAGE-00776,seguranca-da-informacao-em-prontuarios,Segurança da informação em prontuários,explicacao_fundamental,topic,OH28,MOD-0121,"[""G"", ""P""]",candidate,not_rendered_v0.1.0,,,"[""SRC-COFEN-581"", ""SRC-MTE-NR01""]"
PAGE-00777,incidente-de-seguranca-com-dados-de-saude,Incidente de segurança com dados de saúde,explicacao_fundamental,topic,OH28,MOD-0121,"[""G"", ""P""]",candidate,not_rendered_v0.1.0,,,"[""SRC-COFEN-581"", ""SRC-MTE-NR01""]"
PAGE-00778,retencao-e-descarte-de-dados,Retenção e descarte de dados,explicacao_fundamental,topic,OH28,MOD-0121,"[""G"", ""P""]",candidate,not_rendered_v0.1.0,,,"[""SRC-COFEN-581"", ""SRC-MTE-NR01""]"
PAGE-00779,programa-de-integridade-e-saude-ocupacional,Programa de integridade e saúde ocupacional,explicacao_fundamental,topic,OH28,MOD-0122,"[""G"", ""P""]",candidate,not_rendered_v0.1.0,,,"[""SRC-COFEN-581"", ""SRC-MTE-NR01""]"
PAGE-00780,canal-de-denuncia-e-saude-do-trabalhador,Canal de denúncia e saúde do trabalhador,explicacao_fundamental,topic,OH28,MOD-0122,"[""G"", ""P""]",candidate,not_rendered_v0.1.0,,,"[""SRC-COFEN-581"", ""SRC-MTE-NR01""]"
PAGE-00781,assedio-e-governanca,Assédio e governança,explicacao_fundamental,topic,OH28,MOD-0122,"[""G"", ""P""]",candidate,not_rendered_v0.1.0,,,"[""SRC-COFEN-581"", ""SRC-MTE-NR01""]"
PAGE-00782,retaliacao-e-protecao-do-trabalhador,Retaliação e proteção do trabalhador,explicacao_fundamental,topic,OH28,MOD-0122,"[""G"", ""P""]",candidate,not_rendered_v0.1.0,,,"[""SRC-COFEN-581"", ""SRC-MTE-NR01""]"
PAGE-00783,andragogia-em-saude-do-trabalhador,Andragogia em saúde do trabalhador,explicacao_fundamental,topic,OH29,MOD-0123,"[""T"", ""G"", ""P""]",candidate,not_rendered_v0.1.0,,,"[""SRC-MTE-NR01"", ""SRC-WHO-OH""]"
PAGE-00784,objetivos-de-aprendizagem,Objetivos de aprendizagem,explicacao_fundamental,topic,OH29,MOD-0123,"[""T"", ""G"", ""P""]",candidate,not_rendered_v0.1.0,,,"[""SRC-MTE-NR01"", ""SRC-WHO-OH""]"
PAGE-00785,microlearning-em-sst,Microlearning em SST,explicacao_fundamental,topic,OH29,MOD-0123,"[""T"", ""G"", ""P""]",candidate,not_rendered_v0.1.0,,,"[""SRC-MTE-NR01"", ""SRC-WHO-OH""]"
PAGE-00786,treinamento-pratico,Treinamento prático,explicacao_fundamental,topic,OH29,MOD-0123,"[""T"", ""G"", ""P""]",candidate,not_rendered_v0.1.0,,,"[""SRC-MTE-NR01"", ""SRC-WHO-OH""]"
PAGE-00787,simulacao-em-saude-ocupacional,Simulação em saúde ocupacional,explicacao_fundamental,topic,OH29,MOD-0123,"[""T"", ""G"", ""P""]",candidate,not_rendered_v0.1.0,,,"[""SRC-MTE-NR01"", ""SRC-WHO-OH""]"
PAGE-00788,avaliacao-de-aprendizagem,Avaliação de aprendizagem,explicacao_fundamental,topic,OH29,MOD-0123,"[""T"", ""G"", ""P""]",candidate,not_rendered_v0.1.0,,,"[""SRC-MTE-NR01"", ""SRC-WHO-OH""]"
PAGE-00789,principios-de-comunicacao-de-risco,Princípios de comunicação de risco,explicacao_fundamental,topic,OH29,MOD-0124,"[""T"", ""G"", ""P""]",candidate,not_rendered_v0.1.0,,,"[""SRC-MTE-NR01"", ""SRC-WHO-OH""]"
PAGE-00790,linguagem-clara-em-sst,Linguagem clara em SST,explicacao_fundamental,topic,OH29,MOD-0124,"[""T"", ""G"", ""P""]",candidate,not_rendered_v0.1.0,,,"[""SRC-MTE-NR01"", ""SRC-WHO-OH""]"
PAGE-00791,comunicacao-de-risco-quimico-oh29,Comunicação de risco químico,explicacao_fundamental,topic,OH29,MOD-0124,"[""T"", ""G"", ""P""]",candidate,not_rendered_v0.1.0,,,"[""SRC-MTE-NR01"", ""SRC-WHO-OH""]"
PAGE-00792,comunicacao-de-risco-biologico,Comunicação de risco biológico,explicacao_fundamental,topic,OH29,MOD-0124,"[""T"", ""G"", ""P""]",candidate,not_rendered_v0.1.0,,,"[""SRC-MTE-NR01"", ""SRC-WHO-OH""]"
PAGE-00793,comunicacao-em-crise,Comunicação em crise,explicacao_fundamental,topic,OH29,MOD-0124,"[""T"", ""G"", ""P""]",candidate,not_rendered_v0.1.0,,,"[""SRC-MTE-NR01"", ""SRC-WHO-OH""]"
PAGE-00794,planejamento-de-campanha-de-saude,Planejamento de campanha de saúde,explicacao_fundamental,topic,OH29,MOD-0125,"[""T"", ""G"", ""P""]",candidate,not_rendered_v0.1.0,,,"[""SRC-MTE-NR01"", ""SRC-WHO-OH""]"
PAGE-00795,infografico-em-saude-ocupacional,Infográfico em saúde ocupacional,explicacao_fundamental,topic,OH29,MOD-0125,"[""T"", ""G"", ""P""]",candidate,not_rendered_v0.1.0,,,"[""SRC-MTE-NR01"", ""SRC-WHO-OH""]"
PAGE-00796,guia-de-bolso,Guia de bolso,explicacao_fundamental,topic,OH29,MOD-0125,"[""T"", ""G"", ""P""]",candidate,not_rendered_v0.1.0,,,"[""SRC-MTE-NR01"", ""SRC-WHO-OH""]"
PAGE-00797,checklist-educacional,Checklist educacional,explicacao_fundamental,topic,OH29,MOD-0125,"[""T"", ""G"", ""P""]",candidate,not_rendered_v0.1.0,,,"[""SRC-MTE-NR01"", ""SRC-WHO-OH""]"
PAGE-00798,flashcards-em-saude-ocupacional,Flashcards em saúde ocupacional,explicacao_fundamental,topic,OH29,MOD-0125,"[""T"", ""G"", ""P""]",candidate,not_rendered_v0.1.0,,,"[""SRC-MTE-NR01"", ""SRC-WHO-OH""]"
PAGE-00799,quiz-e-questoes-comentadas,Quiz e questões comentadas,explicacao_fundamental,topic,OH29,MOD-0125,"[""T"", ""G"", ""P""]",candidate,not_rendered_v0.1.0,,,"[""SRC-MTE-NR01"", ""SRC-WHO-OH""]"
PAGE-00800,acessibilidade-em-materiais-educativos,Acessibilidade em materiais educativos,explicacao_fundamental,topic,OH29,MOD-0125,"[""T"", ""G"", ""P""]",candidate,not_rendered_v0.1.0,,,"[""SRC-MTE-NR01"", ""SRC-WHO-OH""]"
PAGE-00801,levantamento-de-necessidades-de-treinamento,Levantamento de necessidades de treinamento,explicacao_fundamental,topic,OH29,MOD-0126,"[""G"", ""P""]",candidate,not_rendered_v0.1.0,,,"[""SRC-MTE-NR01"", ""SRC-WHO-OH""]"
PAGE-00802,matriz-de-competencias,Matriz de competências,explicacao_fundamental,topic,OH29,MOD-0126,"[""G"", ""P""]",candidate,not_rendered_v0.1.0,,,"[""SRC-MTE-NR01"", ""SRC-WHO-OH""]"
PAGE-00803,reciclagem-periodica,Reciclagem periódica,explicacao_fundamental,topic,OH29,MOD-0126,"[""G"", ""P""]",candidate,not_rendered_v0.1.0,,,"[""SRC-MTE-NR01"", ""SRC-WHO-OH""]"
PAGE-00804,avaliacao-de-efetividade-do-treinamento,Avaliação de efetividade do treinamento,explicacao_fundamental,topic,OH29,MOD-0126,"[""G"", ""P""]",candidate,not_rendered_v0.1.0,,,"[""SRC-MTE-NR01"", ""SRC-WHO-OH""]"
PAGE-00805,evidencia-documental-de-capacitacao,Evidência documental de capacitação,explicacao_fundamental,topic,OH29,MOD-0126,"[""G"", ""P""]",candidate,not_rendered_v0.1.0,,,"[""SRC-MTE-NR01"", ""SRC-WHO-OH""]"
PAGE-00806,modelos-de-negocio-em-saude-ocupacional,Modelos de negócio em saúde ocupacional,explicacao_fundamental,topic,OH30,MOD-0127,"[""P""]",candidate,not_rendered_v0.1.0,,,"[""SRC-WHO-OH"", ""SRC-COFEN-581""]"
PAGE-00807,proposta-de-valor,Proposta de valor,explicacao_fundamental,topic,OH30,MOD-0127,"[""P""]",candidate,not_rendered_v0.1.0,,,"[""SRC-WHO-OH"", ""SRC-COFEN-581""]"
PAGE-00808,segmentacao-de-clientes,Segmentação de clientes,explicacao_fundamental,topic,OH30,MOD-0127,"[""P""]",candidate,not_rendered_v0.1.0,,,"[""SRC-WHO-OH"", ""SRC-COFEN-581""]"
PAGE-00809,precificacao-de-servicos,Precificação de serviços,explicacao_fundamental,topic,OH30,MOD-0127,"[""P""]",candidate,not_rendered_v0.1.0,,,"[""SRC-WHO-OH"", ""SRC-COFEN-581""]"
PAGE-00810,custos-e-margem,Custos e margem,explicacao_fundamental,topic,OH30,MOD-0127,"[""P""]",candidate,not_rendered_v0.1.0,,,"[""SRC-WHO-OH"", ""SRC-COFEN-581""]"
PAGE-00811,contratos-de-prestacao-de-servicos,Contratos de prestação de serviços,explicacao_fundamental,topic,OH30,MOD-0127,"[""P""]",candidate,not_rendered_v0.1.0,,,"[""SRC-WHO-OH"", ""SRC-COFEN-581""]"
PAGE-00812,diagnostico-organizacional-em-saude-ocupacional,Diagnóstico organizacional em saúde ocupacional,explicacao_fundamental,topic,OH30,MOD-0128,"[""P""]",candidate,not_rendered_v0.1.0,,,"[""SRC-WHO-OH"", ""SRC-COFEN-581""]"
PAGE-00813,escopo-de-projeto-de-consultoria,Escopo de projeto de consultoria,explicacao_fundamental,topic,OH30,MOD-0128,"[""P""]",candidate,not_rendered_v0.1.0,,,"[""SRC-WHO-OH"", ""SRC-COFEN-581""]"
PAGE-00814,entregaveis-de-consultoria,Entregáveis de consultoria,explicacao_fundamental,topic,OH30,MOD-0128,"[""P""]",candidate,not_rendered_v0.1.0,,,"[""SRC-WHO-OH"", ""SRC-COFEN-581""]"
PAGE-00815,gestao-de-stakeholders,Gestão de stakeholders,explicacao_fundamental,topic,OH30,MOD-0128,"[""P""]",candidate,not_rendered_v0.1.0,,,"[""SRC-WHO-OH"", ""SRC-COFEN-581""]"
PAGE-00816,limites-profissionais-e-responsabilidade-tecnica,Limites profissionais e responsabilidade técnica,explicacao_fundamental,topic,OH30,MOD-0128,"[""P""]",candidate,not_rendered_v0.1.0,,,"[""SRC-WHO-OH"", ""SRC-COFEN-581""]"
PAGE-00817,proposta-tecnica-e-comercial,Proposta técnica e comercial,explicacao_fundamental,topic,OH30,MOD-0128,"[""P""]",candidate,not_rendered_v0.1.0,,,"[""SRC-WHO-OH"", ""SRC-COFEN-581""]"
PAGE-00818,teleatendimento-em-saude-ocupacional,Teleatendimento em saúde ocupacional,explicacao_fundamental,topic,OH30,MOD-0129,"[""G"", ""P""]",candidate,not_rendered_v0.1.0,,,"[""SRC-WHO-OH"", ""SRC-COFEN-581""]"
PAGE-00819,sistemas-de-gestao-de-saude-ocupacional,Sistemas de gestão de saúde ocupacional,explicacao_fundamental,topic,OH30,MOD-0129,"[""G"", ""P""]",candidate,not_rendered_v0.1.0,,,"[""SRC-WHO-OH"", ""SRC-COFEN-581""]"
PAGE-00820,automacao-de-processos-sst,Automação de processos SST,explicacao_fundamental,topic,OH30,MOD-0129,"[""G"", ""P""]",candidate,not_rendered_v0.1.0,,,"[""SRC-WHO-OH"", ""SRC-COFEN-581""]"
PAGE-00821,inteligencia-artificial-em-saude-ocupacional,Inteligência artificial em saúde ocupacional,explicacao_fundamental,topic,OH30,MOD-0129,"[""G"", ""P""]",candidate,not_rendered_v0.1.0,,,"[""SRC-WHO-OH"", ""SRC-COFEN-581""]"
PAGE-00822,etica-algoritmica,Ética algorítmica,explicacao_fundamental,topic,OH30,MOD-0129,"[""G"", ""P""]",candidate,not_rendered_v0.1.0,,,"[""SRC-WHO-OH"", ""SRC-COFEN-581""]"
PAGE-00823,interoperabilidade-de-dados,Interoperabilidade de dados,explicacao_fundamental,topic,OH30,MOD-0129,"[""G"", ""P""]",candidate,not_rendered_v0.1.0,,,"[""SRC-WHO-OH"", ""SRC-COFEN-581""]"
PAGE-00824,design-thinking-em-saude-ocupacional,Design thinking em saúde ocupacional,explicacao_fundamental,topic,OH30,MOD-0130,"[""P""]",candidate,not_rendered_v0.1.0,,,"[""SRC-WHO-OH"", ""SRC-COFEN-581""]"
PAGE-00825,prototipagem-de-programas,Prototipagem de programas,explicacao_fundamental,topic,OH30,MOD-0130,"[""P""]",candidate,not_rendered_v0.1.0,,,"[""SRC-WHO-OH"", ""SRC-COFEN-581""]"
PAGE-00826,avaliacao-de-tecnologia,Avaliação de tecnologia,explicacao_fundamental,topic,OH30,MOD-0130,"[""P""]",candidate,not_rendered_v0.1.0,,,"[""SRC-WHO-OH"", ""SRC-COFEN-581""]"
PAGE-00827,governanca-de-inovacao,Governança de inovação,explicacao_fundamental,topic,OH30,MOD-0130,"[""P""]",candidate,not_rendered_v0.1.0,,,"[""SRC-WHO-OH"", ""SRC-COFEN-581""]"
PAGE-00828,escalabilidade-e-sustentabilidade-de-solucoes,Escalabilidade e sustentabilidade de soluções,explicacao_fundamental,topic,OH30,MOD-0130,"[""P""]",candidate,not_rendered_v0.1.0,,,"[""SRC-WHO-OH"", ""SRC-COFEN-581""]"
PAGE-00829,riscos-ocupacionais-dos-trabalhadores-da-saude,Riscos ocupacionais dos trabalhadores da saúde,explicacao_fundamental,topic,OH31,MOD-0131,"[""T"", ""G"", ""P""]",candidate,not_rendered_v0.1.0,,,"[""SRC-MTE-NRS-INDEX"", ""SRC-WHO-HCW"", ""SRC-COFEN-581"", ""SRC-COFEN-609""]"
PAGE-00830,violencia-contra-trabalhadores-da-saude,Violência contra trabalhadores da saúde,explicacao_fundamental,topic,OH31,MOD-0131,"[""T"", ""G"", ""P""]",candidate,not_rendered_v0.1.0,,,"[""SRC-MTE-NRS-INDEX"", ""SRC-WHO-HCW"", ""SRC-COFEN-581"", ""SRC-COFEN-609""]"
PAGE-00831,fadiga-em-profissionais-de-saude,Fadiga em profissionais de saúde,explicacao_fundamental,topic,OH31,MOD-0131,"[""T"", ""G"", ""P""]",candidate,not_rendered_v0.1.0,,,"[""SRC-MTE-NRS-INDEX"", ""SRC-WHO-HCW"", ""SRC-COFEN-581"", ""SRC-COFEN-609""]"
PAGE-00832,exposicao-a-medicamentos-perigosos,Exposição a medicamentos perigosos,explicacao_fundamental,topic,OH31,MOD-0131,"[""T"", ""G"", ""P""]",candidate,not_rendered_v0.1.0,,,"[""SRC-MTE-NRS-INDEX"", ""SRC-WHO-HCW"", ""SRC-COFEN-581"", ""SRC-COFEN-609""]"
PAGE-00833,saude-mental-de-trabalhadores-da-saude,Saúde mental de trabalhadores da saúde,explicacao_fundamental,topic,OH31,MOD-0131,"[""T"", ""G"", ""P""]",candidate,not_rendered_v0.1.0,,,"[""SRC-MTE-NRS-INDEX"", ""SRC-WHO-HCW"", ""SRC-COFEN-581"", ""SRC-COFEN-609""]"
PAGE-00834,riscos-na-industria,Riscos na indústria,explicacao_fundamental,topic,OH31,MOD-0132,"[""G"", ""P""]",candidate,not_rendered_v0.1.0,,,"[""SRC-MTE-NRS-INDEX"", ""SRC-WHO-HCW"", ""SRC-COFEN-581"", ""SRC-COFEN-609""]"
PAGE-00835,riscos-na-construcao-civil,Riscos na construção civil,explicacao_fundamental,topic,OH31,MOD-0132,"[""G"", ""P""]",candidate,not_rendered_v0.1.0,,,"[""SRC-MTE-NRS-INDEX"", ""SRC-WHO-HCW"", ""SRC-COFEN-581"", ""SRC-COFEN-609""]"
PAGE-00836,maquinas-e-equipamentos,Máquinas e equipamentos,explicacao_fundamental,topic,OH31,MOD-0132,"[""G"", ""P""]",candidate,not_rendered_v0.1.0,,,"[""SRC-MTE-NRS-INDEX"", ""SRC-WHO-HCW"", ""SRC-COFEN-581"", ""SRC-COFEN-609""]"
PAGE-00837,trabalho-em-altura,Trabalho em altura,explicacao_fundamental,topic,OH31,MOD-0132,"[""G"", ""P""]",candidate,not_rendered_v0.1.0,,,"[""SRC-MTE-NRS-INDEX"", ""SRC-WHO-HCW"", ""SRC-COFEN-581"", ""SRC-COFEN-609""]"
PAGE-00838,espacos-confinados,Espaços confinados,explicacao_fundamental,topic,OH31,MOD-0132,"[""G"", ""P""]",candidate,not_rendered_v0.1.0,,,"[""SRC-MTE-NRS-INDEX"", ""SRC-WHO-HCW"", ""SRC-COFEN-581"", ""SRC-COFEN-609""]"
PAGE-00839,ruido-e-poeiras-na-industria,Ruído e poeiras na indústria,explicacao_fundamental,topic,OH31,MOD-0132,"[""G"", ""P""]",candidate,not_rendered_v0.1.0,,,"[""SRC-MTE-NRS-INDEX"", ""SRC-WHO-HCW"", ""SRC-COFEN-581"", ""SRC-COFEN-609""]"
PAGE-00840,riscos-no-trabalho-rural,Riscos no trabalho rural,explicacao_fundamental,topic,OH31,MOD-0133,"[""G"", ""P""]",candidate,not_rendered_v0.1.0,,,"[""SRC-MTE-NRS-INDEX"", ""SRC-WHO-HCW"", ""SRC-COFEN-581"", ""SRC-COFEN-609""]"
PAGE-00841,agrotoxicos-e-trabalhadores-rurais,Agrotóxicos e trabalhadores rurais,explicacao_fundamental,topic,OH31,MOD-0133,"[""G"", ""P""]",candidate,not_rendered_v0.1.0,,,"[""SRC-MTE-NRS-INDEX"", ""SRC-WHO-HCW"", ""SRC-COFEN-581"", ""SRC-COFEN-609""]"
PAGE-00842,calor-no-trabalho-rural,Calor no trabalho rural,explicacao_fundamental,topic,OH31,MOD-0133,"[""G"", ""P""]",candidate,not_rendered_v0.1.0,,,"[""SRC-MTE-NRS-INDEX"", ""SRC-WHO-HCW"", ""SRC-COFEN-581"", ""SRC-COFEN-609""]"
PAGE-00843,acidentes-com-animais,Acidentes com animais,explicacao_fundamental,topic,OH31,MOD-0133,"[""G"", ""P""]",candidate,not_rendered_v0.1.0,,,"[""SRC-MTE-NRS-INDEX"", ""SRC-WHO-HCW"", ""SRC-COFEN-581"", ""SRC-COFEN-609""]"
PAGE-00844,maquinas-agricolas,Máquinas agrícolas,explicacao_fundamental,topic,OH31,MOD-0133,"[""G"", ""P""]",candidate,not_rendered_v0.1.0,,,"[""SRC-MTE-NRS-INDEX"", ""SRC-WHO-HCW"", ""SRC-COFEN-581"", ""SRC-COFEN-609""]"
PAGE-00845,fadiga-de-motoristas,Fadiga de motoristas,explicacao_fundamental,topic,OH31,MOD-0134,"[""G"", ""P""]",candidate,not_rendered_v0.1.0,,,"[""SRC-MTE-NRS-INDEX"", ""SRC-WHO-HCW"", ""SRC-COFEN-581"", ""SRC-COFEN-609""]"
PAGE-00846,exame-toxicologico-de-motorista-profissional,Exame toxicológico de motorista profissional,explicacao_fundamental,topic,OH31,MOD-0134,"[""G"", ""P""]",candidate,not_rendered_v0.1.0,,,"[""SRC-MTE-NRS-INDEX"", ""SRC-WHO-HCW"", ""SRC-COFEN-581"", ""SRC-COFEN-609""]"
PAGE-00847,riscos-ergonomicos-em-logistica,Riscos ergonômicos em logística,explicacao_fundamental,topic,OH31,MOD-0134,"[""G"", ""P""]",candidate,not_rendered_v0.1.0,,,"[""SRC-MTE-NRS-INDEX"", ""SRC-WHO-HCW"", ""SRC-COFEN-581"", ""SRC-COFEN-609""]"
PAGE-00848,movimentacao-manual-de-cargas,Movimentação manual de cargas,explicacao_fundamental,topic,OH31,MOD-0134,"[""G"", ""P""]",candidate,not_rendered_v0.1.0,,,"[""SRC-MTE-NRS-INDEX"", ""SRC-WHO-HCW"", ""SRC-COFEN-581"", ""SRC-COFEN-609""]"
PAGE-00849,acidentes-no-transporte,Acidentes no transporte,explicacao_fundamental,topic,OH31,MOD-0134,"[""G"", ""P""]",candidate,not_rendered_v0.1.0,,,"[""SRC-MTE-NRS-INDEX"", ""SRC-WHO-HCW"", ""SRC-COFEN-581"", ""SRC-COFEN-609""]"
PAGE-00850,saude-ocupacional-offshore,Saúde ocupacional offshore,explicacao_fundamental,topic,OH31,MOD-0135,"[""G"", ""P""]",candidate,not_rendered_v0.1.0,,,"[""SRC-MTE-NRS-INDEX"", ""SRC-WHO-HCW"", ""SRC-COFEN-581"", ""SRC-COFEN-609""]"
PAGE-00851,evacuacao-medica-offshore,Evacuação médica offshore,explicacao_fundamental,topic,OH31,MOD-0135,"[""G"", ""P""]",candidate,not_rendered_v0.1.0,,,"[""SRC-MTE-NRS-INDEX"", ""SRC-WHO-HCW"", ""SRC-COFEN-581"", ""SRC-COFEN-609""]"
PAGE-00852,fadiga-e-confinamento,Fadiga e confinamento,explicacao_fundamental,topic,OH31,MOD-0135,"[""G"", ""P""]",candidate,not_rendered_v0.1.0,,,"[""SRC-MTE-NRS-INDEX"", ""SRC-WHO-HCW"", ""SRC-COFEN-581"", ""SRC-COFEN-609""]"
PAGE-00853,riscos-em-plataformas,Riscos em plataformas,explicacao_fundamental,topic,OH31,MOD-0135,"[""G"", ""P""]",candidate,not_rendered_v0.1.0,,,"[""SRC-MTE-NRS-INDEX"", ""SRC-WHO-HCW"", ""SRC-COFEN-581"", ""SRC-COFEN-609""]"
PAGE-00854,enfermagem-offshore,Enfermagem offshore,explicacao_fundamental,topic,OH31,MOD-0135,"[""G"", ""P""]",candidate,not_rendered_v0.1.0,,,"[""SRC-MTE-NRS-INDEX"", ""SRC-WHO-HCW"", ""SRC-COFEN-581"", ""SRC-COFEN-609""]"
PAGE-00855,sedentarismo-ocupacional,Sedentarismo ocupacional,explicacao_fundamental,topic,OH31,MOD-0136,"[""T"", ""G"", ""P""]",candidate,not_rendered_v0.1.0,,,"[""SRC-MTE-NRS-INDEX"", ""SRC-WHO-HCW"", ""SRC-COFEN-581"", ""SRC-COFEN-609""]"
PAGE-00856,ergonomia-de-escritorio,Ergonomia de escritório,explicacao_fundamental,topic,OH31,MOD-0136,"[""T"", ""G"", ""P""]",candidate,not_rendered_v0.1.0,,,"[""SRC-MTE-NRS-INDEX"", ""SRC-WHO-HCW"", ""SRC-COFEN-581"", ""SRC-COFEN-609""]"
PAGE-00857,teletrabalho,Teletrabalho,explicacao_fundamental,topic,OH31,MOD-0136,"[""T"", ""G"", ""P""]",candidate,not_rendered_v0.1.0,,,"[""SRC-MTE-NRS-INDEX"", ""SRC-WHO-HCW"", ""SRC-COFEN-581"", ""SRC-COFEN-609""]"
PAGE-00858,fadiga-digital,Fadiga digital,explicacao_fundamental,topic,OH31,MOD-0136,"[""T"", ""G"", ""P""]",candidate,not_rendered_v0.1.0,,,"[""SRC-MTE-NRS-INDEX"", ""SRC-WHO-HCW"", ""SRC-COFEN-581"", ""SRC-COFEN-609""]"
PAGE-00859,riscos-psicossociais-no-trabalho-remoto,Riscos psicossociais no trabalho remoto,explicacao_fundamental,topic,OH31,MOD-0136,"[""T"", ""G"", ""P""]",candidate,not_rendered_v0.1.0,,,"[""SRC-MTE-NRS-INDEX"", ""SRC-WHO-HCW"", ""SRC-COFEN-581"", ""SRC-COFEN-609""]"
PAGE-00860,pergunta-pico-em-saude-ocupacional,Pergunta PICO em saúde ocupacional,explicacao_fundamental,topic,OH32,MOD-0137,"[""G"", ""P""]",candidate,not_rendered_v0.1.0,,,"[""SRC-WHO-OH"", ""SRC-NIOSH-HOC"", ""SRC-IARC-MONOGRAPHS"", ""SRC-FUNDACENTRO-NHO""]"
PAGE-00861,busca-bibliografica,Busca bibliográfica,explicacao_fundamental,topic,OH32,MOD-0137,"[""G"", ""P""]",candidate,not_rendered_v0.1.0,,,"[""SRC-WHO-OH"", ""SRC-NIOSH-HOC"", ""SRC-IARC-MONOGRAPHS"", ""SRC-FUNDACENTRO-NHO""]"
PAGE-00862,hierarquia-de-evidencias,Hierarquia de evidências,explicacao_fundamental,topic,OH32,MOD-0137,"[""G"", ""P""]",candidate,not_rendered_v0.1.0,,,"[""SRC-WHO-OH"", ""SRC-NIOSH-HOC"", ""SRC-IARC-MONOGRAPHS"", ""SRC-FUNDACENTRO-NHO""]"
PAGE-00863,avaliacao-critica-de-estudos,Avaliação crítica de estudos,explicacao_fundamental,topic,OH32,MOD-0137,"[""G"", ""P""]",candidate,not_rendered_v0.1.0,,,"[""SRC-WHO-OH"", ""SRC-NIOSH-HOC"", ""SRC-IARC-MONOGRAPHS"", ""SRC-FUNDACENTRO-NHO""]"
PAGE-00864,aplicabilidade-da-evidencia,Aplicabilidade da evidência,explicacao_fundamental,topic,OH32,MOD-0137,"[""G"", ""P""]",candidate,not_rendered_v0.1.0,,,"[""SRC-WHO-OH"", ""SRC-NIOSH-HOC"", ""SRC-IARC-MONOGRAPHS"", ""SRC-FUNDACENTRO-NHO""]"
PAGE-00865,certeza-da-evidencia,Certeza da evidência,explicacao_fundamental,topic,OH32,MOD-0137,"[""G"", ""P""]",candidate,not_rendered_v0.1.0,,,"[""SRC-WHO-OH"", ""SRC-NIOSH-HOC"", ""SRC-IARC-MONOGRAPHS"", ""SRC-FUNDACENTRO-NHO""]"
PAGE-00866,pubmed-em-saude-ocupacional,PubMed em saúde ocupacional,explicacao_fundamental,topic,OH32,MOD-0138,"[""G"", ""P""]",candidate,not_rendered_v0.1.0,,,"[""SRC-WHO-OH"", ""SRC-NIOSH-HOC"", ""SRC-IARC-MONOGRAPHS"", ""SRC-FUNDACENTRO-NHO""]"
PAGE-00867,bvs-e-lilacs,BVS e LILACS,explicacao_fundamental,topic,OH32,MOD-0138,"[""G"", ""P""]",candidate,not_rendered_v0.1.0,,,"[""SRC-WHO-OH"", ""SRC-NIOSH-HOC"", ""SRC-IARC-MONOGRAPHS"", ""SRC-FUNDACENTRO-NHO""]"
PAGE-00868,scielo,SciELO,explicacao_fundamental,topic,OH32,MOD-0138,"[""G"", ""P""]",candidate,not_rendered_v0.1.0,,,"[""SRC-WHO-OH"", ""SRC-NIOSH-HOC"", ""SRC-IARC-MONOGRAPHS"", ""SRC-FUNDACENTRO-NHO""]"
PAGE-00869,cochrane-library,Cochrane Library,explicacao_fundamental,topic,OH32,MOD-0138,"[""G"", ""P""]",candidate,not_rendered_v0.1.0,,,"[""SRC-WHO-OH"", ""SRC-NIOSH-HOC"", ""SRC-IARC-MONOGRAPHS"", ""SRC-FUNDACENTRO-NHO""]"
PAGE-00870,iarc-monographs,IARC Monographs,explicacao_fundamental,topic,OH32,MOD-0138,"[""G"", ""P""]",candidate,not_rendered_v0.1.0,,,"[""SRC-WHO-OH"", ""SRC-NIOSH-HOC"", ""SRC-IARC-MONOGRAPHS"", ""SRC-FUNDACENTRO-NHO""]"
PAGE-00871,niosh-resources,NIOSH resources,explicacao_fundamental,topic,OH32,MOD-0138,"[""G"", ""P""]",candidate,not_rendered_v0.1.0,,,"[""SRC-WHO-OH"", ""SRC-NIOSH-HOC"", ""SRC-IARC-MONOGRAPHS"", ""SRC-FUNDACENTRO-NHO""]"
PAGE-00872,who-occupational-health,WHO occupational health,explicacao_fundamental,topic,OH32,MOD-0138,"[""G"", ""P""]",candidate,not_rendered_v0.1.0,,,"[""SRC-WHO-OH"", ""SRC-NIOSH-HOC"", ""SRC-IARC-MONOGRAPHS"", ""SRC-FUNDACENTRO-NHO""]"
PAGE-00873,fundacentro-e-rbso,Fundacentro e RBSO,explicacao_fundamental,topic,OH32,MOD-0138,"[""G"", ""P""]",candidate,not_rendered_v0.1.0,,,"[""SRC-WHO-OH"", ""SRC-NIOSH-HOC"", ""SRC-IARC-MONOGRAPHS"", ""SRC-FUNDACENTRO-NHO""]"
PAGE-00874,revisao-narrativa,Revisão narrativa,explicacao_fundamental,topic,OH32,MOD-0139,"[""P""]",candidate,not_rendered_v0.1.0,,,"[""SRC-WHO-OH"", ""SRC-NIOSH-HOC"", ""SRC-IARC-MONOGRAPHS"", ""SRC-FUNDACENTRO-NHO""]"
PAGE-00875,revisao-integrativa,Revisão integrativa,explicacao_fundamental,topic,OH32,MOD-0139,"[""P""]",candidate,not_rendered_v0.1.0,,,"[""SRC-WHO-OH"", ""SRC-NIOSH-HOC"", ""SRC-IARC-MONOGRAPHS"", ""SRC-FUNDACENTRO-NHO""]"
PAGE-00876,revisao-sistematica,Revisão sistemática,explicacao_fundamental,topic,OH32,MOD-0139,"[""P""]",candidate,not_rendered_v0.1.0,,,"[""SRC-WHO-OH"", ""SRC-NIOSH-HOC"", ""SRC-IARC-MONOGRAPHS"", ""SRC-FUNDACENTRO-NHO""]"
PAGE-00877,scoping-review,Scoping review,explicacao_fundamental,topic,OH32,MOD-0139,"[""P""]",candidate,not_rendered_v0.1.0,,,"[""SRC-WHO-OH"", ""SRC-NIOSH-HOC"", ""SRC-IARC-MONOGRAPHS"", ""SRC-FUNDACENTRO-NHO""]"
PAGE-00878,metanalise,Metanálise,explicacao_fundamental,topic,OH32,MOD-0139,"[""P""]",candidate,not_rendered_v0.1.0,,,"[""SRC-WHO-OH"", ""SRC-NIOSH-HOC"", ""SRC-IARC-MONOGRAPHS"", ""SRC-FUNDACENTRO-NHO""]"
PAGE-00879,diretriz-de-pratica,Diretriz de prática,explicacao_fundamental,topic,OH32,MOD-0139,"[""P""]",candidate,not_rendered_v0.1.0,,,"[""SRC-WHO-OH"", ""SRC-NIOSH-HOC"", ""SRC-IARC-MONOGRAPHS"", ""SRC-FUNDACENTRO-NHO""]"
PAGE-00880,protocolo-de-pesquisa-ocupacional,Protocolo de pesquisa ocupacional,explicacao_fundamental,topic,OH32,MOD-0140,"[""G"", ""P""]",candidate,not_rendered_v0.1.0,,,"[""SRC-WHO-OH"", ""SRC-NIOSH-HOC"", ""SRC-IARC-MONOGRAPHS"", ""SRC-FUNDACENTRO-NHO""]"
PAGE-00881,etica-em-pesquisa-com-trabalhadores,Ética em pesquisa com trabalhadores,explicacao_fundamental,topic,OH32,MOD-0140,"[""G"", ""P""]",candidate,not_rendered_v0.1.0,,,"[""SRC-WHO-OH"", ""SRC-NIOSH-HOC"", ""SRC-IARC-MONOGRAPHS"", ""SRC-FUNDACENTRO-NHO""]"
PAGE-00882,questionarios-e-instrumentos,Questionários e instrumentos,explicacao_fundamental,topic,OH32,MOD-0140,"[""G"", ""P""]",candidate,not_rendered_v0.1.0,,,"[""SRC-WHO-OH"", ""SRC-NIOSH-HOC"", ""SRC-IARC-MONOGRAPHS"", ""SRC-FUNDACENTRO-NHO""]"
PAGE-00883,pesquisa-de-campo-em-empresas,Pesquisa de campo em empresas,explicacao_fundamental,topic,OH32,MOD-0140,"[""G"", ""P""]",candidate,not_rendered_v0.1.0,,,"[""SRC-WHO-OH"", ""SRC-NIOSH-HOC"", ""SRC-IARC-MONOGRAPHS"", ""SRC-FUNDACENTRO-NHO""]"
PAGE-00884,disseminacao-de-resultados,Disseminação de resultados,explicacao_fundamental,topic,OH32,MOD-0140,"[""G"", ""P""]",candidate,not_rendered_v0.1.0,,,"[""SRC-WHO-OH"", ""SRC-NIOSH-HOC"", ""SRC-IARC-MONOGRAPHS"", ""SRC-FUNDACENTRO-NHO""]"
PAGE-00885,ciencia-aberta-e-reprodutibilidade,Ciência aberta e reprodutibilidade,explicacao_fundamental,topic,OH32,MOD-0140,"[""G"", ""P""]",candidate,not_rendered_v0.1.0,,,"[""SRC-WHO-OH"", ""SRC-NIOSH-HOC"", ""SRC-IARC-MONOGRAPHS"", ""SRC-FUNDACENTRO-NHO""]"
PAGE-00886,fundamentos-da-saude-do-trabalhador-guia-completo,Fundamentos da Saúde do Trabalhador: Guia Completo,guide,guide,OH01,,"[""T"", ""G"", ""P""]",candidate,not_rendered_v0.1.0,,,"[""SRC-MS-ST"", ""SRC-MS-PNSTT"", ""SRC-MS-RENAST"", ""SRC-WHO-OH""]"
PAGE-00887,fundamentos-da-saude-do-trabalhador-evidencias-e-referencias,Evidências e Referências em Fundamentos da Saúde do Trabalhador,evidence,evidence,OH01,,"[""T"", ""G"", ""P""]",candidate,not_rendered_v0.1.0,,,"[""SRC-MS-ST"", ""SRC-MS-PNSTT"", ""SRC-MS-RENAST"", ""SRC-WHO-OH""]"
PAGE-00888,fundamentos-da-saude-do-trabalhador-questoes-comentadas,Questões Comentadas de Fundamentos da Saúde do Trabalhador,questions,questions,OH01,,"[""T"", ""G"", ""P""]",candidate,not_rendered_v0.1.0,,,"[""SRC-MS-ST"", ""SRC-MS-PNSTT"", ""SRC-MS-RENAST"", ""SRC-WHO-OH""]"
PAGE-00889,fundamentos-da-saude-do-trabalhador-casos-educacionais,Casos Educacionais de Fundamentos da Saúde do Trabalhador,cases,cases,OH01,,"[""T"", ""G"", ""P""]",candidate,not_rendered_v0.1.0,,,"[""SRC-MS-ST"", ""SRC-MS-PNSTT"", ""SRC-MS-RENAST"", ""SRC-WHO-OH""]"
PAGE-00890,fundamentos-da-saude-do-trabalhador-glossario,Glossário de Fundamentos da Saúde do Trabalhador,glossary,glossary,OH01,,"[""T"", ""G"", ""P""]",candidate,not_rendered_v0.1.0,,,"[""SRC-MS-ST"", ""SRC-MS-PNSTT"", ""SRC-MS-RENAST"", ""SRC-WHO-OH""]"
PAGE-00891,fisiologia-do-trabalhador-guia-completo,Fisiologia do Trabalhador: Guia Completo,guide,guide,OH02,,"[""T"", ""G"", ""P""]",candidate,not_rendered_v0.1.0,,,"[""SRC-WHO-OH"", ""SRC-NIOSH-TWH""]"
PAGE-00892,fisiologia-do-trabalhador-evidencias-e-referencias,Evidências e Referências em Fisiologia do Trabalhador,evidence,evidence,OH02,,"[""T"", ""G"", ""P""]",candidate,not_rendered_v0.1.0,,,"[""SRC-WHO-OH"", ""SRC-NIOSH-TWH""]"
PAGE-00893,fisiologia-do-trabalhador-questoes-comentadas,Questões Comentadas de Fisiologia do Trabalhador,questions,questions,OH02,,"[""T"", ""G"", ""P""]",candidate,not_rendered_v0.1.0,,,"[""SRC-WHO-OH"", ""SRC-NIOSH-TWH""]"
PAGE-00894,fisiologia-do-trabalhador-casos-educacionais,Casos Educacionais de Fisiologia do Trabalhador,cases,cases,OH02,,"[""T"", ""G"", ""P""]",candidate,not_rendered_v0.1.0,,,"[""SRC-WHO-OH"", ""SRC-NIOSH-TWH""]"
PAGE-00895,fisiologia-do-trabalhador-glossario,Glossário de Fisiologia do Trabalhador,glossary,glossary,OH02,,"[""T"", ""G"", ""P""]",candidate,not_rendered_v0.1.0,,,"[""SRC-WHO-OH"", ""SRC-NIOSH-TWH""]"
PAGE-00896,sociologia-e-organizacao-do-trabalho-guia-completo,Sociologia e Organização do Trabalho: Guia Completo,guide,guide,OH03,,"[""G"", ""P""]",candidate,not_rendered_v0.1.0,,,"[""SRC-WHO-OH"", ""SRC-ILO-OSH""]"
PAGE-00897,sociologia-e-organizacao-do-trabalho-evidencias-e-referencias,Evidências e Referências em Sociologia e Organização do Trabalho,evidence,evidence,OH03,,"[""G"", ""P""]",candidate,not_rendered_v0.1.0,,,"[""SRC-WHO-OH"", ""SRC-ILO-OSH""]"
PAGE-00898,sociologia-e-organizacao-do-trabalho-questoes-comentadas,Questões Comentadas de Sociologia e Organização do Trabalho,questions,questions,OH03,,"[""G"", ""P""]",candidate,not_rendered_v0.1.0,,,"[""SRC-WHO-OH"", ""SRC-ILO-OSH""]"
PAGE-00899,sociologia-e-organizacao-do-trabalho-casos-educacionais,Casos Educacionais de Sociologia e Organização do Trabalho,cases,cases,OH03,,"[""G"", ""P""]",candidate,not_rendered_v0.1.0,,,"[""SRC-WHO-OH"", ""SRC-ILO-OSH""]"
PAGE-00900,sociologia-e-organizacao-do-trabalho-glossario,Glossário de Sociologia e Organização do Trabalho,glossary,glossary,OH03,,"[""G"", ""P""]",candidate,not_rendered_v0.1.0,,,"[""SRC-WHO-OH"", ""SRC-ILO-OSH""]"
PAGE-00901,epidemiologia-ocupacional-guia-completo,Epidemiologia Ocupacional: Guia Completo,guide,guide,OH04,,"[""T"", ""G"", ""P""]",candidate,not_rendered_v0.1.0,,,"[""SRC-MS-VISAT"", ""SRC-MS-LDRT"", ""SRC-WHO-OH""]"
PAGE-00902,epidemiologia-ocupacional-evidencias-e-referencias,Evidências e Referências em Epidemiologia Ocupacional,evidence,evidence,OH04,,"[""T"", ""G"", ""P""]",candidate,not_rendered_v0.1.0,,,"[""SRC-MS-VISAT"", ""SRC-MS-LDRT"", ""SRC-WHO-OH""]"
PAGE-00903,epidemiologia-ocupacional-questoes-comentadas,Questões Comentadas de Epidemiologia Ocupacional,questions,questions,OH04,,"[""T"", ""G"", ""P""]",candidate,not_rendered_v0.1.0,,,"[""SRC-MS-VISAT"", ""SRC-MS-LDRT"", ""SRC-WHO-OH""]"
PAGE-00904,epidemiologia-ocupacional-casos-educacionais,Casos Educacionais de Epidemiologia Ocupacional,cases,cases,OH04,,"[""T"", ""G"", ""P""]",candidate,not_rendered_v0.1.0,,,"[""SRC-MS-VISAT"", ""SRC-MS-LDRT"", ""SRC-WHO-OH""]"
PAGE-00905,epidemiologia-ocupacional-glossario,Glossário de Epidemiologia Ocupacional,glossary,glossary,OH04,,"[""T"", ""G"", ""P""]",candidate,not_rendered_v0.1.0,,,"[""SRC-MS-VISAT"", ""SRC-MS-LDRT"", ""SRC-WHO-OH""]"
PAGE-00906,bioestatistica-e-ciencia-de-dados-em-saude-ocupacional-guia-completo,Bioestatística e Ciência de Dados em Saúde Ocupacional: Guia Completo,guide,guide,OH05,,"[""T"", ""G"", ""P""]",candidate,not_rendered_v0.1.0,,,"[""SRC-MS-VISAT"", ""SRC-ESOCIAL-DOC""]"
PAGE-00907,bioestatistica-e-ciencia-de-dados-em-saude-ocupacional-evidencias-e-referencias,Evidências e Referências em Bioestatística e Ciência de Dados em Saúde Ocupacional,evidence,evidence,OH05,,"[""T"", ""G"", ""P""]",candidate,not_rendered_v0.1.0,,,"[""SRC-MS-VISAT"", ""SRC-ESOCIAL-DOC""]"
PAGE-00908,bioestatistica-e-ciencia-de-dados-em-saude-ocupacional-questoes-comentadas,Questões Comentadas de Bioestatística e Ciência de Dados em Saúde Ocupacional,questions,questions,OH05,,"[""T"", ""G"", ""P""]",candidate,not_rendered_v0.1.0,,,"[""SRC-MS-VISAT"", ""SRC-ESOCIAL-DOC""]"
PAGE-00909,bioestatistica-e-ciencia-de-dados-em-saude-ocupacional-casos-educacionais,Casos Educacionais de Bioestatística e Ciência de Dados em Saúde Ocupacional,cases,cases,OH05,,"[""T"", ""G"", ""P""]",candidate,not_rendered_v0.1.0,,,"[""SRC-MS-VISAT"", ""SRC-ESOCIAL-DOC""]"
PAGE-00910,bioestatistica-e-ciencia-de-dados-em-saude-ocupacional-glossario,Glossário de Bioestatística e Ciência de Dados em Saúde Ocupacional,glossary,glossary,OH05,,"[""T"", ""G"", ""P""]",candidate,not_rendered_v0.1.0,,,"[""SRC-MS-VISAT"", ""SRC-ESOCIAL-DOC""]"
PAGE-00911,higiene-ocupacional-guia-completo,Higiene Ocupacional: Guia Completo,guide,guide,OH06,,"[""T"", ""G"", ""P""]",candidate,not_rendered_v0.1.0,,,"[""SRC-FUNDACENTRO-NHO"", ""SRC-NIOSH-HOC"", ""SRC-MTE-NR01"", ""SRC-MTE-NR06""]"
PAGE-00912,higiene-ocupacional-evidencias-e-referencias,Evidências e Referências em Higiene Ocupacional,evidence,evidence,OH06,,"[""T"", ""G"", ""P""]",candidate,not_rendered_v0.1.0,,,"[""SRC-FUNDACENTRO-NHO"", ""SRC-NIOSH-HOC"", ""SRC-MTE-NR01"", ""SRC-MTE-NR06""]"
PAGE-00913,higiene-ocupacional-questoes-comentadas,Questões Comentadas de Higiene Ocupacional,questions,questions,OH06,,"[""T"", ""G"", ""P""]",candidate,not_rendered_v0.1.0,,,"[""SRC-FUNDACENTRO-NHO"", ""SRC-NIOSH-HOC"", ""SRC-MTE-NR01"", ""SRC-MTE-NR06""]"
PAGE-00914,higiene-ocupacional-casos-educacionais,Casos Educacionais de Higiene Ocupacional,cases,cases,OH06,,"[""T"", ""G"", ""P""]",candidate,not_rendered_v0.1.0,,,"[""SRC-FUNDACENTRO-NHO"", ""SRC-NIOSH-HOC"", ""SRC-MTE-NR01"", ""SRC-MTE-NR06""]"
PAGE-00915,higiene-ocupacional-glossario,Glossário de Higiene Ocupacional,glossary,glossary,OH06,,"[""T"", ""G"", ""P""]",candidate,not_rendered_v0.1.0,,,"[""SRC-FUNDACENTRO-NHO"", ""SRC-NIOSH-HOC"", ""SRC-MTE-NR01"", ""SRC-MTE-NR06""]"
PAGE-00916,agentes-fisicos-no-trabalho-guia-completo,Agentes Físicos no Trabalho: Guia Completo,guide,guide,OH07,,"[""T"", ""G"", ""P""]",candidate,not_rendered_v0.1.0,,,"[""SRC-FUNDACENTRO-NHO"", ""SRC-MTE-NRS-INDEX""]"
PAGE-00917,agentes-fisicos-no-trabalho-evidencias-e-referencias,Evidências e Referências em Agentes Físicos no Trabalho,evidence,evidence,OH07,,"[""T"", ""G"", ""P""]",candidate,not_rendered_v0.1.0,,,"[""SRC-FUNDACENTRO-NHO"", ""SRC-MTE-NRS-INDEX""]"
PAGE-00918,agentes-fisicos-no-trabalho-questoes-comentadas,Questões Comentadas de Agentes Físicos no Trabalho,questions,questions,OH07,,"[""T"", ""G"", ""P""]",candidate,not_rendered_v0.1.0,,,"[""SRC-FUNDACENTRO-NHO"", ""SRC-MTE-NRS-INDEX""]"
PAGE-00919,agentes-fisicos-no-trabalho-casos-educacionais,Casos Educacionais de Agentes Físicos no Trabalho,cases,cases,OH07,,"[""T"", ""G"", ""P""]",candidate,not_rendered_v0.1.0,,,"[""SRC-FUNDACENTRO-NHO"", ""SRC-MTE-NRS-INDEX""]"
PAGE-00920,agentes-fisicos-no-trabalho-glossario,Glossário de Agentes Físicos no Trabalho,glossary,glossary,OH07,,"[""T"", ""G"", ""P""]",candidate,not_rendered_v0.1.0,,,"[""SRC-FUNDACENTRO-NHO"", ""SRC-MTE-NRS-INDEX""]"
PAGE-00921,toxicologia-ocupacional-e-agentes-quimicos-guia-completo,Toxicologia Ocupacional e Agentes Químicos: Guia Completo,guide,guide,OH08,,"[""T"", ""G"", ""P""]",candidate,not_rendered_v0.1.0,,,"[""SRC-MTE-NR26"", ""SRC-FUNDACENTRO-NHO"", ""SRC-IARC-MONOGRAPHS"", ""SRC-NIOSH-HOC""]"
PAGE-00922,toxicologia-ocupacional-e-agentes-quimicos-evidencias-e-referencias,Evidências e Referências em Toxicologia Ocupacional e Agentes Químicos,evidence,evidence,OH08,,"[""T"", ""G"", ""P""]",candidate,not_rendered_v0.1.0,,,"[""SRC-MTE-NR26"", ""SRC-FUNDACENTRO-NHO"", ""SRC-IARC-MONOGRAPHS"", ""SRC-NIOSH-HOC""]"
PAGE-00923,toxicologia-ocupacional-e-agentes-quimicos-questoes-comentadas,Questões Comentadas de Toxicologia Ocupacional e Agentes Químicos,questions,questions,OH08,,"[""T"", ""G"", ""P""]",candidate,not_rendered_v0.1.0,,,"[""SRC-MTE-NR26"", ""SRC-FUNDACENTRO-NHO"", ""SRC-IARC-MONOGRAPHS"", ""SRC-NIOSH-HOC""]"
PAGE-00924,toxicologia-ocupacional-e-agentes-quimicos-casos-educacionais,Casos Educacionais de Toxicologia Ocupacional e Agentes Químicos,cases,cases,OH08,,"[""T"", ""G"", ""P""]",candidate,not_rendered_v0.1.0,,,"[""SRC-MTE-NR26"", ""SRC-FUNDACENTRO-NHO"", ""SRC-IARC-MONOGRAPHS"", ""SRC-NIOSH-HOC""]"
PAGE-00925,toxicologia-ocupacional-e-agentes-quimicos-glossario,Glossário de Toxicologia Ocupacional e Agentes Químicos,glossary,glossary,OH08,,"[""T"", ""G"", ""P""]",candidate,not_rendered_v0.1.0,,,"[""SRC-MTE-NR26"", ""SRC-FUNDACENTRO-NHO"", ""SRC-IARC-MONOGRAPHS"", ""SRC-NIOSH-HOC""]"
PAGE-00926,agentes-biologicos-e-biosseguranca-guia-completo,Agentes Biológicos e Biossegurança: Guia Completo,guide,guide,OH09,,"[""T"", ""G"", ""P""]",candidate,not_rendered_v0.1.0,,,"[""SRC-MTE-NR32"", ""SRC-WHO-HCW"", ""SRC-MS-VISAT""]"
PAGE-00927,agentes-biologicos-e-biosseguranca-evidencias-e-referencias,Evidências e Referências em Agentes Biológicos e Biossegurança,evidence,evidence,OH09,,"[""T"", ""G"", ""P""]",candidate,not_rendered_v0.1.0,,,"[""SRC-MTE-NR32"", ""SRC-WHO-HCW"", ""SRC-MS-VISAT""]"
PAGE-00928,agentes-biologicos-e-biosseguranca-questoes-comentadas,Questões Comentadas de Agentes Biológicos e Biossegurança,questions,questions,OH09,,"[""T"", ""G"", ""P""]",candidate,not_rendered_v0.1.0,,,"[""SRC-MTE-NR32"", ""SRC-WHO-HCW"", ""SRC-MS-VISAT""]"
PAGE-00929,agentes-biologicos-e-biosseguranca-casos-educacionais,Casos Educacionais de Agentes Biológicos e Biossegurança,cases,cases,OH09,,"[""T"", ""G"", ""P""]",candidate,not_rendered_v0.1.0,,,"[""SRC-MTE-NR32"", ""SRC-WHO-HCW"", ""SRC-MS-VISAT""]"
PAGE-00930,agentes-biologicos-e-biosseguranca-glossario,Glossário de Agentes Biológicos e Biossegurança,glossary,glossary,OH09,,"[""T"", ""G"", ""P""]",candidate,not_rendered_v0.1.0,,,"[""SRC-MTE-NR32"", ""SRC-WHO-HCW"", ""SRC-MS-VISAT""]"
PAGE-00931,ergonomia-e-analise-do-trabalho-guia-completo,Ergonomia e Análise do Trabalho: Guia Completo,guide,guide,OH10,,"[""T"", ""G"", ""P""]",candidate,not_rendered_v0.1.0,,,"[""SRC-MTE-NR17"", ""SRC-MTE-NR01""]"
PAGE-00932,ergonomia-e-analise-do-trabalho-evidencias-e-referencias,Evidências e Referências em Ergonomia e Análise do Trabalho,evidence,evidence,OH10,,"[""T"", ""G"", ""P""]",candidate,not_rendered_v0.1.0,,,"[""SRC-MTE-NR17"", ""SRC-MTE-NR01""]"
PAGE-00933,ergonomia-e-analise-do-trabalho-questoes-comentadas,Questões Comentadas de Ergonomia e Análise do Trabalho,questions,questions,OH10,,"[""T"", ""G"", ""P""]",candidate,not_rendered_v0.1.0,,,"[""SRC-MTE-NR17"", ""SRC-MTE-NR01""]"
PAGE-00934,ergonomia-e-analise-do-trabalho-casos-educacionais,Casos Educacionais de Ergonomia e Análise do Trabalho,cases,cases,OH10,,"[""T"", ""G"", ""P""]",candidate,not_rendered_v0.1.0,,,"[""SRC-MTE-NR17"", ""SRC-MTE-NR01""]"
PAGE-00935,ergonomia-e-analise-do-trabalho-glossario,Glossário de Ergonomia e Análise do Trabalho,glossary,glossary,OH10,,"[""T"", ""G"", ""P""]",candidate,not_rendered_v0.1.0,,,"[""SRC-MTE-NR17"", ""SRC-MTE-NR01""]"
PAGE-00936,psicodinamica-saude-mental-e-riscos-psicossociais-guia-completo,"Psicodinâmica, Saúde Mental e Riscos Psicossociais: Guia Completo",guide,guide,OH11,,"[""T"", ""G"", ""P""]",candidate,not_rendered_v0.1.0,,,"[""SRC-MTE-NR01"", ""SRC-WHO-OH"", ""SRC-NIOSH-TWH"", ""SRC-MS-LDRT""]"
PAGE-00937,psicodinamica-saude-mental-e-riscos-psicossociais-evidencias-e-referencias,"Evidências e Referências em Psicodinâmica, Saúde Mental e Riscos Psicossociais",evidence,evidence,OH11,,"[""T"", ""G"", ""P""]",candidate,not_rendered_v0.1.0,,,"[""SRC-MTE-NR01"", ""SRC-WHO-OH"", ""SRC-NIOSH-TWH"", ""SRC-MS-LDRT""]"
PAGE-00938,psicodinamica-saude-mental-e-riscos-psicossociais-questoes-comentadas,"Questões Comentadas de Psicodinâmica, Saúde Mental e Riscos Psicossociais",questions,questions,OH11,,"[""T"", ""G"", ""P""]",candidate,not_rendered_v0.1.0,,,"[""SRC-MTE-NR01"", ""SRC-WHO-OH"", ""SRC-NIOSH-TWH"", ""SRC-MS-LDRT""]"
PAGE-00939,psicodinamica-saude-mental-e-riscos-psicossociais-casos-educacionais,"Casos Educacionais de Psicodinâmica, Saúde Mental e Riscos Psicossociais",cases,cases,OH11,,"[""T"", ""G"", ""P""]",candidate,not_rendered_v0.1.0,,,"[""SRC-MTE-NR01"", ""SRC-WHO-OH"", ""SRC-NIOSH-TWH"", ""SRC-MS-LDRT""]"
PAGE-00940,psicodinamica-saude-mental-e-riscos-psicossociais-glossario,"Glossário de Psicodinâmica, Saúde Mental e Riscos Psicossociais",glossary,glossary,OH11,,"[""T"", ""G"", ""P""]",candidate,not_rendered_v0.1.0,,,"[""SRC-MTE-NR01"", ""SRC-WHO-OH"", ""SRC-NIOSH-TWH"", ""SRC-MS-LDRT""]"
PAGE-00941,doencas-e-agravos-relacionados-ao-trabalho-guia-completo,Doenças e Agravos Relacionados ao Trabalho: Guia Completo,guide,guide,OH12,,"[""T"", ""G"", ""P""]",candidate,not_rendered_v0.1.0,,,"[""SRC-MS-LDRT"", ""SRC-MS-VISAT"", ""SRC-IARC-MONOGRAPHS""]"
PAGE-00942,doencas-e-agravos-relacionados-ao-trabalho-evidencias-e-referencias,Evidências e Referências em Doenças e Agravos Relacionados ao Trabalho,evidence,evidence,OH12,,"[""T"", ""G"", ""P""]",candidate,not_rendered_v0.1.0,,,"[""SRC-MS-LDRT"", ""SRC-MS-VISAT"", ""SRC-IARC-MONOGRAPHS""]"
PAGE-00943,doencas-e-agravos-relacionados-ao-trabalho-questoes-comentadas,Questões Comentadas de Doenças e Agravos Relacionados ao Trabalho,questions,questions,OH12,,"[""T"", ""G"", ""P""]",candidate,not_rendered_v0.1.0,,,"[""SRC-MS-LDRT"", ""SRC-MS-VISAT"", ""SRC-IARC-MONOGRAPHS""]"
PAGE-00944,doencas-e-agravos-relacionados-ao-trabalho-casos-educacionais,Casos Educacionais de Doenças e Agravos Relacionados ao Trabalho,cases,cases,OH12,,"[""T"", ""G"", ""P""]",candidate,not_rendered_v0.1.0,,,"[""SRC-MS-LDRT"", ""SRC-MS-VISAT"", ""SRC-IARC-MONOGRAPHS""]"
PAGE-00945,doencas-e-agravos-relacionados-ao-trabalho-glossario,Glossário de Doenças e Agravos Relacionados ao Trabalho,glossary,glossary,OH12,,"[""T"", ""G"", ""P""]",candidate,not_rendered_v0.1.0,,,"[""SRC-MS-LDRT"", ""SRC-MS-VISAT"", ""SRC-IARC-MONOGRAPHS""]"
PAGE-00946,vigilancia-em-saude-do-trabalhador-guia-completo,Vigilância em Saúde do Trabalhador: Guia Completo,guide,guide,OH13,,"[""T"", ""G"", ""P""]",candidate,not_rendered_v0.1.0,,,"[""SRC-MS-VISAT"", ""SRC-MS-RENAST"", ""SRC-MS-PNSTT""]"
PAGE-00947,vigilancia-em-saude-do-trabalhador-evidencias-e-referencias,Evidências e Referências em Vigilância em Saúde do Trabalhador,evidence,evidence,OH13,,"[""T"", ""G"", ""P""]",candidate,not_rendered_v0.1.0,,,"[""SRC-MS-VISAT"", ""SRC-MS-RENAST"", ""SRC-MS-PNSTT""]"
PAGE-00948,vigilancia-em-saude-do-trabalhador-questoes-comentadas,Questões Comentadas de Vigilância em Saúde do Trabalhador,questions,questions,OH13,,"[""T"", ""G"", ""P""]",candidate,not_rendered_v0.1.0,,,"[""SRC-MS-VISAT"", ""SRC-MS-RENAST"", ""SRC-MS-PNSTT""]"
PAGE-00949,vigilancia-em-saude-do-trabalhador-casos-educacionais,Casos Educacionais de Vigilância em Saúde do Trabalhador,cases,cases,OH13,,"[""T"", ""G"", ""P""]",candidate,not_rendered_v0.1.0,,,"[""SRC-MS-VISAT"", ""SRC-MS-RENAST"", ""SRC-MS-PNSTT""]"
PAGE-00950,vigilancia-em-saude-do-trabalhador-glossario,Glossário de Vigilância em Saúde do Trabalhador,glossary,glossary,OH13,,"[""T"", ""G"", ""P""]",candidate,not_rendered_v0.1.0,,,"[""SRC-MS-VISAT"", ""SRC-MS-RENAST"", ""SRC-MS-PNSTT""]"
PAGE-00951,legislacao-normas-e-governanca-de-sst-guia-completo,"Legislação, Normas e Governança de SST: Guia Completo",guide,guide,OH14,,"[""T"", ""G"", ""P""]",candidate,not_rendered_v0.1.0,,,"[""SRC-MTE-NRS-INDEX"", ""SRC-MS-PNSTT""]"
PAGE-00952,legislacao-normas-e-governanca-de-sst-evidencias-e-referencias,"Evidências e Referências em Legislação, Normas e Governança de SST",evidence,evidence,OH14,,"[""T"", ""G"", ""P""]",candidate,not_rendered_v0.1.0,,,"[""SRC-MTE-NRS-INDEX"", ""SRC-MS-PNSTT""]"
PAGE-00953,legislacao-normas-e-governanca-de-sst-questoes-comentadas,"Questões Comentadas de Legislação, Normas e Governança de SST",questions,questions,OH14,,"[""T"", ""G"", ""P""]",candidate,not_rendered_v0.1.0,,,"[""SRC-MTE-NRS-INDEX"", ""SRC-MS-PNSTT""]"
PAGE-00954,legislacao-normas-e-governanca-de-sst-casos-educacionais,"Casos Educacionais de Legislação, Normas e Governança de SST",cases,cases,OH14,,"[""T"", ""G"", ""P""]",candidate,not_rendered_v0.1.0,,,"[""SRC-MTE-NRS-INDEX"", ""SRC-MS-PNSTT""]"
PAGE-00955,legislacao-normas-e-governanca-de-sst-glossario,"Glossário de Legislação, Normas e Governança de SST",glossary,glossary,OH14,,"[""T"", ""G"", ""P""]",candidate,not_rendered_v0.1.0,,,"[""SRC-MTE-NRS-INDEX"", ""SRC-MS-PNSTT""]"
PAGE-00956,gro-e-pgr-guia-completo,GRO e PGR: Guia Completo,guide,guide,OH15,,"[""T"", ""G"", ""P""]",candidate,not_rendered_v0.1.0,,,"[""SRC-MTE-NR01"", ""SRC-MTE-NR09""]"
PAGE-00957,gro-e-pgr-evidencias-e-referencias,Evidências e Referências em GRO e PGR,evidence,evidence,OH15,,"[""T"", ""G"", ""P""]",candidate,not_rendered_v0.1.0,,,"[""SRC-MTE-NR01"", ""SRC-MTE-NR09""]"
PAGE-00958,gro-e-pgr-questoes-comentadas,Questões Comentadas de GRO e PGR,questions,questions,OH15,,"[""T"", ""G"", ""P""]",candidate,not_rendered_v0.1.0,,,"[""SRC-MTE-NR01"", ""SRC-MTE-NR09""]"
PAGE-00959,gro-e-pgr-casos-educacionais,Casos Educacionais de GRO e PGR,cases,cases,OH15,,"[""T"", ""G"", ""P""]",candidate,not_rendered_v0.1.0,,,"[""SRC-MTE-NR01"", ""SRC-MTE-NR09""]"
PAGE-00960,gro-e-pgr-glossario,Glossário de GRO e PGR,glossary,glossary,OH15,,"[""T"", ""G"", ""P""]",candidate,not_rendered_v0.1.0,,,"[""SRC-MTE-NR01"", ""SRC-MTE-NR09""]"
PAGE-00961,pcmso-aso-e-monitoramento-da-saude-guia-completo,"PCMSO, ASO e Monitoramento da Saúde: Guia Completo",guide,guide,OH16,,"[""T"", ""G"", ""P""]",candidate,not_rendered_v0.1.0,,,"[""SRC-MTE-NR07"", ""SRC-ESOCIAL-DOC""]"
PAGE-00962,pcmso-aso-e-monitoramento-da-saude-evidencias-e-referencias,"Evidências e Referências em PCMSO, ASO e Monitoramento da Saúde",evidence,evidence,OH16,,"[""T"", ""G"", ""P""]",candidate,not_rendered_v0.1.0,,,"[""SRC-MTE-NR07"", ""SRC-ESOCIAL-DOC""]"
PAGE-00963,pcmso-aso-e-monitoramento-da-saude-questoes-comentadas,"Questões Comentadas de PCMSO, ASO e Monitoramento da Saúde",questions,questions,OH16,,"[""T"", ""G"", ""P""]",candidate,not_rendered_v0.1.0,,,"[""SRC-MTE-NR07"", ""SRC-ESOCIAL-DOC""]"
PAGE-00964,pcmso-aso-e-monitoramento-da-saude-casos-educacionais,"Casos Educacionais de PCMSO, ASO e Monitoramento da Saúde",cases,cases,OH16,,"[""T"", ""G"", ""P""]",candidate,not_rendered_v0.1.0,,,"[""SRC-MTE-NR07"", ""SRC-ESOCIAL-DOC""]"
PAGE-00965,pcmso-aso-e-monitoramento-da-saude-glossario,"Glossário de PCMSO, ASO e Monitoramento da Saúde",glossary,glossary,OH16,,"[""T"", ""G"", ""P""]",candidate,not_rendered_v0.1.0,,,"[""SRC-MTE-NR07"", ""SRC-ESOCIAL-DOC""]"
PAGE-00966,esocial-sst-e-registros-digitais-guia-completo,eSocial SST e Registros Digitais: Guia Completo,guide,guide,OH17,,"[""G"", ""P""]",candidate,not_rendered_v0.1.0,,,"[""SRC-ESOCIAL-DOC"", ""SRC-ESOCIAL-MOS"", ""SRC-ESOCIAL-TABLES""]"
PAGE-00967,esocial-sst-e-registros-digitais-evidencias-e-referencias,Evidências e Referências em eSocial SST e Registros Digitais,evidence,evidence,OH17,,"[""G"", ""P""]",candidate,not_rendered_v0.1.0,,,"[""SRC-ESOCIAL-DOC"", ""SRC-ESOCIAL-MOS"", ""SRC-ESOCIAL-TABLES""]"
PAGE-00968,esocial-sst-e-registros-digitais-questoes-comentadas,Questões Comentadas de eSocial SST e Registros Digitais,questions,questions,OH17,,"[""G"", ""P""]",candidate,not_rendered_v0.1.0,,,"[""SRC-ESOCIAL-DOC"", ""SRC-ESOCIAL-MOS"", ""SRC-ESOCIAL-TABLES""]"
PAGE-00969,esocial-sst-e-registros-digitais-casos-educacionais,Casos Educacionais de eSocial SST e Registros Digitais,cases,cases,OH17,,"[""G"", ""P""]",candidate,not_rendered_v0.1.0,,,"[""SRC-ESOCIAL-DOC"", ""SRC-ESOCIAL-MOS"", ""SRC-ESOCIAL-TABLES""]"
PAGE-00970,esocial-sst-e-registros-digitais-glossario,Glossário de eSocial SST e Registros Digitais,glossary,glossary,OH17,,"[""G"", ""P""]",candidate,not_rendered_v0.1.0,,,"[""SRC-ESOCIAL-DOC"", ""SRC-ESOCIAL-MOS"", ""SRC-ESOCIAL-TABLES""]"
PAGE-00971,cat-ppp-ltcat-fap-ntep-e-previdencia-guia-completo,"CAT, PPP, LTCAT, FAP, NTEP e Previdência: Guia Completo",guide,guide,OH18,,"[""T"", ""G"", ""P""]",candidate,not_rendered_v0.1.0,,,"[""SRC-PREV-FAP"", ""SRC-PREV-NTEP"", ""SRC-ESOCIAL-MOS"", ""SRC-INSS-APOS-ESP""]"
PAGE-00972,cat-ppp-ltcat-fap-ntep-e-previdencia-evidencias-e-referencias,"Evidências e Referências em CAT, PPP, LTCAT, FAP, NTEP e Previdência",evidence,evidence,OH18,,"[""T"", ""G"", ""P""]",candidate,not_rendered_v0.1.0,,,"[""SRC-PREV-FAP"", ""SRC-PREV-NTEP"", ""SRC-ESOCIAL-MOS"", ""SRC-INSS-APOS-ESP""]"
PAGE-00973,cat-ppp-ltcat-fap-ntep-e-previdencia-questoes-comentadas,"Questões Comentadas de CAT, PPP, LTCAT, FAP, NTEP e Previdência",questions,questions,OH18,,"[""T"", ""G"", ""P""]",candidate,not_rendered_v0.1.0,,,"[""SRC-PREV-FAP"", ""SRC-PREV-NTEP"", ""SRC-ESOCIAL-MOS"", ""SRC-INSS-APOS-ESP""]"
PAGE-00974,cat-ppp-ltcat-fap-ntep-e-previdencia-casos-educacionais,"Casos Educacionais de CAT, PPP, LTCAT, FAP, NTEP e Previdência",cases,cases,OH18,,"[""T"", ""G"", ""P""]",candidate,not_rendered_v0.1.0,,,"[""SRC-PREV-FAP"", ""SRC-PREV-NTEP"", ""SRC-ESOCIAL-MOS"", ""SRC-INSS-APOS-ESP""]"
PAGE-00975,cat-ppp-ltcat-fap-ntep-e-previdencia-glossario,"Glossário de CAT, PPP, LTCAT, FAP, NTEP e Previdência",glossary,glossary,OH18,,"[""T"", ""G"", ""P""]",candidate,not_rendered_v0.1.0,,,"[""SRC-PREV-FAP"", ""SRC-PREV-NTEP"", ""SRC-ESOCIAL-MOS"", ""SRC-INSS-APOS-ESP""]"
PAGE-00976,processo-de-enfermagem-em-saude-do-trabalhador-guia-completo,Processo de Enfermagem em Saúde do Trabalhador: Guia Completo,guide,guide,OH19,,"[""T"", ""G"", ""P""]",candidate,not_rendered_v0.1.0,,,"[""SRC-COFEN-238"", ""SRC-COFEN-581"", ""SRC-COFEN-609""]"
PAGE-00977,processo-de-enfermagem-em-saude-do-trabalhador-evidencias-e-referencias,Evidências e Referências em Processo de Enfermagem em Saúde do Trabalhador,evidence,evidence,OH19,,"[""T"", ""G"", ""P""]",candidate,not_rendered_v0.1.0,,,"[""SRC-COFEN-238"", ""SRC-COFEN-581"", ""SRC-COFEN-609""]"
PAGE-00978,processo-de-enfermagem-em-saude-do-trabalhador-questoes-comentadas,Questões Comentadas de Processo de Enfermagem em Saúde do Trabalhador,questions,questions,OH19,,"[""T"", ""G"", ""P""]",candidate,not_rendered_v0.1.0,,,"[""SRC-COFEN-238"", ""SRC-COFEN-581"", ""SRC-COFEN-609""]"
PAGE-00979,processo-de-enfermagem-em-saude-do-trabalhador-casos-educacionais,Casos Educacionais de Processo de Enfermagem em Saúde do Trabalhador,cases,cases,OH19,,"[""T"", ""G"", ""P""]",candidate,not_rendered_v0.1.0,,,"[""SRC-COFEN-238"", ""SRC-COFEN-581"", ""SRC-COFEN-609""]"
PAGE-00980,processo-de-enfermagem-em-saude-do-trabalhador-glossario,Glossário de Processo de Enfermagem em Saúde do Trabalhador,glossary,glossary,OH19,,"[""T"", ""G"", ""P""]",candidate,not_rendered_v0.1.0,,,"[""SRC-COFEN-238"", ""SRC-COFEN-581"", ""SRC-COFEN-609""]"
PAGE-00981,imunizacao-ocupacional-guia-completo,Imunização Ocupacional: Guia Completo,guide,guide,OH20,,"[""T"", ""G"", ""P""]",candidate,not_rendered_v0.1.0,,,"[""SRC-WHO-HCW"", ""SRC-MS-ST""]"
PAGE-00982,imunizacao-ocupacional-evidencias-e-referencias,Evidências e Referências em Imunização Ocupacional,evidence,evidence,OH20,,"[""T"", ""G"", ""P""]",candidate,not_rendered_v0.1.0,,,"[""SRC-WHO-HCW"", ""SRC-MS-ST""]"
PAGE-00983,imunizacao-ocupacional-questoes-comentadas,Questões Comentadas de Imunização Ocupacional,questions,questions,OH20,,"[""T"", ""G"", ""P""]",candidate,not_rendered_v0.1.0,,,"[""SRC-WHO-HCW"", ""SRC-MS-ST""]"
PAGE-00984,imunizacao-ocupacional-casos-educacionais,Casos Educacionais de Imunização Ocupacional,cases,cases,OH20,,"[""T"", ""G"", ""P""]",candidate,not_rendered_v0.1.0,,,"[""SRC-WHO-HCW"", ""SRC-MS-ST""]"
PAGE-00985,imunizacao-ocupacional-glossario,Glossário de Imunização Ocupacional,glossary,glossary,OH20,,"[""T"", ""G"", ""P""]",candidate,not_rendered_v0.1.0,,,"[""SRC-WHO-HCW"", ""SRC-MS-ST""]"
PAGE-00986,urgencias-e-emergencias-ocupacionais-guia-completo,Urgências e Emergências Ocupacionais: Guia Completo,guide,guide,OH21,,"[""T"", ""G"", ""P""]",candidate,not_rendered_v0.1.0,,,"[""SRC-MTE-NR01"", ""SRC-MTE-NR32"", ""SRC-WHO-HCW""]"
PAGE-00987,urgencias-e-emergencias-ocupacionais-evidencias-e-referencias,Evidências e Referências em Urgências e Emergências Ocupacionais,evidence,evidence,OH21,,"[""T"", ""G"", ""P""]",candidate,not_rendered_v0.1.0,,,"[""SRC-MTE-NR01"", ""SRC-MTE-NR32"", ""SRC-WHO-HCW""]"
PAGE-00988,urgencias-e-emergencias-ocupacionais-questoes-comentadas,Questões Comentadas de Urgências e Emergências Ocupacionais,questions,questions,OH21,,"[""T"", ""G"", ""P""]",candidate,not_rendered_v0.1.0,,,"[""SRC-MTE-NR01"", ""SRC-MTE-NR32"", ""SRC-WHO-HCW""]"
PAGE-00989,urgencias-e-emergencias-ocupacionais-casos-educacionais,Casos Educacionais de Urgências e Emergências Ocupacionais,cases,cases,OH21,,"[""T"", ""G"", ""P""]",candidate,not_rendered_v0.1.0,,,"[""SRC-MTE-NR01"", ""SRC-MTE-NR32"", ""SRC-WHO-HCW""]"
PAGE-00990,urgencias-e-emergencias-ocupacionais-glossario,Glossário de Urgências e Emergências Ocupacionais,glossary,glossary,OH21,,"[""T"", ""G"", ""P""]",candidate,not_rendered_v0.1.0,,,"[""SRC-MTE-NR01"", ""SRC-MTE-NR32"", ""SRC-WHO-HCW""]"
PAGE-00991,promocao-da-saude-e-bem-estar-no-trabalho-guia-completo,Promoção da Saúde e Bem-Estar no Trabalho: Guia Completo,guide,guide,OH22,,"[""T"", ""G"", ""P""]",candidate,not_rendered_v0.1.0,,,"[""SRC-WHO-OH"", ""SRC-NIOSH-TWH""]"
PAGE-00992,promocao-da-saude-e-bem-estar-no-trabalho-evidencias-e-referencias,Evidências e Referências em Promoção da Saúde e Bem-Estar no Trabalho,evidence,evidence,OH22,,"[""T"", ""G"", ""P""]",candidate,not_rendered_v0.1.0,,,"[""SRC-WHO-OH"", ""SRC-NIOSH-TWH""]"
PAGE-00993,promocao-da-saude-e-bem-estar-no-trabalho-questoes-comentadas,Questões Comentadas de Promoção da Saúde e Bem-Estar no Trabalho,questions,questions,OH22,,"[""T"", ""G"", ""P""]",candidate,not_rendered_v0.1.0,,,"[""SRC-WHO-OH"", ""SRC-NIOSH-TWH""]"
PAGE-00994,promocao-da-saude-e-bem-estar-no-trabalho-casos-educacionais,Casos Educacionais de Promoção da Saúde e Bem-Estar no Trabalho,cases,cases,OH22,,"[""T"", ""G"", ""P""]",candidate,not_rendered_v0.1.0,,,"[""SRC-WHO-OH"", ""SRC-NIOSH-TWH""]"
PAGE-00995,promocao-da-saude-e-bem-estar-no-trabalho-glossario,Glossário de Promoção da Saúde e Bem-Estar no Trabalho,glossary,glossary,OH22,,"[""T"", ""G"", ""P""]",candidate,not_rendered_v0.1.0,,,"[""SRC-WHO-OH"", ""SRC-NIOSH-TWH""]"
PAGE-00996,gestao-da-saude-ocupacional-guia-completo,Gestão da Saúde Ocupacional: Guia Completo,guide,guide,OH23,,"[""G"", ""P""]",candidate,not_rendered_v0.1.0,,,"[""SRC-WHO-OH"", ""SRC-ILO-OSH"", ""SRC-COFEN-581""]"
PAGE-00997,gestao-da-saude-ocupacional-evidencias-e-referencias,Evidências e Referências em Gestão da Saúde Ocupacional,evidence,evidence,OH23,,"[""G"", ""P""]",candidate,not_rendered_v0.1.0,,,"[""SRC-WHO-OH"", ""SRC-ILO-OSH"", ""SRC-COFEN-581""]"
PAGE-00998,gestao-da-saude-ocupacional-questoes-comentadas,Questões Comentadas de Gestão da Saúde Ocupacional,questions,questions,OH23,,"[""G"", ""P""]",candidate,not_rendered_v0.1.0,,,"[""SRC-WHO-OH"", ""SRC-ILO-OSH"", ""SRC-COFEN-581""]"
PAGE-00999,gestao-da-saude-ocupacional-casos-educacionais,Casos Educacionais de Gestão da Saúde Ocupacional,cases,cases,OH23,,"[""G"", ""P""]",candidate,not_rendered_v0.1.0,,,"[""SRC-WHO-OH"", ""SRC-ILO-OSH"", ""SRC-COFEN-581""]"
PAGE-01000,gestao-da-saude-ocupacional-glossario,Glossário de Gestão da Saúde Ocupacional,glossary,glossary,OH23,,"[""G"", ""P""]",candidate,not_rendered_v0.1.0,,,"[""SRC-WHO-OH"", ""SRC-ILO-OSH"", ""SRC-COFEN-581""]"
PAGE-01001,absenteismo-incapacidade-retorno-e-reabilitacao-guia-completo,"Absenteísmo, Incapacidade, Retorno e Reabilitação: Guia Completo",guide,guide,OH24,,"[""T"", ""G"", ""P""]",candidate,not_rendered_v0.1.0,,,"[""SRC-PREV-NTEP"", ""SRC-WHO-OH""]"
PAGE-01002,absenteismo-incapacidade-retorno-e-reabilitacao-evidencias-e-referencias,"Evidências e Referências em Absenteísmo, Incapacidade, Retorno e Reabilitação",evidence,evidence,OH24,,"[""T"", ""G"", ""P""]",candidate,not_rendered_v0.1.0,,,"[""SRC-PREV-NTEP"", ""SRC-WHO-OH""]"
PAGE-01003,absenteismo-incapacidade-retorno-e-reabilitacao-questoes-comentadas,"Questões Comentadas de Absenteísmo, Incapacidade, Retorno e Reabilitação",questions,questions,OH24,,"[""T"", ""G"", ""P""]",candidate,not_rendered_v0.1.0,,,"[""SRC-PREV-NTEP"", ""SRC-WHO-OH""]"
PAGE-01004,absenteismo-incapacidade-retorno-e-reabilitacao-casos-educacionais,"Casos Educacionais de Absenteísmo, Incapacidade, Retorno e Reabilitação",cases,cases,OH24,,"[""T"", ""G"", ""P""]",candidate,not_rendered_v0.1.0,,,"[""SRC-PREV-NTEP"", ""SRC-WHO-OH""]"
PAGE-01005,absenteismo-incapacidade-retorno-e-reabilitacao-glossario,"Glossário de Absenteísmo, Incapacidade, Retorno e Reabilitação",glossary,glossary,OH24,,"[""T"", ""G"", ""P""]",candidate,not_rendered_v0.1.0,,,"[""SRC-PREV-NTEP"", ""SRC-WHO-OH""]"
PAGE-01006,qualidade-auditoria-e-indicadores-guia-completo,"Qualidade, Auditoria e Indicadores: Guia Completo",guide,guide,OH25,,"[""T"", ""G"", ""P""]",candidate,not_rendered_v0.1.0,,,"[""SRC-ILO-OSH"", ""SRC-MTE-NR01""]"
PAGE-01007,qualidade-auditoria-e-indicadores-evidencias-e-referencias,"Evidências e Referências em Qualidade, Auditoria e Indicadores",evidence,evidence,OH25,,"[""T"", ""G"", ""P""]",candidate,not_rendered_v0.1.0,,,"[""SRC-ILO-OSH"", ""SRC-MTE-NR01""]"
PAGE-01008,qualidade-auditoria-e-indicadores-questoes-comentadas,"Questões Comentadas de Qualidade, Auditoria e Indicadores",questions,questions,OH25,,"[""T"", ""G"", ""P""]",candidate,not_rendered_v0.1.0,,,"[""SRC-ILO-OSH"", ""SRC-MTE-NR01""]"
PAGE-01009,qualidade-auditoria-e-indicadores-casos-educacionais,"Casos Educacionais de Qualidade, Auditoria e Indicadores",cases,cases,OH25,,"[""T"", ""G"", ""P""]",candidate,not_rendered_v0.1.0,,,"[""SRC-ILO-OSH"", ""SRC-MTE-NR01""]"
PAGE-01010,qualidade-auditoria-e-indicadores-glossario,"Glossário de Qualidade, Auditoria e Indicadores",glossary,glossary,OH25,,"[""T"", ""G"", ""P""]",candidate,not_rendered_v0.1.0,,,"[""SRC-ILO-OSH"", ""SRC-MTE-NR01""]"
PAGE-01011,sistemas-de-gestao-certificacoes-e-acreditacoes-guia-completo,"Sistemas de Gestão, Certificações e Acreditações: Guia Completo",guide,guide,OH26,,"[""G"", ""P""]",candidate,not_rendered_v0.1.0,,,"[""SRC-ISO-45001"", ""SRC-ILO-OSH""]"
PAGE-01012,sistemas-de-gestao-certificacoes-e-acreditacoes-evidencias-e-referencias,"Evidências e Referências em Sistemas de Gestão, Certificações e Acreditações",evidence,evidence,OH26,,"[""G"", ""P""]",candidate,not_rendered_v0.1.0,,,"[""SRC-ISO-45001"", ""SRC-ILO-OSH""]"
PAGE-01013,sistemas-de-gestao-certificacoes-e-acreditacoes-questoes-comentadas,"Questões Comentadas de Sistemas de Gestão, Certificações e Acreditações",questions,questions,OH26,,"[""G"", ""P""]",candidate,not_rendered_v0.1.0,,,"[""SRC-ISO-45001"", ""SRC-ILO-OSH""]"
PAGE-01014,sistemas-de-gestao-certificacoes-e-acreditacoes-casos-educacionais,"Casos Educacionais de Sistemas de Gestão, Certificações e Acreditações",cases,cases,OH26,,"[""G"", ""P""]",candidate,not_rendered_v0.1.0,,,"[""SRC-ISO-45001"", ""SRC-ILO-OSH""]"
PAGE-01015,sistemas-de-gestao-certificacoes-e-acreditacoes-glossario,"Glossário de Sistemas de Gestão, Certificações e Acreditações",glossary,glossary,OH26,,"[""G"", ""P""]",candidate,not_rendered_v0.1.0,,,"[""SRC-ISO-45001"", ""SRC-ILO-OSH""]"
PAGE-01016,sustentabilidade-empresarial-esg-e-saude-ambiental-guia-completo,"Sustentabilidade Empresarial, ESG e Saúde Ambiental: Guia Completo",guide,guide,OH27,,"[""G"", ""P""]",candidate,not_rendered_v0.1.0,,,"[""SRC-WHO-OH"", ""SRC-ILO-OSH""]"
PAGE-01017,sustentabilidade-empresarial-esg-e-saude-ambiental-evidencias-e-referencias,"Evidências e Referências em Sustentabilidade Empresarial, ESG e Saúde Ambiental",evidence,evidence,OH27,,"[""G"", ""P""]",candidate,not_rendered_v0.1.0,,,"[""SRC-WHO-OH"", ""SRC-ILO-OSH""]"
PAGE-01018,sustentabilidade-empresarial-esg-e-saude-ambiental-questoes-comentadas,"Questões Comentadas de Sustentabilidade Empresarial, ESG e Saúde Ambiental",questions,questions,OH27,,"[""G"", ""P""]",candidate,not_rendered_v0.1.0,,,"[""SRC-WHO-OH"", ""SRC-ILO-OSH""]"
PAGE-01019,sustentabilidade-empresarial-esg-e-saude-ambiental-casos-educacionais,"Casos Educacionais de Sustentabilidade Empresarial, ESG e Saúde Ambiental",cases,cases,OH27,,"[""G"", ""P""]",candidate,not_rendered_v0.1.0,,,"[""SRC-WHO-OH"", ""SRC-ILO-OSH""]"
PAGE-01020,sustentabilidade-empresarial-esg-e-saude-ambiental-glossario,"Glossário de Sustentabilidade Empresarial, ESG e Saúde Ambiental",glossary,glossary,OH27,,"[""G"", ""P""]",candidate,not_rendered_v0.1.0,,,"[""SRC-WHO-OH"", ""SRC-ILO-OSH""]"
PAGE-01021,bioetica-etica-empresarial-privacidade-e-lgpd-guia-completo,"Bioética, Ética Empresarial, Privacidade e LGPD: Guia Completo",guide,guide,OH28,,"[""T"", ""G"", ""P""]",candidate,not_rendered_v0.1.0,,,"[""SRC-COFEN-581"", ""SRC-MTE-NR01""]"
PAGE-01022,bioetica-etica-empresarial-privacidade-e-lgpd-evidencias-e-referencias,"Evidências e Referências em Bioética, Ética Empresarial, Privacidade e LGPD",evidence,evidence,OH28,,"[""T"", ""G"", ""P""]",candidate,not_rendered_v0.1.0,,,"[""SRC-COFEN-581"", ""SRC-MTE-NR01""]"
PAGE-01023,bioetica-etica-empresarial-privacidade-e-lgpd-questoes-comentadas,"Questões Comentadas de Bioética, Ética Empresarial, Privacidade e LGPD",questions,questions,OH28,,"[""T"", ""G"", ""P""]",candidate,not_rendered_v0.1.0,,,"[""SRC-COFEN-581"", ""SRC-MTE-NR01""]"
PAGE-01024,bioetica-etica-empresarial-privacidade-e-lgpd-casos-educacionais,"Casos Educacionais de Bioética, Ética Empresarial, Privacidade e LGPD",cases,cases,OH28,,"[""T"", ""G"", ""P""]",candidate,not_rendered_v0.1.0,,,"[""SRC-COFEN-581"", ""SRC-MTE-NR01""]"
PAGE-01025,bioetica-etica-empresarial-privacidade-e-lgpd-glossario,"Glossário de Bioética, Ética Empresarial, Privacidade e LGPD",glossary,glossary,OH28,,"[""T"", ""G"", ""P""]",candidate,not_rendered_v0.1.0,,,"[""SRC-COFEN-581"", ""SRC-MTE-NR01""]"
PAGE-01026,educacao-comunicacao-e-treinamento-guia-completo,"Educação, Comunicação e Treinamento: Guia Completo",guide,guide,OH29,,"[""T"", ""G"", ""P""]",candidate,not_rendered_v0.1.0,,,"[""SRC-MTE-NR01"", ""SRC-WHO-OH""]"
PAGE-01027,educacao-comunicacao-e-treinamento-evidencias-e-referencias,"Evidências e Referências em Educação, Comunicação e Treinamento",evidence,evidence,OH29,,"[""T"", ""G"", ""P""]",candidate,not_rendered_v0.1.0,,,"[""SRC-MTE-NR01"", ""SRC-WHO-OH""]"
PAGE-01028,educacao-comunicacao-e-treinamento-questoes-comentadas,"Questões Comentadas de Educação, Comunicação e Treinamento",questions,questions,OH29,,"[""T"", ""G"", ""P""]",candidate,not_rendered_v0.1.0,,,"[""SRC-MTE-NR01"", ""SRC-WHO-OH""]"
PAGE-01029,educacao-comunicacao-e-treinamento-casos-educacionais,"Casos Educacionais de Educação, Comunicação e Treinamento",cases,cases,OH29,,"[""T"", ""G"", ""P""]",candidate,not_rendered_v0.1.0,,,"[""SRC-MTE-NR01"", ""SRC-WHO-OH""]"
PAGE-01030,educacao-comunicacao-e-treinamento-glossario,"Glossário de Educação, Comunicação e Treinamento",glossary,glossary,OH29,,"[""T"", ""G"", ""P""]",candidate,not_rendered_v0.1.0,,,"[""SRC-MTE-NR01"", ""SRC-WHO-OH""]"
PAGE-01031,empreendedorismo-consultoria-e-inovacao-em-saude-ocupacional-guia-completo,"Empreendedorismo, Consultoria e Inovação em Saúde Ocupacional: Guia Completo",guide,guide,OH30,,"[""G"", ""P""]",candidate,not_rendered_v0.1.0,,,"[""SRC-WHO-OH"", ""SRC-COFEN-581""]"
PAGE-01032,empreendedorismo-consultoria-e-inovacao-em-saude-ocupacional-evidencias-e-referencias,"Evidências e Referências em Empreendedorismo, Consultoria e Inovação em Saúde Ocupacional",evidence,evidence,OH30,,"[""G"", ""P""]",candidate,not_rendered_v0.1.0,,,"[""SRC-WHO-OH"", ""SRC-COFEN-581""]"
PAGE-01033,empreendedorismo-consultoria-e-inovacao-em-saude-ocupacional-questoes-comentadas,"Questões Comentadas de Empreendedorismo, Consultoria e Inovação em Saúde Ocupacional",questions,questions,OH30,,"[""G"", ""P""]",candidate,not_rendered_v0.1.0,,,"[""SRC-WHO-OH"", ""SRC-COFEN-581""]"
PAGE-01034,empreendedorismo-consultoria-e-inovacao-em-saude-ocupacional-casos-educacionais,"Casos Educacionais de Empreendedorismo, Consultoria e Inovação em Saúde Ocupacional",cases,cases,OH30,,"[""G"", ""P""]",candidate,not_rendered_v0.1.0,,,"[""SRC-WHO-OH"", ""SRC-COFEN-581""]"
PAGE-01035,empreendedorismo-consultoria-e-inovacao-em-saude-ocupacional-glossario,"Glossário de Empreendedorismo, Consultoria e Inovação em Saúde Ocupacional",glossary,glossary,OH30,,"[""G"", ""P""]",candidate,not_rendered_v0.1.0,,,"[""SRC-WHO-OH"", ""SRC-COFEN-581""]"
PAGE-01036,setores-populacoes-e-contextos-especificos-guia-completo,"Setores, Populações e Contextos Específicos: Guia Completo",guide,guide,OH31,,"[""T"", ""G"", ""P""]",candidate,not_rendered_v0.1.0,,,"[""SRC-MTE-NRS-INDEX"", ""SRC-WHO-HCW"", ""SRC-COFEN-581"", ""SRC-COFEN-609""]"
PAGE-01037,setores-populacoes-e-contextos-especificos-evidencias-e-referencias,"Evidências e Referências em Setores, Populações e Contextos Específicos",evidence,evidence,OH31,,"[""T"", ""G"", ""P""]",candidate,not_rendered_v0.1.0,,,"[""SRC-MTE-NRS-INDEX"", ""SRC-WHO-HCW"", ""SRC-COFEN-581"", ""SRC-COFEN-609""]"
PAGE-01038,setores-populacoes-e-contextos-especificos-questoes-comentadas,"Questões Comentadas de Setores, Populações e Contextos Específicos",questions,questions,OH31,,"[""T"", ""G"", ""P""]",candidate,not_rendered_v0.1.0,,,"[""SRC-MTE-NRS-INDEX"", ""SRC-WHO-HCW"", ""SRC-COFEN-581"", ""SRC-COFEN-609""]"
PAGE-01039,setores-populacoes-e-contextos-especificos-casos-educacionais,"Casos Educacionais de Setores, Populações e Contextos Específicos",cases,cases,OH31,,"[""T"", ""G"", ""P""]",candidate,not_rendered_v0.1.0,,,"[""SRC-MTE-NRS-INDEX"", ""SRC-WHO-HCW"", ""SRC-COFEN-581"", ""SRC-COFEN-609""]"
PAGE-01040,setores-populacoes-e-contextos-especificos-glossario,"Glossário de Setores, Populações e Contextos Específicos",glossary,glossary,OH31,,"[""T"", ""G"", ""P""]",candidate,not_rendered_v0.1.0,,,"[""SRC-MTE-NRS-INDEX"", ""SRC-WHO-HCW"", ""SRC-COFEN-581"", ""SRC-COFEN-609""]"
PAGE-01041,pesquisa-evidencias-e-producao-cientifica-guia-completo,"Pesquisa, Evidências e Produção Científica: Guia Completo",guide,guide,OH32,,"[""G"", ""P""]",candidate,not_rendered_v0.1.0,,,"[""SRC-WHO-OH"", ""SRC-NIOSH-HOC"", ""SRC-IARC-MONOGRAPHS"", ""SRC-FUNDACENTRO-NHO""]"
PAGE-01042,pesquisa-evidencias-e-producao-cientifica-evidencias-e-referencias,"Evidências e Referências em Pesquisa, Evidências e Produção Científica",evidence,evidence,OH32,,"[""G"", ""P""]",candidate,not_rendered_v0.1.0,,,"[""SRC-WHO-OH"", ""SRC-NIOSH-HOC"", ""SRC-IARC-MONOGRAPHS"", ""SRC-FUNDACENTRO-NHO""]"
PAGE-01043,pesquisa-evidencias-e-producao-cientifica-questoes-comentadas,"Questões Comentadas de Pesquisa, Evidências e Produção Científica",questions,questions,OH32,,"[""G"", ""P""]",candidate,not_rendered_v0.1.0,,,"[""SRC-WHO-OH"", ""SRC-NIOSH-HOC"", ""SRC-IARC-MONOGRAPHS"", ""SRC-FUNDACENTRO-NHO""]"
PAGE-01044,pesquisa-evidencias-e-producao-cientifica-casos-educacionais,"Casos Educacionais de Pesquisa, Evidências e Produção Científica",cases,cases,OH32,,"[""G"", ""P""]",candidate,not_rendered_v0.1.0,,,"[""SRC-WHO-OH"", ""SRC-NIOSH-HOC"", ""SRC-IARC-MONOGRAPHS"", ""SRC-FUNDACENTRO-NHO""]"
PAGE-01045,pesquisa-evidencias-e-producao-cientifica-glossario,"Glossário de Pesquisa, Evidências e Produção Científica",glossary,glossary,OH32,,"[""G"", ""P""]",candidate,not_rendered_v0.1.0,,,"[""SRC-WHO-OH"", ""SRC-NIOSH-HOC"", ""SRC-IARC-MONOGRAPHS"", ""SRC-FUNDACENTRO-NHO""]"
PAGE-01046,medicina-trabalho-saude-ocupacional-saude-trabalhador,Medicina do Trabalho x Saúde Ocupacional x Saúde do Trabalhador,comparison,comparison,OH01,,"[""T"", ""G"", ""P""]",candidate,not_rendered_v0.1.0,,,"[""SRC-MS-ST"", ""SRC-MS-PNSTT"", ""SRC-MS-RENAST"", ""SRC-WHO-OH""]"
PAGE-01047,perigo-risco-exposicao-diferencas,Perigo x Risco x Exposição: diferenças em Saúde Ocupacional,comparison,comparison,OH06,,"[""T"", ""G"", ""P""]",candidate,not_rendered_v0.1.0,,,"[""SRC-FUNDACENTRO-NHO"", ""SRC-NIOSH-HOC"", ""SRC-MTE-NR01"", ""SRC-MTE-NR06""]"
PAGE-01048,pgr-vs-ppra,PGR x PPRA: o que mudou e como ler documentos antigos,comparison,comparison,OH15,,"[""T"", ""G"", ""P""]",candidate,not_rendered_v0.1.0,,,"[""SRC-MTE-NR01"", ""SRC-MTE-NR09""]"
PAGE-01049,pgr-vs-pcmso,PGR x PCMSO: diferenças e integração,comparison,comparison,OH15,,"[""T"", ""G"", ""P""]",candidate,not_rendered_v0.1.0,,,"[""SRC-MTE-NR01"", ""SRC-MTE-NR09""]"
PAGE-01050,cat-vs-s2210,"CAT x S-2210: documento, evento e fluxo",comparison,comparison,OH18,,"[""T"", ""G"", ""P""]",candidate,not_rendered_v0.1.0,,,"[""SRC-PREV-FAP"", ""SRC-PREV-NTEP"", ""SRC-ESOCIAL-MOS"", ""SRC-INSS-APOS-ESP""]"
PAGE-01051,s2220-vs-aso,S-2220 x ASO: o que cada objeto representa,comparison,comparison,OH17,,"[""G"", ""P""]",candidate,not_rendered_v0.1.0,,,"[""SRC-ESOCIAL-DOC"", ""SRC-ESOCIAL-MOS"", ""SRC-ESOCIAL-TABLES""]"
PAGE-01052,ppp-ltcat-s2240,PPP x LTCAT x S-2240: relações e diferenças,comparison,comparison,OH18,,"[""T"", ""G"", ""P""]",candidate,not_rendered_v0.1.0,,,"[""SRC-PREV-FAP"", ""SRC-PREV-NTEP"", ""SRC-ESOCIAL-MOS"", ""SRC-INSS-APOS-ESP""]"
PAGE-01053,fap-ntep-cat-relacoes,"FAP, NTEP e CAT: como os conceitos se relacionam",relationship,relationship,OH18,,"[""T"", ""G"", ""P""]",candidate,not_rendered_v0.1.0,,,"[""SRC-PREV-FAP"", ""SRC-PREV-NTEP"", ""SRC-ESOCIAL-MOS"", ""SRC-INSS-APOS-ESP""]"
PAGE-01054,hierarquia-controles-checklist,Checklist da Hierarquia de Controles,checklist,checklist,OH06,,"[""T"", ""G"", ""P""]",candidate,not_rendered_v0.1.0,,,"[""SRC-FUNDACENTRO-NHO"", ""SRC-NIOSH-HOC"", ""SRC-MTE-NR01"", ""SRC-MTE-NR06""]"
PAGE-01055,auditoria-pcmso-checklist,Checklist Educacional para Auditoria de PCMSO,checklist,checklist,OH25,,"[""T"", ""G"", ""P""]",candidate,not_rendered_v0.1.0,,,"[""SRC-ILO-OSH"", ""SRC-MTE-NR01""]"
PAGE-01056,auditoria-esocial-sst-checklist,Checklist Educacional de Qualidade dos Eventos eSocial SST,checklist,checklist,OH25,,"[""T"", ""G"", ""P""]",candidate,not_rendered_v0.1.0,,,"[""SRC-ILO-OSH"", ""SRC-MTE-NR01""]"
PAGE-01057,acidente-material-biologico-fluxo,Acidente com Material Biológico: fluxo educacional completo,flow,flow,OH09,,"[""T"", ""G"", ""P""]",candidate,not_rendered_v0.1.0,,,"[""SRC-MTE-NR32"", ""SRC-WHO-HCW"", ""SRC-MS-VISAT""]"
PAGE-01058,risco-psicossocial-nr1-guia,Riscos Psicossociais na NR-1: guia educacional,guide,guide,OH11,,"[""T"", ""G"", ""P""]",candidate,not_rendered_v0.1.0,,,"[""SRC-MTE-NR01"", ""SRC-WHO-OH"", ""SRC-NIOSH-TWH"", ""SRC-MS-LDRT""]"
PAGE-01059,aso-guia,ASO: Guia Educacional para Enfermagem do Trabalho,guide,guide,OH16,,"[""T"", ""G"", ""P""]",candidate,not_rendered_v0.1.0,,,"[""SRC-MTE-NR07"", ""SRC-ESOCIAL-DOC""]"
PAGE-01060,historia-ocupacional-checklist,Checklist de História Ocupacional,checklist,checklist,OH19,,"[""T"", ""G"", ""P""]",candidate,not_rendered_v0.1.0,,,"[""SRC-COFEN-238"", ""SRC-COFEN-581"", ""SRC-COFEN-609""]"
PAGE-01061,retorno-trabalho-checklist,Checklist Educacional de Retorno ao Trabalho,checklist,checklist,OH24,,"[""T"", ""G"", ""P""]",candidate,not_rendered_v0.1.0,,,"[""SRC-PREV-NTEP"", ""SRC-WHO-OH""]"
PAGE-01062,indicadores-saude-ocupacional-tabela,Indicadores de Saúde Ocupacional: tabela de fórmulas e interpretações,table,table,OH05,,"[""T"", ""G"", ""P""]",candidate,not_rendered_v0.1.0,,,"[""SRC-MS-VISAT"", ""SRC-ESOCIAL-DOC""]"
