id,domain_code,domain,module_id,module,title,slug,page_slug,audiences,status,source_ids
TOPIC-00001,OH01,Fundamentos da Saúde do Trabalhador,MOD-0001,Campo da Saúde do Trabalhador,"Trabalho, saúde e processo saúde-doença",trabalho-saude-e-processo-saude-doenca,trabalho-saude-e-processo-saude-doenca,"[""T"", ""G"", ""P""]",candidate_for_atomization,"[""SRC-MS-ST"", ""SRC-MS-PNSTT"", ""SRC-MS-RENAST"", ""SRC-WHO-OH""]"
TOPIC-00002,OH01,Fundamentos da Saúde do Trabalhador,MOD-0001,Campo da Saúde do Trabalhador,"Medicina do trabalho, saúde ocupacional e saúde do trabalhador",medicina-do-trabalho-saude-ocupacional-e-saude-do-trabalhador,medicina-do-trabalho-saude-ocupacional-e-saude-do-trabalhador,"[""T"", ""G"", ""P""]",candidate_for_atomization,"[""SRC-MS-ST"", ""SRC-MS-PNSTT"", ""SRC-MS-RENAST"", ""SRC-WHO-OH""]"
TOPIC-00003,OH01,Fundamentos da Saúde do Trabalhador,MOD-0001,Campo da Saúde do Trabalhador,Determinantes sociais da saúde do trabalhador,determinantes-sociais-da-saude-do-trabalhador,determinantes-sociais-da-saude-do-trabalhador,"[""T"", ""G"", ""P""]",candidate_for_atomization,"[""SRC-MS-ST"", ""SRC-MS-PNSTT"", ""SRC-MS-RENAST"", ""SRC-WHO-OH""]"
TOPIC-00004,OH01,Fundamentos da Saúde do Trabalhador,MOD-0001,Campo da Saúde do Trabalhador,Processos produtivos e modos de adoecimento,processos-produtivos-e-modos-de-adoecimento,processos-produtivos-e-modos-de-adoecimento,"[""T"", ""G"", ""P""]",candidate_for_atomization,"[""SRC-MS-ST"", ""SRC-MS-PNSTT"", ""SRC-MS-RENAST"", ""SRC-WHO-OH""]"
TOPIC-00005,OH01,Fundamentos da Saúde do Trabalhador,MOD-0001,Campo da Saúde do Trabalhador,"Trabalho formal, informal, autônomo e por plataformas",trabalho-formal-informal-autonomo-e-por-plataformas,trabalho-formal-informal-autonomo-e-por-plataformas,"[""T"", ""G"", ""P""]",candidate_for_atomization,"[""SRC-MS-ST"", ""SRC-MS-PNSTT"", ""SRC-MS-RENAST"", ""SRC-WHO-OH""]"
TOPIC-00006,OH01,Fundamentos da Saúde do Trabalhador,MOD-0001,Campo da Saúde do Trabalhador,"Território, trabalho e saúde",territorio-trabalho-e-saude,territorio-trabalho-e-saude,"[""T"", ""G"", ""P""]",candidate_for_atomization,"[""SRC-MS-ST"", ""SRC-MS-PNSTT"", ""SRC-MS-RENAST"", ""SRC-WHO-OH""]"
TOPIC-00007,OH01,Fundamentos da Saúde do Trabalhador,MOD-0001,Campo da Saúde do Trabalhador,"Promoção, prevenção, proteção, recuperação e reabilitação",promocao-prevencao-protecao-recuperacao-e-reabilitacao,promocao-prevencao-protecao-recuperacao-e-reabilitacao,"[""T"", ""G"", ""P""]",candidate_for_atomization,"[""SRC-MS-ST"", ""SRC-MS-PNSTT"", ""SRC-MS-RENAST"", ""SRC-WHO-OH""]"
TOPIC-00008,OH01,Fundamentos da Saúde do Trabalhador,MOD-0001,Campo da Saúde do Trabalhador,Interdisciplinaridade em saúde do trabalhador,interdisciplinaridade-em-saude-do-trabalhador,interdisciplinaridade-em-saude-do-trabalhador,"[""T"", ""G"", ""P""]",candidate_for_atomization,"[""SRC-MS-ST"", ""SRC-MS-PNSTT"", ""SRC-MS-RENAST"", ""SRC-WHO-OH""]"
TOPIC-00009,OH01,Fundamentos da Saúde do Trabalhador,MOD-0002,História e evolução do campo,Revolução Industrial e saúde do trabalhador,revolucao-industrial-e-saude-do-trabalhador,revolucao-industrial-e-saude-do-trabalhador,"[""T"", ""G"", ""P""]",candidate_for_atomization,"[""SRC-MS-ST"", ""SRC-MS-PNSTT"", ""SRC-MS-RENAST"", ""SRC-WHO-OH""]"
TOPIC-00010,OH01,Fundamentos da Saúde do Trabalhador,MOD-0002,História e evolução do campo,Evolução da medicina do trabalho,evolucao-da-medicina-do-trabalho,evolucao-da-medicina-do-trabalho,"[""T"", ""G"", ""P""]",candidate_for_atomization,"[""SRC-MS-ST"", ""SRC-MS-PNSTT"", ""SRC-MS-RENAST"", ""SRC-WHO-OH""]"
TOPIC-00011,OH01,Fundamentos da Saúde do Trabalhador,MOD-0002,História e evolução do campo,Movimento de saúde do trabalhador no Brasil,movimento-de-saude-do-trabalhador-no-brasil,movimento-de-saude-do-trabalhador-no-brasil,"[""T"", ""G"", ""P""]",candidate_for_atomization,"[""SRC-MS-ST"", ""SRC-MS-PNSTT"", ""SRC-MS-RENAST"", ""SRC-WHO-OH""]"
TOPIC-00012,OH01,Fundamentos da Saúde do Trabalhador,MOD-0002,História e evolução do campo,Reforma Sanitária e incorporação ao SUS,reforma-sanitaria-e-incorporacao-ao-sus,reforma-sanitaria-e-incorporacao-ao-sus,"[""T"", ""G"", ""P""]",candidate_for_atomization,"[""SRC-MS-ST"", ""SRC-MS-PNSTT"", ""SRC-MS-RENAST"", ""SRC-WHO-OH""]"
TOPIC-00013,OH01,Fundamentos da Saúde do Trabalhador,MOD-0002,História e evolução do campo,Evolução da legislação de segurança e saúde no trabalho,evolucao-da-legislacao-de-seguranca-e-saude-no-trabalho,evolucao-da-legislacao-de-seguranca-e-saude-no-trabalho,"[""T"", ""G"", ""P""]",candidate_for_atomization,"[""SRC-MS-ST"", ""SRC-MS-PNSTT"", ""SRC-MS-RENAST"", ""SRC-WHO-OH""]"
TOPIC-00014,OH01,Fundamentos da Saúde do Trabalhador,MOD-0002,História e evolução do campo,Transformações contemporâneas do trabalho,transformacoes-contemporaneas-do-trabalho,transformacoes-contemporaneas-do-trabalho,"[""T"", ""G"", ""P""]",candidate_for_atomization,"[""SRC-MS-ST"", ""SRC-MS-PNSTT"", ""SRC-MS-RENAST"", ""SRC-WHO-OH""]"
TOPIC-00015,OH01,Fundamentos da Saúde do Trabalhador,MOD-0003,SUS e Saúde do Trabalhador,Princípios e diretrizes do SUS aplicados à saúde do trabalhador,principios-e-diretrizes-do-sus-aplicados-a-saude-do-trabalhador,principios-e-diretrizes-do-sus-aplicados-a-saude-do-trabalhador,"[""T"", ""G"", ""P""]",candidate_for_atomization,"[""SRC-MS-ST"", ""SRC-MS-PNSTT"", ""SRC-MS-RENAST"", ""SRC-WHO-OH""]"
TOPIC-00016,OH01,Fundamentos da Saúde do Trabalhador,MOD-0003,SUS e Saúde do Trabalhador,Política Nacional de Saúde do Trabalhador e da Trabalhadora,politica-nacional-de-saude-do-trabalhador-e-da-trabalhadora,politica-nacional-de-saude-do-trabalhador-e-da-trabalhadora,"[""T"", ""G"", ""P""]",candidate_for_atomization,"[""SRC-MS-ST"", ""SRC-MS-PNSTT"", ""SRC-MS-RENAST"", ""SRC-WHO-OH""]"
TOPIC-00017,OH01,Fundamentos da Saúde do Trabalhador,MOD-0003,SUS e Saúde do Trabalhador,Rede Nacional de Atenção Integral à Saúde do Trabalhador,rede-nacional-de-atencao-integral-a-saude-do-trabalhador,rede-nacional-de-atencao-integral-a-saude-do-trabalhador,"[""T"", ""G"", ""P""]",candidate_for_atomization,"[""SRC-MS-ST"", ""SRC-MS-PNSTT"", ""SRC-MS-RENAST"", ""SRC-WHO-OH""]"
TOPIC-00018,OH01,Fundamentos da Saúde do Trabalhador,MOD-0003,SUS e Saúde do Trabalhador,Centro de Referência em Saúde do Trabalhador,centro-de-referencia-em-saude-do-trabalhador,centro-de-referencia-em-saude-do-trabalhador,"[""T"", ""G"", ""P""]",candidate_for_atomization,"[""SRC-MS-ST"", ""SRC-MS-PNSTT"", ""SRC-MS-RENAST"", ""SRC-WHO-OH""]"
TOPIC-00019,OH01,Fundamentos da Saúde do Trabalhador,MOD-0003,SUS e Saúde do Trabalhador,Comissão Intersetorial de Saúde do Trabalhador e da Trabalhadora,comissao-intersetorial-de-saude-do-trabalhador-e-da-trabalhadora,comissao-intersetorial-de-saude-do-trabalhador-e-da-trabalhadora,"[""T"", ""G"", ""P""]",candidate_for_atomization,"[""SRC-MS-ST"", ""SRC-MS-PNSTT"", ""SRC-MS-RENAST"", ""SRC-WHO-OH""]"
TOPIC-00020,OH01,Fundamentos da Saúde do Trabalhador,MOD-0003,SUS e Saúde do Trabalhador,Integração da Saúde do Trabalhador à Rede de Atenção à Saúde,integracao-da-saude-do-trabalhador-a-rede-de-atencao-a-saude,integracao-da-saude-do-trabalhador-a-rede-de-atencao-a-saude,"[""T"", ""G"", ""P""]",candidate_for_atomization,"[""SRC-MS-ST"", ""SRC-MS-PNSTT"", ""SRC-MS-RENAST"", ""SRC-WHO-OH""]"
TOPIC-00021,OH01,Fundamentos da Saúde do Trabalhador,MOD-0003,SUS e Saúde do Trabalhador,Controle social em saúde do trabalhador,controle-social-em-saude-do-trabalhador,controle-social-em-saude-do-trabalhador,"[""T"", ""G"", ""P""]",candidate_for_atomization,"[""SRC-MS-ST"", ""SRC-MS-PNSTT"", ""SRC-MS-RENAST"", ""SRC-WHO-OH""]"
TOPIC-00022,OH02,Fisiologia do Trabalhador,MOD-0004,Bioenergética e trabalho muscular,Metabolismo energético no trabalho,metabolismo-energetico-no-trabalho,metabolismo-energetico-no-trabalho,"[""T"", ""G"", ""P""]",candidate_for_atomization,"[""SRC-WHO-OH"", ""SRC-NIOSH-TWH""]"
TOPIC-00023,OH02,Fisiologia do Trabalhador,MOD-0004,Bioenergética e trabalho muscular,ATP e produção de energia muscular,atp-e-producao-de-energia-muscular,atp-e-producao-de-energia-muscular,"[""T"", ""G"", ""P""]",candidate_for_atomization,"[""SRC-WHO-OH"", ""SRC-NIOSH-TWH""]"
TOPIC-00024,OH02,Fisiologia do Trabalhador,MOD-0004,Bioenergética e trabalho muscular,Metabolismo aeróbio e anaeróbio,metabolismo-aerobio-e-anaerobio,metabolismo-aerobio-e-anaerobio,"[""T"", ""G"", ""P""]",candidate_for_atomization,"[""SRC-WHO-OH"", ""SRC-NIOSH-TWH""]"
TOPIC-00025,OH02,Fisiologia do Trabalhador,MOD-0004,Bioenergética e trabalho muscular,Consumo de oxigênio durante o esforço,consumo-de-oxigenio-durante-o-esforco,consumo-de-oxigenio-durante-o-esforco,"[""T"", ""G"", ""P""]",candidate_for_atomization,"[""SRC-WHO-OH"", ""SRC-NIOSH-TWH""]"
TOPIC-00026,OH02,Fisiologia do Trabalhador,MOD-0004,Bioenergética e trabalho muscular,Capacidade aeróbia e demanda física,capacidade-aerobia-e-demanda-fisica,capacidade-aerobia-e-demanda-fisica,"[""T"", ""G"", ""P""]",candidate_for_atomization,"[""SRC-WHO-OH"", ""SRC-NIOSH-TWH""]"
TOPIC-00027,OH02,Fisiologia do Trabalhador,MOD-0004,Bioenergética e trabalho muscular,Fadiga muscular periférica,fadiga-muscular-periferica,fadiga-muscular-periferica,"[""T"", ""G"", ""P""]",candidate_for_atomization,"[""SRC-WHO-OH"", ""SRC-NIOSH-TWH""]"
TOPIC-00028,OH02,Fisiologia do Trabalhador,MOD-0004,Bioenergética e trabalho muscular,Fadiga central,fadiga-central,fadiga-central,"[""T"", ""G"", ""P""]",candidate_for_atomization,"[""SRC-WHO-OH"", ""SRC-NIOSH-TWH""]"
TOPIC-00029,OH02,Fisiologia do Trabalhador,MOD-0004,Bioenergética e trabalho muscular,Recuperação após esforço,recuperacao-apos-esforco,recuperacao-apos-esforco,"[""T"", ""G"", ""P""]",candidate_for_atomization,"[""SRC-WHO-OH"", ""SRC-NIOSH-TWH""]"
TOPIC-00030,OH02,Fisiologia do Trabalhador,MOD-0005,Sistema cardiovascular e trabalho,Resposta da frequência cardíaca ao esforço,resposta-da-frequencia-cardiaca-ao-esforco,resposta-da-frequencia-cardiaca-ao-esforco,"[""T"", ""G"", ""P""]",candidate_for_atomization,"[""SRC-WHO-OH"", ""SRC-NIOSH-TWH""]"
TOPIC-00031,OH02,Fisiologia do Trabalhador,MOD-0005,Sistema cardiovascular e trabalho,Débito cardíaco no trabalho físico,debito-cardiaco-no-trabalho-fisico,debito-cardiaco-no-trabalho-fisico,"[""T"", ""G"", ""P""]",candidate_for_atomization,"[""SRC-WHO-OH"", ""SRC-NIOSH-TWH""]"
TOPIC-00032,OH02,Fisiologia do Trabalhador,MOD-0005,Sistema cardiovascular e trabalho,Pressão arterial e esforço ocupacional,pressao-arterial-e-esforco-ocupacional,pressao-arterial-e-esforco-ocupacional,"[""T"", ""G"", ""P""]",candidate_for_atomization,"[""SRC-WHO-OH"", ""SRC-NIOSH-TWH""]"
TOPIC-00033,OH02,Fisiologia do Trabalhador,MOD-0005,Sistema cardiovascular e trabalho,Redistribuição do fluxo sanguíneo,redistribuicao-do-fluxo-sanguineo,redistribuicao-do-fluxo-sanguineo,"[""T"", ""G"", ""P""]",candidate_for_atomization,"[""SRC-WHO-OH"", ""SRC-NIOSH-TWH""]"
TOPIC-00034,OH02,Fisiologia do Trabalhador,MOD-0005,Sistema cardiovascular e trabalho,Carga cardiovascular no trabalho,carga-cardiovascular-no-trabalho,carga-cardiovascular-no-trabalho,"[""T"", ""G"", ""P""]",candidate_for_atomization,"[""SRC-WHO-OH"", ""SRC-NIOSH-TWH""]"
TOPIC-00035,OH02,Fisiologia do Trabalhador,MOD-0005,Sistema cardiovascular e trabalho,Sinais de intolerância ao esforço,sinais-de-intolerancia-ao-esforco,sinais-de-intolerancia-ao-esforco,"[""T"", ""G"", ""P""]",candidate_for_atomization,"[""SRC-WHO-OH"", ""SRC-NIOSH-TWH""]"
TOPIC-00036,OH02,Fisiologia do Trabalhador,MOD-0006,Termorregulação,Produção metabólica de calor,producao-metabolica-de-calor,producao-metabolica-de-calor,"[""T"", ""G"", ""P""]",candidate_for_atomization,"[""SRC-WHO-OH"", ""SRC-NIOSH-TWH""]"
TOPIC-00037,OH02,Fisiologia do Trabalhador,MOD-0006,Termorregulação,Mecanismos de dissipação de calor,mecanismos-de-dissipacao-de-calor,mecanismos-de-dissipacao-de-calor,"[""T"", ""G"", ""P""]",candidate_for_atomization,"[""SRC-WHO-OH"", ""SRC-NIOSH-TWH""]"
TOPIC-00038,OH02,Fisiologia do Trabalhador,MOD-0006,Termorregulação,Sudorese e equilíbrio hídrico,sudorese-e-equilibrio-hidrico,sudorese-e-equilibrio-hidrico,"[""T"", ""G"", ""P""]",candidate_for_atomization,"[""SRC-WHO-OH"", ""SRC-NIOSH-TWH""]"
TOPIC-00039,OH02,Fisiologia do Trabalhador,MOD-0006,Termorregulação,Aclimatação ao calor,aclimatacao-ao-calor,aclimatacao-ao-calor,"[""T"", ""G"", ""P""]",candidate_for_atomization,"[""SRC-WHO-OH"", ""SRC-NIOSH-TWH""]"
TOPIC-00040,OH02,Fisiologia do Trabalhador,MOD-0006,Termorregulação,Desidratação ocupacional,desidratacao-ocupacional,desidratacao-ocupacional,"[""T"", ""G"", ""P""]",candidate_for_atomization,"[""SRC-WHO-OH"", ""SRC-NIOSH-TWH""]"
TOPIC-00041,OH02,Fisiologia do Trabalhador,MOD-0006,Termorregulação,Estresse térmico por calor,estresse-termico-por-calor,estresse-termico-por-calor,"[""T"", ""G"", ""P""]",candidate_for_atomization,"[""SRC-WHO-OH"", ""SRC-NIOSH-TWH""]"
TOPIC-00042,OH02,Fisiologia do Trabalhador,MOD-0006,Termorregulação,Estresse térmico por frio,estresse-termico-por-frio,estresse-termico-por-frio,"[""T"", ""G"", ""P""]",candidate_for_atomization,"[""SRC-WHO-OH"", ""SRC-NIOSH-TWH""]"
TOPIC-00043,OH02,Fisiologia do Trabalhador,MOD-0006,Termorregulação,Vestimentas e carga térmica,vestimentas-e-carga-termica,vestimentas-e-carga-termica,"[""T"", ""G"", ""P""]",candidate_for_atomization,"[""SRC-WHO-OH"", ""SRC-NIOSH-TWH""]"
TOPIC-00044,OH02,Fisiologia do Trabalhador,MOD-0007,Cronobiologia e fadiga,Ritmo circadiano,ritmo-circadiano,ritmo-circadiano,"[""T"", ""G"", ""P""]",candidate_for_atomization,"[""SRC-WHO-OH"", ""SRC-NIOSH-TWH""]"
TOPIC-00045,OH02,Fisiologia do Trabalhador,MOD-0007,Cronobiologia e fadiga,Trabalho noturno,trabalho-noturno,trabalho-noturno,"[""T"", ""G"", ""P""]",candidate_for_atomization,"[""SRC-WHO-OH"", ""SRC-NIOSH-TWH""]"
TOPIC-00046,OH02,Fisiologia do Trabalhador,MOD-0007,Cronobiologia e fadiga,Trabalho em turnos,trabalho-em-turnos,trabalho-em-turnos,"[""T"", ""G"", ""P""]",candidate_for_atomization,"[""SRC-WHO-OH"", ""SRC-NIOSH-TWH""]"
TOPIC-00047,OH02,Fisiologia do Trabalhador,MOD-0007,Cronobiologia e fadiga,Privação de sono,privacao-de-sono,privacao-de-sono,"[""T"", ""G"", ""P""]",candidate_for_atomization,"[""SRC-WHO-OH"", ""SRC-NIOSH-TWH""]"
TOPIC-00048,OH02,Fisiologia do Trabalhador,MOD-0007,Cronobiologia e fadiga,Sonolência e desempenho,sonolencia-e-desempenho,sonolencia-e-desempenho,"[""T"", ""G"", ""P""]",candidate_for_atomization,"[""SRC-WHO-OH"", ""SRC-NIOSH-TWH""]"
TOPIC-00049,OH02,Fisiologia do Trabalhador,MOD-0007,Cronobiologia e fadiga,Fadiga relacionada ao trabalho,fadiga-relacionada-ao-trabalho,fadiga-relacionada-ao-trabalho,"[""T"", ""G"", ""P""]",candidate_for_atomization,"[""SRC-WHO-OH"", ""SRC-NIOSH-TWH""]"
TOPIC-00050,OH02,Fisiologia do Trabalhador,MOD-0007,Cronobiologia e fadiga,Recuperação entre jornadas,recuperacao-entre-jornadas,recuperacao-entre-jornadas,"[""T"", ""G"", ""P""]",candidate_for_atomization,"[""SRC-WHO-OH"", ""SRC-NIOSH-TWH""]"
TOPIC-00051,OH02,Fisiologia do Trabalhador,MOD-0007,Cronobiologia e fadiga,Jet lag social e trabalho,jet-lag-social-e-trabalho,jet-lag-social-e-trabalho,"[""T"", ""G"", ""P""]",candidate_for_atomization,"[""SRC-WHO-OH"", ""SRC-NIOSH-TWH""]"
TOPIC-00052,OH02,Fisiologia do Trabalhador,MOD-0008,Capacidade funcional,Capacidade para o trabalho,capacidade-para-o-trabalho,capacidade-para-o-trabalho-oh02,"[""G"", ""P""]",candidate_for_atomization,"[""SRC-WHO-OH"", ""SRC-NIOSH-TWH""]"
TOPIC-00053,OH02,Fisiologia do Trabalhador,MOD-0008,Capacidade funcional,Envelhecimento e capacidade funcional,envelhecimento-e-capacidade-funcional,envelhecimento-e-capacidade-funcional,"[""G"", ""P""]",candidate_for_atomization,"[""SRC-WHO-OH"", ""SRC-NIOSH-TWH""]"
TOPIC-00054,OH02,Fisiologia do Trabalhador,MOD-0008,Capacidade funcional,Demandas físicas e funcionais do trabalho,demandas-fisicas-e-funcionais-do-trabalho,demandas-fisicas-e-funcionais-do-trabalho,"[""G"", ""P""]",candidate_for_atomization,"[""SRC-WHO-OH"", ""SRC-NIOSH-TWH""]"
TOPIC-00055,OH02,Fisiologia do Trabalhador,MOD-0008,Capacidade funcional,Aptidão funcional e limitações,aptidao-funcional-e-limitacoes,aptidao-funcional-e-limitacoes,"[""G"", ""P""]",candidate_for_atomization,"[""SRC-WHO-OH"", ""SRC-NIOSH-TWH""]"
TOPIC-00056,OH02,Fisiologia do Trabalhador,MOD-0008,Capacidade funcional,Adaptação do trabalho à capacidade funcional,adaptacao-do-trabalho-a-capacidade-funcional,adaptacao-do-trabalho-a-capacidade-funcional,"[""G"", ""P""]",candidate_for_atomization,"[""SRC-WHO-OH"", ""SRC-NIOSH-TWH""]"
TOPIC-00057,OH03,Sociologia e Organização do Trabalho,MOD-0009,Organização social do trabalho,Divisão social e técnica do trabalho,divisao-social-e-tecnica-do-trabalho,divisao-social-e-tecnica-do-trabalho,"[""G"", ""P""]",candidate_for_atomization,"[""SRC-WHO-OH"", ""SRC-ILO-OSH""]"
TOPIC-00058,OH03,Sociologia e Organização do Trabalho,MOD-0009,Organização social do trabalho,Taylorismo e fordismo,taylorismo-e-fordismo,taylorismo-e-fordismo,"[""G"", ""P""]",candidate_for_atomization,"[""SRC-WHO-OH"", ""SRC-ILO-OSH""]"
TOPIC-00059,OH03,Sociologia e Organização do Trabalho,MOD-0009,Organização social do trabalho,Toyotismo e produção enxuta,toyotismo-e-producao-enxuta,toyotismo-e-producao-enxuta,"[""G"", ""P""]",candidate_for_atomization,"[""SRC-WHO-OH"", ""SRC-ILO-OSH""]"
TOPIC-00060,OH03,Sociologia e Organização do Trabalho,MOD-0009,Organização social do trabalho,Terceirização e trabalho,terceirizacao-e-trabalho,terceirizacao-e-trabalho,"[""G"", ""P""]",candidate_for_atomization,"[""SRC-WHO-OH"", ""SRC-ILO-OSH""]"
TOPIC-00061,OH03,Sociologia e Organização do Trabalho,MOD-0009,Organização social do trabalho,Precarização do trabalho,precarizacao-do-trabalho,precarizacao-do-trabalho,"[""G"", ""P""]",candidate_for_atomization,"[""SRC-WHO-OH"", ""SRC-ILO-OSH""]"
TOPIC-00062,OH03,Sociologia e Organização do Trabalho,MOD-0009,Organização social do trabalho,Economia de plataformas,economia-de-plataformas,economia-de-plataformas,"[""G"", ""P""]",candidate_for_atomization,"[""SRC-WHO-OH"", ""SRC-ILO-OSH""]"
TOPIC-00063,OH03,Sociologia e Organização do Trabalho,MOD-0009,Organização social do trabalho,Teletrabalho e trabalho híbrido,teletrabalho-e-trabalho-hibrido,teletrabalho-e-trabalho-hibrido,"[""G"", ""P""]",candidate_for_atomization,"[""SRC-WHO-OH"", ""SRC-ILO-OSH""]"
TOPIC-00064,OH03,Sociologia e Organização do Trabalho,MOD-0009,Organização social do trabalho,Trabalho invisível e cuidado,trabalho-invisivel-e-cuidado,trabalho-invisivel-e-cuidado,"[""G"", ""P""]",candidate_for_atomization,"[""SRC-WHO-OH"", ""SRC-ILO-OSH""]"
TOPIC-00065,OH03,Sociologia e Organização do Trabalho,MOD-0010,Desigualdades e trabalho,Gênero e trabalho,genero-e-trabalho,genero-e-trabalho,"[""G"", ""P""]",candidate_for_atomization,"[""SRC-WHO-OH"", ""SRC-ILO-OSH""]"
TOPIC-00066,OH03,Sociologia e Organização do Trabalho,MOD-0010,Desigualdades e trabalho,"Raça, desigualdade e trabalho",raca-desigualdade-e-trabalho,raca-desigualdade-e-trabalho,"[""G"", ""P""]",candidate_for_atomization,"[""SRC-WHO-OH"", ""SRC-ILO-OSH""]"
TOPIC-00067,OH03,Sociologia e Organização do Trabalho,MOD-0010,Desigualdades e trabalho,Idade e etarismo no trabalho,idade-e-etarismo-no-trabalho,idade-e-etarismo-no-trabalho,"[""G"", ""P""]",candidate_for_atomization,"[""SRC-WHO-OH"", ""SRC-ILO-OSH""]"
TOPIC-00068,OH03,Sociologia e Organização do Trabalho,MOD-0010,Desigualdades e trabalho,Pessoa com deficiência e trabalho,pessoa-com-deficiencia-e-trabalho,pessoa-com-deficiencia-e-trabalho,"[""G"", ""P""]",candidate_for_atomization,"[""SRC-WHO-OH"", ""SRC-ILO-OSH""]"
TOPIC-00069,OH03,Sociologia e Organização do Trabalho,MOD-0010,Desigualdades e trabalho,Migração e trabalho,migracao-e-trabalho,migracao-e-trabalho,"[""G"", ""P""]",candidate_for_atomization,"[""SRC-WHO-OH"", ""SRC-ILO-OSH""]"
TOPIC-00070,OH03,Sociologia e Organização do Trabalho,MOD-0010,Desigualdades e trabalho,Vulnerabilidade social e trabalho,vulnerabilidade-social-e-trabalho,vulnerabilidade-social-e-trabalho,"[""G"", ""P""]",candidate_for_atomization,"[""SRC-WHO-OH"", ""SRC-ILO-OSH""]"
TOPIC-00071,OH03,Sociologia e Organização do Trabalho,MOD-0010,Desigualdades e trabalho,Informalidade e proteção social,informalidade-e-protecao-social,informalidade-e-protecao-social,"[""G"", ""P""]",candidate_for_atomization,"[""SRC-WHO-OH"", ""SRC-ILO-OSH""]"
TOPIC-00072,OH03,Sociologia e Organização do Trabalho,MOD-0011,Cultura e clima organizacional,Cultura organizacional e saúde,cultura-organizacional-e-saude,cultura-organizacional-e-saude,"[""G"", ""P""]",candidate_for_atomization,"[""SRC-WHO-OH"", ""SRC-ILO-OSH""]"
TOPIC-00073,OH03,Sociologia e Organização do Trabalho,MOD-0011,Cultura e clima organizacional,Clima de segurança,clima-de-seguranca,clima-de-seguranca,"[""G"", ""P""]",candidate_for_atomization,"[""SRC-WHO-OH"", ""SRC-ILO-OSH""]"
TOPIC-00074,OH03,Sociologia e Organização do Trabalho,MOD-0011,Cultura e clima organizacional,Participação dos trabalhadores,participacao-dos-trabalhadores,participacao-dos-trabalhadores,"[""G"", ""P""]",candidate_for_atomization,"[""SRC-WHO-OH"", ""SRC-ILO-OSH""]"
TOPIC-00075,OH03,Sociologia e Organização do Trabalho,MOD-0011,Cultura e clima organizacional,Comunicação organizacional,comunicacao-organizacional,comunicacao-organizacional,"[""G"", ""P""]",candidate_for_atomization,"[""SRC-WHO-OH"", ""SRC-ILO-OSH""]"
TOPIC-00076,OH03,Sociologia e Organização do Trabalho,MOD-0011,Cultura e clima organizacional,Justiça organizacional,justica-organizacional,justica-organizacional,"[""G"", ""P""]",candidate_for_atomization,"[""SRC-WHO-OH"", ""SRC-ILO-OSH""]"
TOPIC-00077,OH03,Sociologia e Organização do Trabalho,MOD-0011,Cultura e clima organizacional,Confiança e segurança psicológica,confianca-e-seguranca-psicologica,confianca-e-seguranca-psicologica,"[""G"", ""P""]",candidate_for_atomization,"[""SRC-WHO-OH"", ""SRC-ILO-OSH""]"
TOPIC-00078,OH04,Epidemiologia Ocupacional,MOD-0012,Fundamentos epidemiológicos,População e população trabalhadora,populacao-e-populacao-trabalhadora,populacao-e-populacao-trabalhadora,"[""T"", ""G"", ""P""]",candidate_for_atomization,"[""SRC-MS-VISAT"", ""SRC-MS-LDRT"", ""SRC-WHO-OH""]"
TOPIC-00079,OH04,Epidemiologia Ocupacional,MOD-0012,Fundamentos epidemiológicos,Incidência e prevalência,incidencia-e-prevalencia,incidencia-e-prevalencia,"[""T"", ""G"", ""P""]",candidate_for_atomization,"[""SRC-MS-VISAT"", ""SRC-MS-LDRT"", ""SRC-WHO-OH""]"
TOPIC-00080,OH04,Epidemiologia Ocupacional,MOD-0012,Fundamentos epidemiológicos,Morbidade e mortalidade ocupacional,morbidade-e-mortalidade-ocupacional,morbidade-e-mortalidade-ocupacional,"[""T"", ""G"", ""P""]",candidate_for_atomization,"[""SRC-MS-VISAT"", ""SRC-MS-LDRT"", ""SRC-WHO-OH""]"
TOPIC-00081,OH04,Epidemiologia Ocupacional,MOD-0012,Fundamentos epidemiológicos,"Risco, taxa e razão",risco-taxa-e-razao,risco-taxa-e-razao,"[""T"", ""G"", ""P""]",candidate_for_atomization,"[""SRC-MS-VISAT"", ""SRC-MS-LDRT"", ""SRC-WHO-OH""]"
TOPIC-00082,OH04,Epidemiologia Ocupacional,MOD-0012,Fundamentos epidemiológicos,Exposição e desfecho,exposicao-e-desfecho,exposicao-e-desfecho,"[""T"", ""G"", ""P""]",candidate_for_atomization,"[""SRC-MS-VISAT"", ""SRC-MS-LDRT"", ""SRC-WHO-OH""]"
TOPIC-00083,OH04,Epidemiologia Ocupacional,MOD-0012,Fundamentos epidemiológicos,Tempo de latência,tempo-de-latencia,tempo-de-latencia,"[""T"", ""G"", ""P""]",candidate_for_atomization,"[""SRC-MS-VISAT"", ""SRC-MS-LDRT"", ""SRC-WHO-OH""]"
TOPIC-00084,OH04,Epidemiologia Ocupacional,MOD-0012,Fundamentos epidemiológicos,Nexo e causalidade,nexo-e-causalidade,nexo-e-causalidade,"[""T"", ""G"", ""P""]",candidate_for_atomization,"[""SRC-MS-VISAT"", ""SRC-MS-LDRT"", ""SRC-WHO-OH""]"
TOPIC-00085,OH04,Epidemiologia Ocupacional,MOD-0013,Desenhos de estudo,Estudo transversal em saúde ocupacional,estudo-transversal-em-saude-ocupacional,estudo-transversal-em-saude-ocupacional,"[""G"", ""P""]",candidate_for_atomization,"[""SRC-MS-VISAT"", ""SRC-MS-LDRT"", ""SRC-WHO-OH""]"
TOPIC-00086,OH04,Epidemiologia Ocupacional,MOD-0013,Desenhos de estudo,Estudo de coorte ocupacional,estudo-de-coorte-ocupacional,estudo-de-coorte-ocupacional,"[""G"", ""P""]",candidate_for_atomization,"[""SRC-MS-VISAT"", ""SRC-MS-LDRT"", ""SRC-WHO-OH""]"
TOPIC-00087,OH04,Epidemiologia Ocupacional,MOD-0013,Desenhos de estudo,Estudo caso-controle ocupacional,estudo-caso-controle-ocupacional,estudo-caso-controle-ocupacional,"[""G"", ""P""]",candidate_for_atomization,"[""SRC-MS-VISAT"", ""SRC-MS-LDRT"", ""SRC-WHO-OH""]"
TOPIC-00088,OH04,Epidemiologia Ocupacional,MOD-0013,Desenhos de estudo,Estudo ecológico e trabalho,estudo-ecologico-e-trabalho,estudo-ecologico-e-trabalho,"[""G"", ""P""]",candidate_for_atomization,"[""SRC-MS-VISAT"", ""SRC-MS-LDRT"", ""SRC-WHO-OH""]"
TOPIC-00089,OH04,Epidemiologia Ocupacional,MOD-0013,Desenhos de estudo,Séries temporais em saúde do trabalhador,series-temporais-em-saude-do-trabalhador,series-temporais-em-saude-do-trabalhador,"[""G"", ""P""]",candidate_for_atomization,"[""SRC-MS-VISAT"", ""SRC-MS-LDRT"", ""SRC-WHO-OH""]"
TOPIC-00090,OH04,Epidemiologia Ocupacional,MOD-0013,Desenhos de estudo,Vigilância sentinela,vigilancia-sentinela,vigilancia-sentinela,"[""G"", ""P""]",candidate_for_atomization,"[""SRC-MS-VISAT"", ""SRC-MS-LDRT"", ""SRC-WHO-OH""]"
TOPIC-00091,OH04,Epidemiologia Ocupacional,MOD-0014,Causalidade e validade,Viés de seleção,vies-de-selecao,vies-de-selecao,"[""G"", ""P""]",candidate_for_atomization,"[""SRC-MS-VISAT"", ""SRC-MS-LDRT"", ""SRC-WHO-OH""]"
TOPIC-00092,OH04,Epidemiologia Ocupacional,MOD-0014,Causalidade e validade,Viés de informação,vies-de-informacao,vies-de-informacao,"[""G"", ""P""]",candidate_for_atomization,"[""SRC-MS-VISAT"", ""SRC-MS-LDRT"", ""SRC-WHO-OH""]"
TOPIC-00093,OH04,Epidemiologia Ocupacional,MOD-0014,Causalidade e validade,Confundimento,confundimento,confundimento,"[""G"", ""P""]",candidate_for_atomization,"[""SRC-MS-VISAT"", ""SRC-MS-LDRT"", ""SRC-WHO-OH""]"
TOPIC-00094,OH04,Epidemiologia Ocupacional,MOD-0014,Causalidade e validade,Modificação de efeito,modificacao-de-efeito,modificacao-de-efeito,"[""G"", ""P""]",candidate_for_atomization,"[""SRC-MS-VISAT"", ""SRC-MS-LDRT"", ""SRC-WHO-OH""]"
TOPIC-00095,OH04,Epidemiologia Ocupacional,MOD-0014,Causalidade e validade,Efeito trabalhador saudável,efeito-trabalhador-saudavel,efeito-trabalhador-saudavel,"[""G"", ""P""]",candidate_for_atomization,"[""SRC-MS-VISAT"", ""SRC-MS-LDRT"", ""SRC-WHO-OH""]"
TOPIC-00096,OH04,Epidemiologia Ocupacional,MOD-0014,Causalidade e validade,Causalidade em doenças relacionadas ao trabalho,causalidade-em-doencas-relacionadas-ao-trabalho,causalidade-em-doencas-relacionadas-ao-trabalho,"[""G"", ""P""]",candidate_for_atomization,"[""SRC-MS-VISAT"", ""SRC-MS-LDRT"", ""SRC-WHO-OH""]"
TOPIC-00097,OH04,Epidemiologia Ocupacional,MOD-0014,Causalidade e validade,Triangulação de evidências,triangulacao-de-evidencias,triangulacao-de-evidencias,"[""G"", ""P""]",candidate_for_atomization,"[""SRC-MS-VISAT"", ""SRC-MS-LDRT"", ""SRC-WHO-OH""]"
TOPIC-00098,OH04,Epidemiologia Ocupacional,MOD-0015,Epidemiologia aplicada,Investigação de surtos ocupacionais,investigacao-de-surtos-ocupacionais,investigacao-de-surtos-ocupacionais,"[""G"", ""P""]",candidate_for_atomization,"[""SRC-MS-VISAT"", ""SRC-MS-LDRT"", ""SRC-WHO-OH""]"
TOPIC-00099,OH04,Epidemiologia Ocupacional,MOD-0015,Epidemiologia aplicada,Clusters de doença em trabalhadores,clusters-de-doenca-em-trabalhadores,clusters-de-doenca-em-trabalhadores,"[""G"", ""P""]",candidate_for_atomization,"[""SRC-MS-VISAT"", ""SRC-MS-LDRT"", ""SRC-WHO-OH""]"
TOPIC-00100,OH04,Epidemiologia Ocupacional,MOD-0015,Epidemiologia aplicada,Epidemiologia de acidentes de trabalho,epidemiologia-de-acidentes-de-trabalho,epidemiologia-de-acidentes-de-trabalho,"[""G"", ""P""]",candidate_for_atomization,"[""SRC-MS-VISAT"", ""SRC-MS-LDRT"", ""SRC-WHO-OH""]"
TOPIC-00101,OH04,Epidemiologia Ocupacional,MOD-0015,Epidemiologia aplicada,Epidemiologia do absenteísmo,epidemiologia-do-absenteismo,epidemiologia-do-absenteismo,"[""G"", ""P""]",candidate_for_atomization,"[""SRC-MS-VISAT"", ""SRC-MS-LDRT"", ""SRC-WHO-OH""]"
TOPIC-00102,OH04,Epidemiologia Ocupacional,MOD-0015,Epidemiologia aplicada,Epidemiologia de LER/DORT,epidemiologia-de-ler-dort,epidemiologia-de-ler-dort,"[""G"", ""P""]",candidate_for_atomization,"[""SRC-MS-VISAT"", ""SRC-MS-LDRT"", ""SRC-WHO-OH""]"
TOPIC-00103,OH04,Epidemiologia Ocupacional,MOD-0015,Epidemiologia aplicada,Epidemiologia da perda auditiva,epidemiologia-da-perda-auditiva,epidemiologia-da-perda-auditiva,"[""G"", ""P""]",candidate_for_atomization,"[""SRC-MS-VISAT"", ""SRC-MS-LDRT"", ""SRC-WHO-OH""]"
TOPIC-00104,OH04,Epidemiologia Ocupacional,MOD-0015,Epidemiologia aplicada,Epidemiologia de transtornos mentais relacionados ao trabalho,epidemiologia-de-transtornos-mentais-relacionados-ao-trabalho,epidemiologia-de-transtornos-mentais-relacionados-ao-trabalho,"[""G"", ""P""]",candidate_for_atomization,"[""SRC-MS-VISAT"", ""SRC-MS-LDRT"", ""SRC-WHO-OH""]"
TOPIC-00105,OH05,Bioestatística e Ciência de Dados em Saúde Ocupacional,MOD-0016,Estatística descritiva,Variáveis qualitativas e quantitativas,variaveis-qualitativas-e-quantitativas,variaveis-qualitativas-e-quantitativas,"[""T"", ""G"", ""P""]",candidate_for_atomization,"[""SRC-MS-VISAT"", ""SRC-ESOCIAL-DOC""]"
TOPIC-00106,OH05,Bioestatística e Ciência de Dados em Saúde Ocupacional,MOD-0016,Estatística descritiva,"Média, mediana e moda",media-mediana-e-moda,media-mediana-e-moda,"[""T"", ""G"", ""P""]",candidate_for_atomization,"[""SRC-MS-VISAT"", ""SRC-ESOCIAL-DOC""]"
TOPIC-00107,OH05,Bioestatística e Ciência de Dados em Saúde Ocupacional,MOD-0016,Estatística descritiva,Dispersão e desvio padrão,dispersao-e-desvio-padrao,dispersao-e-desvio-padrao,"[""T"", ""G"", ""P""]",candidate_for_atomization,"[""SRC-MS-VISAT"", ""SRC-ESOCIAL-DOC""]"
TOPIC-00108,OH05,Bioestatística e Ciência de Dados em Saúde Ocupacional,MOD-0016,Estatística descritiva,Percentis e distribuição,percentis-e-distribuicao,percentis-e-distribuicao,"[""T"", ""G"", ""P""]",candidate_for_atomization,"[""SRC-MS-VISAT"", ""SRC-ESOCIAL-DOC""]"
TOPIC-00109,OH05,Bioestatística e Ciência de Dados em Saúde Ocupacional,MOD-0016,Estatística descritiva,Tabelas e gráficos,tabelas-e-graficos,tabelas-e-graficos,"[""T"", ""G"", ""P""]",candidate_for_atomization,"[""SRC-MS-VISAT"", ""SRC-ESOCIAL-DOC""]"
TOPIC-00110,OH05,Bioestatística e Ciência de Dados em Saúde Ocupacional,MOD-0016,Estatística descritiva,Taxas e proporções ocupacionais,taxas-e-proporcoes-ocupacionais,taxas-e-proporcoes-ocupacionais,"[""T"", ""G"", ""P""]",candidate_for_atomization,"[""SRC-MS-VISAT"", ""SRC-ESOCIAL-DOC""]"
TOPIC-00111,OH05,Bioestatística e Ciência de Dados em Saúde Ocupacional,MOD-0017,Inferência estatística,Amostragem,amostragem,amostragem,"[""G"", ""P""]",candidate_for_atomization,"[""SRC-MS-VISAT"", ""SRC-ESOCIAL-DOC""]"
TOPIC-00112,OH05,Bioestatística e Ciência de Dados em Saúde Ocupacional,MOD-0017,Inferência estatística,Intervalo de confiança,intervalo-de-confianca,intervalo-de-confianca,"[""G"", ""P""]",candidate_for_atomization,"[""SRC-MS-VISAT"", ""SRC-ESOCIAL-DOC""]"
TOPIC-00113,OH05,Bioestatística e Ciência de Dados em Saúde Ocupacional,MOD-0017,Inferência estatística,Teste de hipótese,teste-de-hipotese,teste-de-hipotese,"[""G"", ""P""]",candidate_for_atomization,"[""SRC-MS-VISAT"", ""SRC-ESOCIAL-DOC""]"
TOPIC-00114,OH05,Bioestatística e Ciência de Dados em Saúde Ocupacional,MOD-0017,Inferência estatística,Erro tipo I e tipo II,erro-tipo-i-e-tipo-ii,erro-tipo-i-e-tipo-ii,"[""G"", ""P""]",candidate_for_atomization,"[""SRC-MS-VISAT"", ""SRC-ESOCIAL-DOC""]"
TOPIC-00115,OH05,Bioestatística e Ciência de Dados em Saúde Ocupacional,MOD-0017,Inferência estatística,P-valor e interpretação,p-valor-e-interpretacao,p-valor-e-interpretacao,"[""G"", ""P""]",candidate_for_atomization,"[""SRC-MS-VISAT"", ""SRC-ESOCIAL-DOC""]"
TOPIC-00116,OH05,Bioestatística e Ciência de Dados em Saúde Ocupacional,MOD-0017,Inferência estatística,Tamanho de efeito,tamanho-de-efeito,tamanho-de-efeito,"[""G"", ""P""]",candidate_for_atomization,"[""SRC-MS-VISAT"", ""SRC-ESOCIAL-DOC""]"
TOPIC-00117,OH05,Bioestatística e Ciência de Dados em Saúde Ocupacional,MOD-0017,Inferência estatística,Correlação e regressão introdutória,correlacao-e-regressao-introdutoria,correlacao-e-regressao-introdutoria,"[""G"", ""P""]",candidate_for_atomization,"[""SRC-MS-VISAT"", ""SRC-ESOCIAL-DOC""]"
TOPIC-00118,OH05,Bioestatística e Ciência de Dados em Saúde Ocupacional,MOD-0018,Indicadores ocupacionais,Taxa de frequência de acidentes,taxa-de-frequencia-de-acidentes,taxa-de-frequencia-de-acidentes,"[""T"", ""G"", ""P""]",candidate_for_atomization,"[""SRC-MS-VISAT"", ""SRC-ESOCIAL-DOC""]"
TOPIC-00119,OH05,Bioestatística e Ciência de Dados em Saúde Ocupacional,MOD-0018,Indicadores ocupacionais,Taxa de gravidade,taxa-de-gravidade,taxa-de-gravidade,"[""T"", ""G"", ""P""]",candidate_for_atomization,"[""SRC-MS-VISAT"", ""SRC-ESOCIAL-DOC""]"
TOPIC-00120,OH05,Bioestatística e Ciência de Dados em Saúde Ocupacional,MOD-0018,Indicadores ocupacionais,Dias perdidos,dias-perdidos,dias-perdidos,"[""T"", ""G"", ""P""]",candidate_for_atomization,"[""SRC-MS-VISAT"", ""SRC-ESOCIAL-DOC""]"
TOPIC-00121,OH05,Bioestatística e Ciência de Dados em Saúde Ocupacional,MOD-0018,Indicadores ocupacionais,Absenteísmo,absenteismo,absenteismo,"[""T"", ""G"", ""P""]",candidate_for_atomization,"[""SRC-MS-VISAT"", ""SRC-ESOCIAL-DOC""]"
TOPIC-00122,OH05,Bioestatística e Ciência de Dados em Saúde Ocupacional,MOD-0018,Indicadores ocupacionais,Presenteísmo,presenteismo,presenteismo-oh05,"[""T"", ""G"", ""P""]",candidate_for_atomization,"[""SRC-MS-VISAT"", ""SRC-ESOCIAL-DOC""]"
TOPIC-00123,OH05,Bioestatística e Ciência de Dados em Saúde Ocupacional,MOD-0018,Indicadores ocupacionais,Cobertura de exames ocupacionais,cobertura-de-exames-ocupacionais,cobertura-de-exames-ocupacionais,"[""T"", ""G"", ""P""]",candidate_for_atomization,"[""SRC-MS-VISAT"", ""SRC-ESOCIAL-DOC""]"
TOPIC-00124,OH05,Bioestatística e Ciência de Dados em Saúde Ocupacional,MOD-0018,Indicadores ocupacionais,Cobertura vacinal ocupacional,cobertura-vacinal-ocupacional,cobertura-vacinal-ocupacional,"[""T"", ""G"", ""P""]",candidate_for_atomization,"[""SRC-MS-VISAT"", ""SRC-ESOCIAL-DOC""]"
TOPIC-00125,OH05,Bioestatística e Ciência de Dados em Saúde Ocupacional,MOD-0018,Indicadores ocupacionais,Adesão a programas de saúde,adesao-a-programas-de-saude,adesao-a-programas-de-saude,"[""T"", ""G"", ""P""]",candidate_for_atomization,"[""SRC-MS-VISAT"", ""SRC-ESOCIAL-DOC""]"
TOPIC-00126,OH05,Bioestatística e Ciência de Dados em Saúde Ocupacional,MOD-0018,Indicadores ocupacionais,Indicadores de afastamento,indicadores-de-afastamento,indicadores-de-afastamento,"[""T"", ""G"", ""P""]",candidate_for_atomization,"[""SRC-MS-VISAT"", ""SRC-ESOCIAL-DOC""]"
TOPIC-00127,OH05,Bioestatística e Ciência de Dados em Saúde Ocupacional,MOD-0019,Analytics e qualidade de dados,Qualidade de dados em SST,qualidade-de-dados-em-sst,qualidade-de-dados-em-sst,"[""G"", ""P""]",candidate_for_atomization,"[""SRC-MS-VISAT"", ""SRC-ESOCIAL-DOC""]"
TOPIC-00128,OH05,Bioestatística e Ciência de Dados em Saúde Ocupacional,MOD-0019,Analytics e qualidade de dados,Completude e consistência,completude-e-consistencia,completude-e-consistencia,"[""G"", ""P""]",candidate_for_atomization,"[""SRC-MS-VISAT"", ""SRC-ESOCIAL-DOC""]"
TOPIC-00129,OH05,Bioestatística e Ciência de Dados em Saúde Ocupacional,MOD-0019,Analytics e qualidade de dados,Deduplicação,deduplicacao,deduplicacao,"[""G"", ""P""]",candidate_for_atomization,"[""SRC-MS-VISAT"", ""SRC-ESOCIAL-DOC""]"
TOPIC-00130,OH05,Bioestatística e Ciência de Dados em Saúde Ocupacional,MOD-0019,Analytics e qualidade de dados,Dicionário de dados,dicionario-de-dados,dicionario-de-dados,"[""G"", ""P""]",candidate_for_atomization,"[""SRC-MS-VISAT"", ""SRC-ESOCIAL-DOC""]"
TOPIC-00131,OH05,Bioestatística e Ciência de Dados em Saúde Ocupacional,MOD-0019,Analytics e qualidade de dados,Dashboard de saúde ocupacional,dashboard-de-saude-ocupacional,dashboard-de-saude-ocupacional,"[""G"", ""P""]",candidate_for_atomization,"[""SRC-MS-VISAT"", ""SRC-ESOCIAL-DOC""]"
TOPIC-00132,OH05,Bioestatística e Ciência de Dados em Saúde Ocupacional,MOD-0019,Analytics e qualidade de dados,Visualização de dados,visualizacao-de-dados,visualizacao-de-dados,"[""G"", ""P""]",candidate_for_atomization,"[""SRC-MS-VISAT"", ""SRC-ESOCIAL-DOC""]"
TOPIC-00133,OH05,Bioestatística e Ciência de Dados em Saúde Ocupacional,MOD-0019,Analytics e qualidade de dados,Séries temporais de indicadores,series-temporais-de-indicadores,series-temporais-de-indicadores,"[""G"", ""P""]",candidate_for_atomization,"[""SRC-MS-VISAT"", ""SRC-ESOCIAL-DOC""]"
TOPIC-00134,OH05,Bioestatística e Ciência de Dados em Saúde Ocupacional,MOD-0019,Analytics e qualidade de dados,Ética e governança de dados,etica-e-governanca-de-dados,etica-e-governanca-de-dados,"[""G"", ""P""]",candidate_for_atomization,"[""SRC-MS-VISAT"", ""SRC-ESOCIAL-DOC""]"
TOPIC-00135,OH06,Higiene Ocupacional,MOD-0020,Fundamentos de higiene ocupacional,Higiene ocupacional,higiene-ocupacional,higiene-ocupacional,"[""T"", ""G"", ""P""]",candidate_for_atomization,"[""SRC-FUNDACENTRO-NHO"", ""SRC-NIOSH-HOC"", ""SRC-MTE-NR01"", ""SRC-MTE-NR06""]"
TOPIC-00136,OH06,Higiene Ocupacional,MOD-0020,Fundamentos de higiene ocupacional,"Perigo, risco e exposição",perigo-risco-e-exposicao,perigo-risco-e-exposicao,"[""T"", ""G"", ""P""]",candidate_for_atomization,"[""SRC-FUNDACENTRO-NHO"", ""SRC-NIOSH-HOC"", ""SRC-MTE-NR01"", ""SRC-MTE-NR06""]"
TOPIC-00137,OH06,Higiene Ocupacional,MOD-0020,Fundamentos de higiene ocupacional,"Fonte, trajetória e receptor",fonte-trajetoria-e-receptor,fonte-trajetoria-e-receptor,"[""T"", ""G"", ""P""]",candidate_for_atomization,"[""SRC-FUNDACENTRO-NHO"", ""SRC-NIOSH-HOC"", ""SRC-MTE-NR01"", ""SRC-MTE-NR06""]"
TOPIC-00138,OH06,Higiene Ocupacional,MOD-0020,Fundamentos de higiene ocupacional,Vias de exposição,vias-de-exposicao,vias-de-exposicao,"[""T"", ""G"", ""P""]",candidate_for_atomization,"[""SRC-FUNDACENTRO-NHO"", ""SRC-NIOSH-HOC"", ""SRC-MTE-NR01"", ""SRC-MTE-NR06""]"
TOPIC-00139,OH06,Higiene Ocupacional,MOD-0020,Fundamentos de higiene ocupacional,Grupo homogêneo de exposição,grupo-homogeneo-de-exposicao,grupo-homogeneo-de-exposicao,"[""T"", ""G"", ""P""]",candidate_for_atomization,"[""SRC-FUNDACENTRO-NHO"", ""SRC-NIOSH-HOC"", ""SRC-MTE-NR01"", ""SRC-MTE-NR06""]"
TOPIC-00140,OH06,Higiene Ocupacional,MOD-0020,Fundamentos de higiene ocupacional,Caracterização básica,caracterizacao-basica,caracterizacao-basica,"[""T"", ""G"", ""P""]",candidate_for_atomization,"[""SRC-FUNDACENTRO-NHO"", ""SRC-NIOSH-HOC"", ""SRC-MTE-NR01"", ""SRC-MTE-NR06""]"
TOPIC-00141,OH06,Higiene Ocupacional,MOD-0020,Fundamentos de higiene ocupacional,Avaliação qualitativa,avaliacao-qualitativa,avaliacao-qualitativa,"[""T"", ""G"", ""P""]",candidate_for_atomization,"[""SRC-FUNDACENTRO-NHO"", ""SRC-NIOSH-HOC"", ""SRC-MTE-NR01"", ""SRC-MTE-NR06""]"
TOPIC-00142,OH06,Higiene Ocupacional,MOD-0020,Fundamentos de higiene ocupacional,Avaliação quantitativa,avaliacao-quantitativa,avaliacao-quantitativa,"[""T"", ""G"", ""P""]",candidate_for_atomization,"[""SRC-FUNDACENTRO-NHO"", ""SRC-NIOSH-HOC"", ""SRC-MTE-NR01"", ""SRC-MTE-NR06""]"
TOPIC-00143,OH06,Higiene Ocupacional,MOD-0021,Estratégia de avaliação,Planejamento da avaliação de exposição,planejamento-da-avaliacao-de-exposicao,planejamento-da-avaliacao-de-exposicao,"[""G"", ""P""]",candidate_for_atomization,"[""SRC-FUNDACENTRO-NHO"", ""SRC-NIOSH-HOC"", ""SRC-MTE-NR01"", ""SRC-MTE-NR06""]"
TOPIC-00144,OH06,Higiene Ocupacional,MOD-0021,Estratégia de avaliação,Amostragem pessoal e ambiental,amostragem-pessoal-e-ambiental,amostragem-pessoal-e-ambiental,"[""G"", ""P""]",candidate_for_atomization,"[""SRC-FUNDACENTRO-NHO"", ""SRC-NIOSH-HOC"", ""SRC-MTE-NR01"", ""SRC-MTE-NR06""]"
TOPIC-00145,OH06,Higiene Ocupacional,MOD-0021,Estratégia de avaliação,Incerteza de medição,incerteza-de-medicao,incerteza-de-medicao,"[""G"", ""P""]",candidate_for_atomization,"[""SRC-FUNDACENTRO-NHO"", ""SRC-NIOSH-HOC"", ""SRC-MTE-NR01"", ""SRC-MTE-NR06""]"
TOPIC-00146,OH06,Higiene Ocupacional,MOD-0021,Estratégia de avaliação,Representatividade da amostra,representatividade-da-amostra,representatividade-da-amostra,"[""G"", ""P""]",candidate_for_atomization,"[""SRC-FUNDACENTRO-NHO"", ""SRC-NIOSH-HOC"", ""SRC-MTE-NR01"", ""SRC-MTE-NR06""]"
TOPIC-00147,OH06,Higiene Ocupacional,MOD-0021,Estratégia de avaliação,Jornada e tempo de exposição,jornada-e-tempo-de-exposicao,jornada-e-tempo-de-exposicao,"[""G"", ""P""]",candidate_for_atomization,"[""SRC-FUNDACENTRO-NHO"", ""SRC-NIOSH-HOC"", ""SRC-MTE-NR01"", ""SRC-MTE-NR06""]"
TOPIC-00148,OH06,Higiene Ocupacional,MOD-0021,Estratégia de avaliação,Estatística de exposição ocupacional,estatistica-de-exposicao-ocupacional,estatistica-de-exposicao-ocupacional,"[""G"", ""P""]",candidate_for_atomization,"[""SRC-FUNDACENTRO-NHO"", ""SRC-NIOSH-HOC"", ""SRC-MTE-NR01"", ""SRC-MTE-NR06""]"
TOPIC-00149,OH06,Higiene Ocupacional,MOD-0021,Estratégia de avaliação,Interpretação de resultados,interpretacao-de-resultados,interpretacao-de-resultados,"[""G"", ""P""]",candidate_for_atomization,"[""SRC-FUNDACENTRO-NHO"", ""SRC-NIOSH-HOC"", ""SRC-MTE-NR01"", ""SRC-MTE-NR06""]"
TOPIC-00150,OH06,Higiene Ocupacional,MOD-0021,Estratégia de avaliação,Controle de qualidade da medição,controle-de-qualidade-da-medicao,controle-de-qualidade-da-medicao,"[""G"", ""P""]",candidate_for_atomization,"[""SRC-FUNDACENTRO-NHO"", ""SRC-NIOSH-HOC"", ""SRC-MTE-NR01"", ""SRC-MTE-NR06""]"
TOPIC-00151,OH06,Higiene Ocupacional,MOD-0022,Controle da exposição,Hierarquia de controles,hierarquia-de-controles,hierarquia-de-controles,"[""T"", ""G"", ""P""]",candidate_for_atomization,"[""SRC-FUNDACENTRO-NHO"", ""SRC-NIOSH-HOC"", ""SRC-MTE-NR01"", ""SRC-MTE-NR06""]"
TOPIC-00152,OH06,Higiene Ocupacional,MOD-0022,Controle da exposição,Eliminação de perigos,eliminacao-de-perigos,eliminacao-de-perigos,"[""T"", ""G"", ""P""]",candidate_for_atomization,"[""SRC-FUNDACENTRO-NHO"", ""SRC-NIOSH-HOC"", ""SRC-MTE-NR01"", ""SRC-MTE-NR06""]"
TOPIC-00153,OH06,Higiene Ocupacional,MOD-0022,Controle da exposição,Substituição de agentes,substituicao-de-agentes,substituicao-de-agentes,"[""T"", ""G"", ""P""]",candidate_for_atomization,"[""SRC-FUNDACENTRO-NHO"", ""SRC-NIOSH-HOC"", ""SRC-MTE-NR01"", ""SRC-MTE-NR06""]"
TOPIC-00154,OH06,Higiene Ocupacional,MOD-0022,Controle da exposição,Controles de engenharia,controles-de-engenharia,controles-de-engenharia,"[""T"", ""G"", ""P""]",candidate_for_atomization,"[""SRC-FUNDACENTRO-NHO"", ""SRC-NIOSH-HOC"", ""SRC-MTE-NR01"", ""SRC-MTE-NR06""]"
TOPIC-00155,OH06,Higiene Ocupacional,MOD-0022,Controle da exposição,Controles administrativos,controles-administrativos,controles-administrativos,"[""T"", ""G"", ""P""]",candidate_for_atomization,"[""SRC-FUNDACENTRO-NHO"", ""SRC-NIOSH-HOC"", ""SRC-MTE-NR01"", ""SRC-MTE-NR06""]"
TOPIC-00156,OH06,Higiene Ocupacional,MOD-0022,Controle da exposição,Equipamento de proteção individual,equipamento-de-protecao-individual,equipamento-de-protecao-individual,"[""T"", ""G"", ""P""]",candidate_for_atomization,"[""SRC-FUNDACENTRO-NHO"", ""SRC-NIOSH-HOC"", ""SRC-MTE-NR01"", ""SRC-MTE-NR06""]"
TOPIC-00157,OH06,Higiene Ocupacional,MOD-0022,Controle da exposição,Verificação da eficácia dos controles,verificacao-da-eficacia-dos-controles,verificacao-da-eficacia-dos-controles,"[""T"", ""G"", ""P""]",candidate_for_atomization,"[""SRC-FUNDACENTRO-NHO"", ""SRC-NIOSH-HOC"", ""SRC-MTE-NR01"", ""SRC-MTE-NR06""]"
TOPIC-00158,OH06,Higiene Ocupacional,MOD-0023,Normas de Higiene Ocupacional,NHO 01 ruído,nho-01-ruido,nho-01-ruido,"[""G"", ""P""]",candidate_for_atomization,"[""SRC-FUNDACENTRO-NHO"", ""SRC-NIOSH-HOC"", ""SRC-MTE-NR01"", ""SRC-MTE-NR06""]"
TOPIC-00159,OH06,Higiene Ocupacional,MOD-0023,Normas de Higiene Ocupacional,NHO 03 aerodispersoides,nho-03-aerodispersoides,nho-03-aerodispersoides,"[""G"", ""P""]",candidate_for_atomization,"[""SRC-FUNDACENTRO-NHO"", ""SRC-NIOSH-HOC"", ""SRC-MTE-NR01"", ""SRC-MTE-NR06""]"
TOPIC-00160,OH06,Higiene Ocupacional,MOD-0023,Normas de Higiene Ocupacional,NHO 04 fibras,nho-04-fibras,nho-04-fibras,"[""G"", ""P""]",candidate_for_atomization,"[""SRC-FUNDACENTRO-NHO"", ""SRC-NIOSH-HOC"", ""SRC-MTE-NR01"", ""SRC-MTE-NR06""]"
TOPIC-00161,OH06,Higiene Ocupacional,MOD-0023,Normas de Higiene Ocupacional,NHO 05 raios X,nho-05-raios-x,nho-05-raios-x,"[""G"", ""P""]",candidate_for_atomization,"[""SRC-FUNDACENTRO-NHO"", ""SRC-NIOSH-HOC"", ""SRC-MTE-NR01"", ""SRC-MTE-NR06""]"
TOPIC-00162,OH06,Higiene Ocupacional,MOD-0023,Normas de Higiene Ocupacional,NHO 06 calor,nho-06-calor,nho-06-calor,"[""G"", ""P""]",candidate_for_atomization,"[""SRC-FUNDACENTRO-NHO"", ""SRC-NIOSH-HOC"", ""SRC-MTE-NR01"", ""SRC-MTE-NR06""]"
TOPIC-00163,OH06,Higiene Ocupacional,MOD-0023,Normas de Higiene Ocupacional,NHO 07 calibração de bombas,nho-07-calibracao-de-bombas,nho-07-calibracao-de-bombas,"[""G"", ""P""]",candidate_for_atomization,"[""SRC-FUNDACENTRO-NHO"", ""SRC-NIOSH-HOC"", ""SRC-MTE-NR01"", ""SRC-MTE-NR06""]"
TOPIC-00164,OH06,Higiene Ocupacional,MOD-0023,Normas de Higiene Ocupacional,NHO 08 material particulado,nho-08-material-particulado,nho-08-material-particulado,"[""G"", ""P""]",candidate_for_atomization,"[""SRC-FUNDACENTRO-NHO"", ""SRC-NIOSH-HOC"", ""SRC-MTE-NR01"", ""SRC-MTE-NR06""]"
TOPIC-00165,OH06,Higiene Ocupacional,MOD-0023,Normas de Higiene Ocupacional,NHO 09 vibração de corpo inteiro,nho-09-vibracao-de-corpo-inteiro,nho-09-vibracao-de-corpo-inteiro,"[""G"", ""P""]",candidate_for_atomization,"[""SRC-FUNDACENTRO-NHO"", ""SRC-NIOSH-HOC"", ""SRC-MTE-NR01"", ""SRC-MTE-NR06""]"
TOPIC-00166,OH06,Higiene Ocupacional,MOD-0023,Normas de Higiene Ocupacional,NHO 10 vibração mãos e braços,nho-10-vibracao-maos-e-bracos,nho-10-vibracao-maos-e-bracos,"[""G"", ""P""]",candidate_for_atomization,"[""SRC-FUNDACENTRO-NHO"", ""SRC-NIOSH-HOC"", ""SRC-MTE-NR01"", ""SRC-MTE-NR06""]"
TOPIC-00167,OH06,Higiene Ocupacional,MOD-0023,Normas de Higiene Ocupacional,NHO 11 iluminamento,nho-11-iluminamento,nho-11-iluminamento,"[""G"", ""P""]",candidate_for_atomization,"[""SRC-FUNDACENTRO-NHO"", ""SRC-NIOSH-HOC"", ""SRC-MTE-NR01"", ""SRC-MTE-NR06""]"
TOPIC-00168,OH07,Agentes Físicos no Trabalho,MOD-0024,Ruído,Conceitos de ruído ocupacional,conceitos-de-ruido-ocupacional,conceitos-de-ruido-ocupacional,"[""T"", ""G"", ""P""]",candidate_for_atomization,"[""SRC-FUNDACENTRO-NHO"", ""SRC-MTE-NRS-INDEX""]"
TOPIC-00169,OH07,Agentes Físicos no Trabalho,MOD-0024,Ruído,Dose de ruído,dose-de-ruido,dose-de-ruido,"[""T"", ""G"", ""P""]",candidate_for_atomization,"[""SRC-FUNDACENTRO-NHO"", ""SRC-MTE-NRS-INDEX""]"
TOPIC-00170,OH07,Agentes Físicos no Trabalho,MOD-0024,Ruído,Nível de pressão sonora,nivel-de-pressao-sonora,nivel-de-pressao-sonora,"[""T"", ""G"", ""P""]",candidate_for_atomization,"[""SRC-FUNDACENTRO-NHO"", ""SRC-MTE-NRS-INDEX""]"
TOPIC-00171,OH07,Agentes Físicos no Trabalho,MOD-0024,Ruído,Tempo de exposição ao ruído,tempo-de-exposicao-ao-ruido,tempo-de-exposicao-ao-ruido,"[""T"", ""G"", ""P""]",candidate_for_atomization,"[""SRC-FUNDACENTRO-NHO"", ""SRC-MTE-NRS-INDEX""]"
TOPIC-00172,OH07,Agentes Físicos no Trabalho,MOD-0024,Ruído,Efeitos auditivos do ruído,efeitos-auditivos-do-ruido,efeitos-auditivos-do-ruido,"[""T"", ""G"", ""P""]",candidate_for_atomization,"[""SRC-FUNDACENTRO-NHO"", ""SRC-MTE-NRS-INDEX""]"
TOPIC-00173,OH07,Agentes Físicos no Trabalho,MOD-0024,Ruído,Efeitos extra-auditivos do ruído,efeitos-extra-auditivos-do-ruido,efeitos-extra-auditivos-do-ruido,"[""T"", ""G"", ""P""]",candidate_for_atomization,"[""SRC-FUNDACENTRO-NHO"", ""SRC-MTE-NRS-INDEX""]"
TOPIC-00174,OH07,Agentes Físicos no Trabalho,MOD-0024,Ruído,Medidas de controle do ruído,medidas-de-controle-do-ruido,medidas-de-controle-do-ruido,"[""T"", ""G"", ""P""]",candidate_for_atomization,"[""SRC-FUNDACENTRO-NHO"", ""SRC-MTE-NRS-INDEX""]"
TOPIC-00175,OH07,Agentes Físicos no Trabalho,MOD-0024,Ruído,Programa de conservação auditiva,programa-de-conservacao-auditiva,programa-de-conservacao-auditiva,"[""T"", ""G"", ""P""]",candidate_for_atomization,"[""SRC-FUNDACENTRO-NHO"", ""SRC-MTE-NRS-INDEX""]"
TOPIC-00176,OH07,Agentes Físicos no Trabalho,MOD-0025,Calor e frio,Fontes de calor ocupacional,fontes-de-calor-ocupacional,fontes-de-calor-ocupacional,"[""T"", ""G"", ""P""]",candidate_for_atomization,"[""SRC-FUNDACENTRO-NHO"", ""SRC-MTE-NRS-INDEX""]"
TOPIC-00177,OH07,Agentes Físicos no Trabalho,MOD-0025,Calor e frio,IBUTG,ibutg,ibutg,"[""T"", ""G"", ""P""]",candidate_for_atomization,"[""SRC-FUNDACENTRO-NHO"", ""SRC-MTE-NRS-INDEX""]"
TOPIC-00178,OH07,Agentes Físicos no Trabalho,MOD-0025,Calor e frio,Aclimatação térmica,aclimatacao-termica,aclimatacao-termica,"[""T"", ""G"", ""P""]",candidate_for_atomization,"[""SRC-FUNDACENTRO-NHO"", ""SRC-MTE-NRS-INDEX""]"
TOPIC-00179,OH07,Agentes Físicos no Trabalho,MOD-0025,Calor e frio,Doenças relacionadas ao calor,doencas-relacionadas-ao-calor,doencas-relacionadas-ao-calor,"[""T"", ""G"", ""P""]",candidate_for_atomization,"[""SRC-FUNDACENTRO-NHO"", ""SRC-MTE-NRS-INDEX""]"
TOPIC-00180,OH07,Agentes Físicos no Trabalho,MOD-0025,Calor e frio,Prevenção de estresse térmico,prevencao-de-estresse-termico,prevencao-de-estresse-termico,"[""T"", ""G"", ""P""]",candidate_for_atomization,"[""SRC-FUNDACENTRO-NHO"", ""SRC-MTE-NRS-INDEX""]"
TOPIC-00181,OH07,Agentes Físicos no Trabalho,MOD-0025,Calor e frio,Exposição ocupacional ao frio,exposicao-ocupacional-ao-frio,exposicao-ocupacional-ao-frio,"[""T"", ""G"", ""P""]",candidate_for_atomization,"[""SRC-FUNDACENTRO-NHO"", ""SRC-MTE-NRS-INDEX""]"
TOPIC-00182,OH07,Agentes Físicos no Trabalho,MOD-0025,Calor e frio,Lesões por frio,lesoes-por-frio,lesoes-por-frio,"[""T"", ""G"", ""P""]",candidate_for_atomization,"[""SRC-FUNDACENTRO-NHO"", ""SRC-MTE-NRS-INDEX""]"
TOPIC-00183,OH07,Agentes Físicos no Trabalho,MOD-0025,Calor e frio,Hidratação em ambientes quentes,hidratacao-em-ambientes-quentes,hidratacao-em-ambientes-quentes,"[""T"", ""G"", ""P""]",candidate_for_atomization,"[""SRC-FUNDACENTRO-NHO"", ""SRC-MTE-NRS-INDEX""]"
TOPIC-00184,OH07,Agentes Físicos no Trabalho,MOD-0026,Vibrações,Vibração de mãos e braços,vibracao-de-maos-e-bracos,vibracao-de-maos-e-bracos,"[""G"", ""P""]",candidate_for_atomization,"[""SRC-FUNDACENTRO-NHO"", ""SRC-MTE-NRS-INDEX""]"
TOPIC-00185,OH07,Agentes Físicos no Trabalho,MOD-0026,Vibrações,Vibração de corpo inteiro,vibracao-de-corpo-inteiro,vibracao-de-corpo-inteiro,"[""G"", ""P""]",candidate_for_atomization,"[""SRC-FUNDACENTRO-NHO"", ""SRC-MTE-NRS-INDEX""]"
TOPIC-00186,OH07,Agentes Físicos no Trabalho,MOD-0026,Vibrações,Efeitos da vibração na saúde,efeitos-da-vibracao-na-saude,efeitos-da-vibracao-na-saude,"[""G"", ""P""]",candidate_for_atomization,"[""SRC-FUNDACENTRO-NHO"", ""SRC-MTE-NRS-INDEX""]"
TOPIC-00187,OH07,Agentes Físicos no Trabalho,MOD-0026,Vibrações,Avaliação da exposição à vibração,avaliacao-da-exposicao-a-vibracao,avaliacao-da-exposicao-a-vibracao,"[""G"", ""P""]",candidate_for_atomization,"[""SRC-FUNDACENTRO-NHO"", ""SRC-MTE-NRS-INDEX""]"
TOPIC-00188,OH07,Agentes Físicos no Trabalho,MOD-0026,Vibrações,Controle da vibração,controle-da-vibracao,controle-da-vibracao,"[""G"", ""P""]",candidate_for_atomization,"[""SRC-FUNDACENTRO-NHO"", ""SRC-MTE-NRS-INDEX""]"
TOPIC-00189,OH07,Agentes Físicos no Trabalho,MOD-0027,Radiações,Radiações ionizantes,radiacoes-ionizantes,radiacoes-ionizantes,"[""G"", ""P""]",candidate_for_atomization,"[""SRC-FUNDACENTRO-NHO"", ""SRC-MTE-NRS-INDEX""]"
TOPIC-00190,OH07,Agentes Físicos no Trabalho,MOD-0027,Radiações,Radiações não ionizantes,radiacoes-nao-ionizantes,radiacoes-nao-ionizantes,"[""G"", ""P""]",candidate_for_atomization,"[""SRC-FUNDACENTRO-NHO"", ""SRC-MTE-NRS-INDEX""]"
TOPIC-00191,OH07,Agentes Físicos no Trabalho,MOD-0027,Radiações,Exposição ocupacional a raios X,exposicao-ocupacional-a-raios-x,exposicao-ocupacional-a-raios-x,"[""G"", ""P""]",candidate_for_atomization,"[""SRC-FUNDACENTRO-NHO"", ""SRC-MTE-NRS-INDEX""]"
TOPIC-00192,OH07,Agentes Físicos no Trabalho,MOD-0027,Radiações,Radiação ultravioleta ocupacional,radiacao-ultravioleta-ocupacional,radiacao-ultravioleta-ocupacional,"[""G"", ""P""]",candidate_for_atomization,"[""SRC-FUNDACENTRO-NHO"", ""SRC-MTE-NRS-INDEX""]"
TOPIC-00193,OH07,Agentes Físicos no Trabalho,MOD-0027,Radiações,Campos eletromagnéticos,campos-eletromagneticos,campos-eletromagneticos,"[""G"", ""P""]",candidate_for_atomization,"[""SRC-FUNDACENTRO-NHO"", ""SRC-MTE-NRS-INDEX""]"
TOPIC-00194,OH07,Agentes Físicos no Trabalho,MOD-0027,Radiações,Princípios de proteção radiológica,principios-de-protecao-radiologica,principios-de-protecao-radiologica,"[""G"", ""P""]",candidate_for_atomization,"[""SRC-FUNDACENTRO-NHO"", ""SRC-MTE-NRS-INDEX""]"
TOPIC-00195,OH07,Agentes Físicos no Trabalho,MOD-0028,Iluminamento e outros agentes físicos,Iluminamento em ambientes de trabalho,iluminamento-em-ambientes-de-trabalho,iluminamento-em-ambientes-de-trabalho,"[""T"", ""G"", ""P""]",candidate_for_atomization,"[""SRC-FUNDACENTRO-NHO"", ""SRC-MTE-NRS-INDEX""]"
TOPIC-00196,OH07,Agentes Físicos no Trabalho,MOD-0028,Iluminamento e outros agentes físicos,Pressões anormais,pressoes-anormais,pressoes-anormais,"[""T"", ""G"", ""P""]",candidate_for_atomization,"[""SRC-FUNDACENTRO-NHO"", ""SRC-MTE-NRS-INDEX""]"
TOPIC-00197,OH07,Agentes Físicos no Trabalho,MOD-0028,Iluminamento e outros agentes físicos,Umidade e trabalho,umidade-e-trabalho,umidade-e-trabalho,"[""T"", ""G"", ""P""]",candidate_for_atomization,"[""SRC-FUNDACENTRO-NHO"", ""SRC-MTE-NRS-INDEX""]"
TOPIC-00198,OH07,Agentes Físicos no Trabalho,MOD-0028,Iluminamento e outros agentes físicos,Conforto acústico e térmico,conforto-acustico-e-termico,conforto-acustico-e-termico,"[""T"", ""G"", ""P""]",candidate_for_atomization,"[""SRC-FUNDACENTRO-NHO"", ""SRC-MTE-NRS-INDEX""]"
TOPIC-00199,OH08,Toxicologia Ocupacional e Agentes Químicos,MOD-0029,Fundamentos de toxicologia,Toxicologia ocupacional,toxicologia-ocupacional,toxicologia-ocupacional,"[""T"", ""G"", ""P""]",candidate_for_atomization,"[""SRC-MTE-NR26"", ""SRC-FUNDACENTRO-NHO"", ""SRC-IARC-MONOGRAPHS"", ""SRC-NIOSH-HOC""]"
TOPIC-00200,OH08,Toxicologia Ocupacional e Agentes Químicos,MOD-0029,Fundamentos de toxicologia,Toxicidade e perigo químico,toxicidade-e-perigo-quimico,toxicidade-e-perigo-quimico,"[""T"", ""G"", ""P""]",candidate_for_atomization,"[""SRC-MTE-NR26"", ""SRC-FUNDACENTRO-NHO"", ""SRC-IARC-MONOGRAPHS"", ""SRC-NIOSH-HOC""]"
TOPIC-00201,OH08,Toxicologia Ocupacional e Agentes Químicos,MOD-0029,Fundamentos de toxicologia,Dose e concentração,dose-e-concentracao,dose-e-concentracao,"[""T"", ""G"", ""P""]",candidate_for_atomization,"[""SRC-MTE-NR26"", ""SRC-FUNDACENTRO-NHO"", ""SRC-IARC-MONOGRAPHS"", ""SRC-NIOSH-HOC""]"
TOPIC-00202,OH08,Toxicologia Ocupacional e Agentes Químicos,MOD-0029,Fundamentos de toxicologia,Relação dose-resposta,relacao-dose-resposta,relacao-dose-resposta,"[""T"", ""G"", ""P""]",candidate_for_atomization,"[""SRC-MTE-NR26"", ""SRC-FUNDACENTRO-NHO"", ""SRC-IARC-MONOGRAPHS"", ""SRC-NIOSH-HOC""]"
TOPIC-00203,OH08,Toxicologia Ocupacional e Agentes Químicos,MOD-0029,Fundamentos de toxicologia,Relação dose-efeito,relacao-dose-efeito,relacao-dose-efeito,"[""T"", ""G"", ""P""]",candidate_for_atomization,"[""SRC-MTE-NR26"", ""SRC-FUNDACENTRO-NHO"", ""SRC-IARC-MONOGRAPHS"", ""SRC-NIOSH-HOC""]"
TOPIC-00204,OH08,Toxicologia Ocupacional e Agentes Químicos,MOD-0029,Fundamentos de toxicologia,Limiar toxicológico,limiar-toxicologico,limiar-toxicologico,"[""T"", ""G"", ""P""]",candidate_for_atomization,"[""SRC-MTE-NR26"", ""SRC-FUNDACENTRO-NHO"", ""SRC-IARC-MONOGRAPHS"", ""SRC-NIOSH-HOC""]"
TOPIC-00205,OH08,Toxicologia Ocupacional e Agentes Químicos,MOD-0029,Fundamentos de toxicologia,Toxicidade aguda,toxicidade-aguda,toxicidade-aguda,"[""T"", ""G"", ""P""]",candidate_for_atomization,"[""SRC-MTE-NR26"", ""SRC-FUNDACENTRO-NHO"", ""SRC-IARC-MONOGRAPHS"", ""SRC-NIOSH-HOC""]"
TOPIC-00206,OH08,Toxicologia Ocupacional e Agentes Químicos,MOD-0029,Fundamentos de toxicologia,Toxicidade crônica,toxicidade-cronica,toxicidade-cronica,"[""T"", ""G"", ""P""]",candidate_for_atomization,"[""SRC-MTE-NR26"", ""SRC-FUNDACENTRO-NHO"", ""SRC-IARC-MONOGRAPHS"", ""SRC-NIOSH-HOC""]"
TOPIC-00207,OH08,Toxicologia Ocupacional e Agentes Químicos,MOD-0029,Fundamentos de toxicologia,Toxicidade local e sistêmica,toxicidade-local-e-sistemica,toxicidade-local-e-sistemica,"[""T"", ""G"", ""P""]",candidate_for_atomization,"[""SRC-MTE-NR26"", ""SRC-FUNDACENTRO-NHO"", ""SRC-IARC-MONOGRAPHS"", ""SRC-NIOSH-HOC""]"
TOPIC-00208,OH08,Toxicologia Ocupacional e Agentes Químicos,MOD-0029,Fundamentos de toxicologia,Órgão-alvo,orgao-alvo,orgao-alvo,"[""T"", ""G"", ""P""]",candidate_for_atomization,"[""SRC-MTE-NR26"", ""SRC-FUNDACENTRO-NHO"", ""SRC-IARC-MONOGRAPHS"", ""SRC-NIOSH-HOC""]"
TOPIC-00209,OH08,Toxicologia Ocupacional e Agentes Químicos,MOD-0030,Toxicocinética,Absorção respiratória,absorcao-respiratoria,absorcao-respiratoria,"[""G"", ""P""]",candidate_for_atomization,"[""SRC-MTE-NR26"", ""SRC-FUNDACENTRO-NHO"", ""SRC-IARC-MONOGRAPHS"", ""SRC-NIOSH-HOC""]"
TOPIC-00210,OH08,Toxicologia Ocupacional e Agentes Químicos,MOD-0030,Toxicocinética,Absorção cutânea,absorcao-cutanea,absorcao-cutanea,"[""G"", ""P""]",candidate_for_atomization,"[""SRC-MTE-NR26"", ""SRC-FUNDACENTRO-NHO"", ""SRC-IARC-MONOGRAPHS"", ""SRC-NIOSH-HOC""]"
TOPIC-00211,OH08,Toxicologia Ocupacional e Agentes Químicos,MOD-0030,Toxicocinética,Absorção gastrointestinal,absorcao-gastrointestinal,absorcao-gastrointestinal,"[""G"", ""P""]",candidate_for_atomization,"[""SRC-MTE-NR26"", ""SRC-FUNDACENTRO-NHO"", ""SRC-IARC-MONOGRAPHS"", ""SRC-NIOSH-HOC""]"
TOPIC-00212,OH08,Toxicologia Ocupacional e Agentes Químicos,MOD-0030,Toxicocinética,Distribuição de xenobióticos,distribuicao-de-xenobioticos,distribuicao-de-xenobioticos,"[""G"", ""P""]",candidate_for_atomization,"[""SRC-MTE-NR26"", ""SRC-FUNDACENTRO-NHO"", ""SRC-IARC-MONOGRAPHS"", ""SRC-NIOSH-HOC""]"
TOPIC-00213,OH08,Toxicologia Ocupacional e Agentes Químicos,MOD-0030,Toxicocinética,Biotransformação,biotransformacao,biotransformacao,"[""G"", ""P""]",candidate_for_atomization,"[""SRC-MTE-NR26"", ""SRC-FUNDACENTRO-NHO"", ""SRC-IARC-MONOGRAPHS"", ""SRC-NIOSH-HOC""]"
TOPIC-00214,OH08,Toxicologia Ocupacional e Agentes Químicos,MOD-0030,Toxicocinética,Metabolismo de fase I,metabolismo-de-fase-i,metabolismo-de-fase-i,"[""G"", ""P""]",candidate_for_atomization,"[""SRC-MTE-NR26"", ""SRC-FUNDACENTRO-NHO"", ""SRC-IARC-MONOGRAPHS"", ""SRC-NIOSH-HOC""]"
TOPIC-00215,OH08,Toxicologia Ocupacional e Agentes Químicos,MOD-0030,Toxicocinética,Metabolismo de fase II,metabolismo-de-fase-ii,metabolismo-de-fase-ii,"[""G"", ""P""]",candidate_for_atomization,"[""SRC-MTE-NR26"", ""SRC-FUNDACENTRO-NHO"", ""SRC-IARC-MONOGRAPHS"", ""SRC-NIOSH-HOC""]"
TOPIC-00216,OH08,Toxicologia Ocupacional e Agentes Químicos,MOD-0030,Toxicocinética,Excreção,excrecao,excrecao,"[""G"", ""P""]",candidate_for_atomization,"[""SRC-MTE-NR26"", ""SRC-FUNDACENTRO-NHO"", ""SRC-IARC-MONOGRAPHS"", ""SRC-NIOSH-HOC""]"
TOPIC-00217,OH08,Toxicologia Ocupacional e Agentes Químicos,MOD-0030,Toxicocinética,Meia-vida biológica,meia-vida-biologica,meia-vida-biologica,"[""G"", ""P""]",candidate_for_atomization,"[""SRC-MTE-NR26"", ""SRC-FUNDACENTRO-NHO"", ""SRC-IARC-MONOGRAPHS"", ""SRC-NIOSH-HOC""]"
TOPIC-00218,OH08,Toxicologia Ocupacional e Agentes Químicos,MOD-0030,Toxicocinética,Bioacumulação,bioacumulacao,bioacumulacao,"[""G"", ""P""]",candidate_for_atomization,"[""SRC-MTE-NR26"", ""SRC-FUNDACENTRO-NHO"", ""SRC-IARC-MONOGRAPHS"", ""SRC-NIOSH-HOC""]"
TOPIC-00219,OH08,Toxicologia Ocupacional e Agentes Químicos,MOD-0031,Toxicodinâmica,Mecanismos de toxicidade,mecanismos-de-toxicidade,mecanismos-de-toxicidade,"[""G"", ""P""]",candidate_for_atomization,"[""SRC-MTE-NR26"", ""SRC-FUNDACENTRO-NHO"", ""SRC-IARC-MONOGRAPHS"", ""SRC-NIOSH-HOC""]"
TOPIC-00220,OH08,Toxicologia Ocupacional e Agentes Químicos,MOD-0031,Toxicodinâmica,Estresse oxidativo,estresse-oxidativo,estresse-oxidativo,"[""G"", ""P""]",candidate_for_atomization,"[""SRC-MTE-NR26"", ""SRC-FUNDACENTRO-NHO"", ""SRC-IARC-MONOGRAPHS"", ""SRC-NIOSH-HOC""]"
TOPIC-00221,OH08,Toxicologia Ocupacional e Agentes Químicos,MOD-0031,Toxicodinâmica,Neurotoxicidade,neurotoxicidade,neurotoxicidade,"[""G"", ""P""]",candidate_for_atomization,"[""SRC-MTE-NR26"", ""SRC-FUNDACENTRO-NHO"", ""SRC-IARC-MONOGRAPHS"", ""SRC-NIOSH-HOC""]"
TOPIC-00222,OH08,Toxicologia Ocupacional e Agentes Químicos,MOD-0031,Toxicodinâmica,Hepatotoxicidade,hepatotoxicidade,hepatotoxicidade,"[""G"", ""P""]",candidate_for_atomization,"[""SRC-MTE-NR26"", ""SRC-FUNDACENTRO-NHO"", ""SRC-IARC-MONOGRAPHS"", ""SRC-NIOSH-HOC""]"
TOPIC-00223,OH08,Toxicologia Ocupacional e Agentes Químicos,MOD-0031,Toxicodinâmica,Nefrotoxicidade,nefrotoxicidade,nefrotoxicidade,"[""G"", ""P""]",candidate_for_atomization,"[""SRC-MTE-NR26"", ""SRC-FUNDACENTRO-NHO"", ""SRC-IARC-MONOGRAPHS"", ""SRC-NIOSH-HOC""]"
TOPIC-00224,OH08,Toxicologia Ocupacional e Agentes Químicos,MOD-0031,Toxicodinâmica,Hematotoxicidade,hematotoxicidade,hematotoxicidade,"[""G"", ""P""]",candidate_for_atomization,"[""SRC-MTE-NR26"", ""SRC-FUNDACENTRO-NHO"", ""SRC-IARC-MONOGRAPHS"", ""SRC-NIOSH-HOC""]"
TOPIC-00225,OH08,Toxicologia Ocupacional e Agentes Químicos,MOD-0031,Toxicodinâmica,Toxicidade reprodutiva,toxicidade-reprodutiva,toxicidade-reprodutiva,"[""G"", ""P""]",candidate_for_atomization,"[""SRC-MTE-NR26"", ""SRC-FUNDACENTRO-NHO"", ""SRC-IARC-MONOGRAPHS"", ""SRC-NIOSH-HOC""]"
TOPIC-00226,OH08,Toxicologia Ocupacional e Agentes Químicos,MOD-0031,Toxicodinâmica,Genotoxicidade,genotoxicidade,genotoxicidade,"[""G"", ""P""]",candidate_for_atomization,"[""SRC-MTE-NR26"", ""SRC-FUNDACENTRO-NHO"", ""SRC-IARC-MONOGRAPHS"", ""SRC-NIOSH-HOC""]"
TOPIC-00227,OH08,Toxicologia Ocupacional e Agentes Químicos,MOD-0031,Toxicodinâmica,Carcinogenicidade ocupacional,carcinogenicidade-ocupacional,carcinogenicidade-ocupacional,"[""G"", ""P""]",candidate_for_atomization,"[""SRC-MTE-NR26"", ""SRC-FUNDACENTRO-NHO"", ""SRC-IARC-MONOGRAPHS"", ""SRC-NIOSH-HOC""]"
TOPIC-00228,OH08,Toxicologia Ocupacional e Agentes Químicos,MOD-0032,Monitoramento biológico,Biomarcador de exposição,biomarcador-de-exposicao,biomarcador-de-exposicao,"[""G"", ""P""]",candidate_for_atomization,"[""SRC-MTE-NR26"", ""SRC-FUNDACENTRO-NHO"", ""SRC-IARC-MONOGRAPHS"", ""SRC-NIOSH-HOC""]"
TOPIC-00229,OH08,Toxicologia Ocupacional e Agentes Químicos,MOD-0032,Monitoramento biológico,Biomarcador de efeito,biomarcador-de-efeito,biomarcador-de-efeito,"[""G"", ""P""]",candidate_for_atomization,"[""SRC-MTE-NR26"", ""SRC-FUNDACENTRO-NHO"", ""SRC-IARC-MONOGRAPHS"", ""SRC-NIOSH-HOC""]"
TOPIC-00230,OH08,Toxicologia Ocupacional e Agentes Químicos,MOD-0032,Monitoramento biológico,Biomarcador de suscetibilidade,biomarcador-de-suscetibilidade,biomarcador-de-suscetibilidade,"[""G"", ""P""]",candidate_for_atomization,"[""SRC-MTE-NR26"", ""SRC-FUNDACENTRO-NHO"", ""SRC-IARC-MONOGRAPHS"", ""SRC-NIOSH-HOC""]"
TOPIC-00231,OH08,Toxicologia Ocupacional e Agentes Químicos,MOD-0032,Monitoramento biológico,Monitoramento biológico ocupacional,monitoramento-biologico-ocupacional,monitoramento-biologico-ocupacional,"[""G"", ""P""]",candidate_for_atomization,"[""SRC-MTE-NR26"", ""SRC-FUNDACENTRO-NHO"", ""SRC-IARC-MONOGRAPHS"", ""SRC-NIOSH-HOC""]"
TOPIC-00232,OH08,Toxicologia Ocupacional e Agentes Químicos,MOD-0032,Monitoramento biológico,Momento de coleta de biomarcadores,momento-de-coleta-de-biomarcadores,momento-de-coleta-de-biomarcadores,"[""G"", ""P""]",candidate_for_atomization,"[""SRC-MTE-NR26"", ""SRC-FUNDACENTRO-NHO"", ""SRC-IARC-MONOGRAPHS"", ""SRC-NIOSH-HOC""]"
TOPIC-00233,OH08,Toxicologia Ocupacional e Agentes Químicos,MOD-0032,Monitoramento biológico,Interpretação de biomarcadores,interpretacao-de-biomarcadores,interpretacao-de-biomarcadores,"[""G"", ""P""]",candidate_for_atomization,"[""SRC-MTE-NR26"", ""SRC-FUNDACENTRO-NHO"", ""SRC-IARC-MONOGRAPHS"", ""SRC-NIOSH-HOC""]"
TOPIC-00234,OH08,Toxicologia Ocupacional e Agentes Químicos,MOD-0033,Classes de agentes químicos,Solventes orgânicos,solventes-organicos,solventes-organicos,"[""T"", ""G"", ""P""]",candidate_for_atomization,"[""SRC-MTE-NR26"", ""SRC-FUNDACENTRO-NHO"", ""SRC-IARC-MONOGRAPHS"", ""SRC-NIOSH-HOC""]"
TOPIC-00235,OH08,Toxicologia Ocupacional e Agentes Químicos,MOD-0033,Classes de agentes químicos,Metais e metaloides,metais-e-metaloides,metais-e-metaloides,"[""T"", ""G"", ""P""]",candidate_for_atomization,"[""SRC-MTE-NR26"", ""SRC-FUNDACENTRO-NHO"", ""SRC-IARC-MONOGRAPHS"", ""SRC-NIOSH-HOC""]"
TOPIC-00236,OH08,Toxicologia Ocupacional e Agentes Químicos,MOD-0033,Classes de agentes químicos,Agrotóxicos,agrotoxicos,agrotoxicos,"[""T"", ""G"", ""P""]",candidate_for_atomization,"[""SRC-MTE-NR26"", ""SRC-FUNDACENTRO-NHO"", ""SRC-IARC-MONOGRAPHS"", ""SRC-NIOSH-HOC""]"
TOPIC-00237,OH08,Toxicologia Ocupacional e Agentes Químicos,MOD-0033,Classes de agentes químicos,Gases asfixiantes,gases-asfixiantes,gases-asfixiantes,"[""T"", ""G"", ""P""]",candidate_for_atomization,"[""SRC-MTE-NR26"", ""SRC-FUNDACENTRO-NHO"", ""SRC-IARC-MONOGRAPHS"", ""SRC-NIOSH-HOC""]"
TOPIC-00238,OH08,Toxicologia Ocupacional e Agentes Químicos,MOD-0033,Classes de agentes químicos,Gases irritantes,gases-irritantes,gases-irritantes,"[""T"", ""G"", ""P""]",candidate_for_atomization,"[""SRC-MTE-NR26"", ""SRC-FUNDACENTRO-NHO"", ""SRC-IARC-MONOGRAPHS"", ""SRC-NIOSH-HOC""]"
TOPIC-00239,OH08,Toxicologia Ocupacional e Agentes Químicos,MOD-0033,Classes de agentes químicos,Poeiras minerais,poeiras-minerais,poeiras-minerais,"[""T"", ""G"", ""P""]",candidate_for_atomization,"[""SRC-MTE-NR26"", ""SRC-FUNDACENTRO-NHO"", ""SRC-IARC-MONOGRAPHS"", ""SRC-NIOSH-HOC""]"
TOPIC-00240,OH08,Toxicologia Ocupacional e Agentes Químicos,MOD-0033,Classes de agentes químicos,Fumos metálicos,fumos-metalicos,fumos-metalicos,"[""T"", ""G"", ""P""]",candidate_for_atomization,"[""SRC-MTE-NR26"", ""SRC-FUNDACENTRO-NHO"", ""SRC-IARC-MONOGRAPHS"", ""SRC-NIOSH-HOC""]"
TOPIC-00241,OH08,Toxicologia Ocupacional e Agentes Químicos,MOD-0033,Classes de agentes químicos,Névoas e vapores,nevoas-e-vapores,nevoas-e-vapores,"[""T"", ""G"", ""P""]",candidate_for_atomization,"[""SRC-MTE-NR26"", ""SRC-FUNDACENTRO-NHO"", ""SRC-IARC-MONOGRAPHS"", ""SRC-NIOSH-HOC""]"
TOPIC-00242,OH08,Toxicologia Ocupacional e Agentes Químicos,MOD-0033,Classes de agentes químicos,Hidrocarbonetos,hidrocarbonetos,hidrocarbonetos,"[""T"", ""G"", ""P""]",candidate_for_atomization,"[""SRC-MTE-NR26"", ""SRC-FUNDACENTRO-NHO"", ""SRC-IARC-MONOGRAPHS"", ""SRC-NIOSH-HOC""]"
TOPIC-00243,OH08,Toxicologia Ocupacional e Agentes Químicos,MOD-0033,Classes de agentes químicos,Medicamentos perigosos,medicamentos-perigosos,medicamentos-perigosos,"[""T"", ""G"", ""P""]",candidate_for_atomization,"[""SRC-MTE-NR26"", ""SRC-FUNDACENTRO-NHO"", ""SRC-IARC-MONOGRAPHS"", ""SRC-NIOSH-HOC""]"
TOPIC-00244,OH08,Toxicologia Ocupacional e Agentes Químicos,MOD-0034,Agentes específicos,Benzeno,benzeno,benzeno,"[""G"", ""P""]",candidate_for_atomization,"[""SRC-MTE-NR26"", ""SRC-FUNDACENTRO-NHO"", ""SRC-IARC-MONOGRAPHS"", ""SRC-NIOSH-HOC""]"
TOPIC-00245,OH08,Toxicologia Ocupacional e Agentes Químicos,MOD-0034,Agentes específicos,Chumbo,chumbo,chumbo,"[""G"", ""P""]",candidate_for_atomization,"[""SRC-MTE-NR26"", ""SRC-FUNDACENTRO-NHO"", ""SRC-IARC-MONOGRAPHS"", ""SRC-NIOSH-HOC""]"
TOPIC-00246,OH08,Toxicologia Ocupacional e Agentes Químicos,MOD-0034,Agentes específicos,Mercúrio,mercurio,mercurio,"[""G"", ""P""]",candidate_for_atomization,"[""SRC-MTE-NR26"", ""SRC-FUNDACENTRO-NHO"", ""SRC-IARC-MONOGRAPHS"", ""SRC-NIOSH-HOC""]"
TOPIC-00247,OH08,Toxicologia Ocupacional e Agentes Químicos,MOD-0034,Agentes específicos,Cádmio,cadmio,cadmio,"[""G"", ""P""]",candidate_for_atomization,"[""SRC-MTE-NR26"", ""SRC-FUNDACENTRO-NHO"", ""SRC-IARC-MONOGRAPHS"", ""SRC-NIOSH-HOC""]"
TOPIC-00248,OH08,Toxicologia Ocupacional e Agentes Químicos,MOD-0034,Agentes específicos,Arsênio,arsenio,arsenio,"[""G"", ""P""]",candidate_for_atomization,"[""SRC-MTE-NR26"", ""SRC-FUNDACENTRO-NHO"", ""SRC-IARC-MONOGRAPHS"", ""SRC-NIOSH-HOC""]"
TOPIC-00249,OH08,Toxicologia Ocupacional e Agentes Químicos,MOD-0034,Agentes específicos,Sílica cristalina,silica-cristalina,silica-cristalina,"[""G"", ""P""]",candidate_for_atomization,"[""SRC-MTE-NR26"", ""SRC-FUNDACENTRO-NHO"", ""SRC-IARC-MONOGRAPHS"", ""SRC-NIOSH-HOC""]"
TOPIC-00250,OH08,Toxicologia Ocupacional e Agentes Químicos,MOD-0034,Agentes específicos,Amianto,amianto,amianto,"[""G"", ""P""]",candidate_for_atomization,"[""SRC-MTE-NR26"", ""SRC-FUNDACENTRO-NHO"", ""SRC-IARC-MONOGRAPHS"", ""SRC-NIOSH-HOC""]"
TOPIC-00251,OH08,Toxicologia Ocupacional e Agentes Químicos,MOD-0034,Agentes específicos,Monóxido de carbono,monoxido-de-carbono,monoxido-de-carbono,"[""G"", ""P""]",candidate_for_atomization,"[""SRC-MTE-NR26"", ""SRC-FUNDACENTRO-NHO"", ""SRC-IARC-MONOGRAPHS"", ""SRC-NIOSH-HOC""]"
TOPIC-00252,OH08,Toxicologia Ocupacional e Agentes Químicos,MOD-0034,Agentes específicos,Tolueno,tolueno,tolueno,"[""G"", ""P""]",candidate_for_atomization,"[""SRC-MTE-NR26"", ""SRC-FUNDACENTRO-NHO"", ""SRC-IARC-MONOGRAPHS"", ""SRC-NIOSH-HOC""]"
TOPIC-00253,OH08,Toxicologia Ocupacional e Agentes Químicos,MOD-0034,Agentes específicos,Xileno,xileno,xileno,"[""G"", ""P""]",candidate_for_atomization,"[""SRC-MTE-NR26"", ""SRC-FUNDACENTRO-NHO"", ""SRC-IARC-MONOGRAPHS"", ""SRC-NIOSH-HOC""]"
TOPIC-00254,OH08,Toxicologia Ocupacional e Agentes Químicos,MOD-0034,Agentes específicos,Organofosforados,organofosforados,organofosforados,"[""G"", ""P""]",candidate_for_atomization,"[""SRC-MTE-NR26"", ""SRC-FUNDACENTRO-NHO"", ""SRC-IARC-MONOGRAPHS"", ""SRC-NIOSH-HOC""]"
TOPIC-00255,OH08,Toxicologia Ocupacional e Agentes Químicos,MOD-0034,Agentes específicos,Carbamatos,carbamatos,carbamatos,"[""G"", ""P""]",candidate_for_atomization,"[""SRC-MTE-NR26"", ""SRC-FUNDACENTRO-NHO"", ""SRC-IARC-MONOGRAPHS"", ""SRC-NIOSH-HOC""]"
TOPIC-00256,OH08,Toxicologia Ocupacional e Agentes Químicos,MOD-0034,Agentes específicos,Isocianatos,isocianatos,isocianatos,"[""G"", ""P""]",candidate_for_atomization,"[""SRC-MTE-NR26"", ""SRC-FUNDACENTRO-NHO"", ""SRC-IARC-MONOGRAPHS"", ""SRC-NIOSH-HOC""]"
TOPIC-00257,OH08,Toxicologia Ocupacional e Agentes Químicos,MOD-0034,Agentes específicos,Formaldeído,formaldeido,formaldeido,"[""G"", ""P""]",candidate_for_atomization,"[""SRC-MTE-NR26"", ""SRC-FUNDACENTRO-NHO"", ""SRC-IARC-MONOGRAPHS"", ""SRC-NIOSH-HOC""]"
TOPIC-00258,OH08,Toxicologia Ocupacional e Agentes Químicos,MOD-0035,Comunicação e segurança química,Rotulagem de produtos químicos,rotulagem-de-produtos-quimicos,rotulagem-de-produtos-quimicos,"[""T"", ""G"", ""P""]",candidate_for_atomization,"[""SRC-MTE-NR26"", ""SRC-FUNDACENTRO-NHO"", ""SRC-IARC-MONOGRAPHS"", ""SRC-NIOSH-HOC""]"
TOPIC-00259,OH08,Toxicologia Ocupacional e Agentes Químicos,MOD-0035,Comunicação e segurança química,Ficha com dados de segurança,ficha-com-dados-de-seguranca,ficha-com-dados-de-seguranca,"[""T"", ""G"", ""P""]",candidate_for_atomization,"[""SRC-MTE-NR26"", ""SRC-FUNDACENTRO-NHO"", ""SRC-IARC-MONOGRAPHS"", ""SRC-NIOSH-HOC""]"
TOPIC-00260,OH08,Toxicologia Ocupacional e Agentes Químicos,MOD-0035,Comunicação e segurança química,Sistema Globalmente Harmonizado GHS,sistema-globalmente-harmonizado-ghs,sistema-globalmente-harmonizado-ghs,"[""T"", ""G"", ""P""]",candidate_for_atomization,"[""SRC-MTE-NR26"", ""SRC-FUNDACENTRO-NHO"", ""SRC-IARC-MONOGRAPHS"", ""SRC-NIOSH-HOC""]"
TOPIC-00261,OH08,Toxicologia Ocupacional e Agentes Químicos,MOD-0035,Comunicação e segurança química,Armazenamento seguro de químicos,armazenamento-seguro-de-quimicos,armazenamento-seguro-de-quimicos,"[""T"", ""G"", ""P""]",candidate_for_atomization,"[""SRC-MTE-NR26"", ""SRC-FUNDACENTRO-NHO"", ""SRC-IARC-MONOGRAPHS"", ""SRC-NIOSH-HOC""]"
TOPIC-00262,OH08,Toxicologia Ocupacional e Agentes Químicos,MOD-0035,Comunicação e segurança química,Derramamento químico,derramamento-quimico,derramamento-quimico,"[""T"", ""G"", ""P""]",candidate_for_atomization,"[""SRC-MTE-NR26"", ""SRC-FUNDACENTRO-NHO"", ""SRC-IARC-MONOGRAPHS"", ""SRC-NIOSH-HOC""]"
TOPIC-00263,OH08,Toxicologia Ocupacional e Agentes Químicos,MOD-0035,Comunicação e segurança química,Descontaminação química,descontaminacao-quimica,descontaminacao-quimica,"[""T"", ""G"", ""P""]",candidate_for_atomization,"[""SRC-MTE-NR26"", ""SRC-FUNDACENTRO-NHO"", ""SRC-IARC-MONOGRAPHS"", ""SRC-NIOSH-HOC""]"
TOPIC-00264,OH08,Toxicologia Ocupacional e Agentes Químicos,MOD-0035,Comunicação e segurança química,Comunicação de risco químico,comunicacao-de-risco-quimico,comunicacao-de-risco-quimico-oh08,"[""T"", ""G"", ""P""]",candidate_for_atomization,"[""SRC-MTE-NR26"", ""SRC-FUNDACENTRO-NHO"", ""SRC-IARC-MONOGRAPHS"", ""SRC-NIOSH-HOC""]"
TOPIC-00265,OH09,Agentes Biológicos e Biossegurança,MOD-0036,Risco biológico,Agente biológico no trabalho,agente-biologico-no-trabalho,agente-biologico-no-trabalho,"[""T"", ""G"", ""P""]",candidate_for_atomization,"[""SRC-MTE-NR32"", ""SRC-WHO-HCW"", ""SRC-MS-VISAT""]"
TOPIC-00266,OH09,Agentes Biológicos e Biossegurança,MOD-0036,Risco biológico,Cadeia de transmissão,cadeia-de-transmissao,cadeia-de-transmissao,"[""T"", ""G"", ""P""]",candidate_for_atomization,"[""SRC-MTE-NR32"", ""SRC-WHO-HCW"", ""SRC-MS-VISAT""]"
TOPIC-00267,OH09,Agentes Biológicos e Biossegurança,MOD-0036,Risco biológico,Vias de exposição biológica,vias-de-exposicao-biologica,vias-de-exposicao-biologica,"[""T"", ""G"", ""P""]",candidate_for_atomization,"[""SRC-MTE-NR32"", ""SRC-WHO-HCW"", ""SRC-MS-VISAT""]"
TOPIC-00268,OH09,Agentes Biológicos e Biossegurança,MOD-0036,Risco biológico,Aerossóis e gotículas,aerossois-e-goticulas,aerossois-e-goticulas,"[""T"", ""G"", ""P""]",candidate_for_atomization,"[""SRC-MTE-NR32"", ""SRC-WHO-HCW"", ""SRC-MS-VISAT""]"
TOPIC-00269,OH09,Agentes Biológicos e Biossegurança,MOD-0036,Risco biológico,Sangue e fluidos corporais,sangue-e-fluidos-corporais,sangue-e-fluidos-corporais,"[""T"", ""G"", ""P""]",candidate_for_atomization,"[""SRC-MTE-NR32"", ""SRC-WHO-HCW"", ""SRC-MS-VISAT""]"
TOPIC-00270,OH09,Agentes Biológicos e Biossegurança,MOD-0036,Risco biológico,Zoonoses ocupacionais,zoonoses-ocupacionais,zoonoses-ocupacionais,"[""T"", ""G"", ""P""]",candidate_for_atomization,"[""SRC-MTE-NR32"", ""SRC-WHO-HCW"", ""SRC-MS-VISAT""]"
TOPIC-00271,OH09,Agentes Biológicos e Biossegurança,MOD-0036,Risco biológico,Risco biológico em laboratório,risco-biologico-em-laboratorio,risco-biologico-em-laboratorio,"[""T"", ""G"", ""P""]",candidate_for_atomization,"[""SRC-MTE-NR32"", ""SRC-WHO-HCW"", ""SRC-MS-VISAT""]"
TOPIC-00272,OH09,Agentes Biológicos e Biossegurança,MOD-0037,Serviços de saúde,NR-32 e riscos biológicos,nr-32-e-riscos-biologicos,nr-32-e-riscos-biologicos,"[""T"", ""G"", ""P""]",candidate_for_atomization,"[""SRC-MTE-NR32"", ""SRC-WHO-HCW"", ""SRC-MS-VISAT""]"
TOPIC-00273,OH09,Agentes Biológicos e Biossegurança,MOD-0037,Serviços de saúde,Acidente com perfurocortante,acidente-com-perfurocortante,acidente-com-perfurocortante,"[""T"", ""G"", ""P""]",candidate_for_atomization,"[""SRC-MTE-NR32"", ""SRC-WHO-HCW"", ""SRC-MS-VISAT""]"
TOPIC-00274,OH09,Agentes Biológicos e Biossegurança,MOD-0037,Serviços de saúde,Exposição a material biológico,exposicao-a-material-biologico,exposicao-a-material-biologico,"[""T"", ""G"", ""P""]",candidate_for_atomization,"[""SRC-MTE-NR32"", ""SRC-WHO-HCW"", ""SRC-MS-VISAT""]"
TOPIC-00275,OH09,Agentes Biológicos e Biossegurança,MOD-0037,Serviços de saúde,Precauções padrão,precaucoes-padrao,precaucoes-padrao,"[""T"", ""G"", ""P""]",candidate_for_atomization,"[""SRC-MTE-NR32"", ""SRC-WHO-HCW"", ""SRC-MS-VISAT""]"
TOPIC-00276,OH09,Agentes Biológicos e Biossegurança,MOD-0037,Serviços de saúde,Dispositivos de segurança,dispositivos-de-seguranca,dispositivos-de-seguranca,"[""T"", ""G"", ""P""]",candidate_for_atomization,"[""SRC-MTE-NR32"", ""SRC-WHO-HCW"", ""SRC-MS-VISAT""]"
TOPIC-00277,OH09,Agentes Biológicos e Biossegurança,MOD-0037,Serviços de saúde,Resíduos de serviços de saúde,residuos-de-servicos-de-saude,residuos-de-servicos-de-saude,"[""T"", ""G"", ""P""]",candidate_for_atomization,"[""SRC-MTE-NR32"", ""SRC-WHO-HCW"", ""SRC-MS-VISAT""]"
TOPIC-00278,OH09,Agentes Biológicos e Biossegurança,MOD-0037,Serviços de saúde,Roupas e lavanderia em serviços de saúde,roupas-e-lavanderia-em-servicos-de-saude,roupas-e-lavanderia-em-servicos-de-saude,"[""T"", ""G"", ""P""]",candidate_for_atomization,"[""SRC-MTE-NR32"", ""SRC-WHO-HCW"", ""SRC-MS-VISAT""]"
TOPIC-00279,OH09,Agentes Biológicos e Biossegurança,MOD-0038,Pós-exposição,Conduta imediata após exposição biológica,conduta-imediata-apos-exposicao-biologica,conduta-imediata-apos-exposicao-biologica,"[""T"", ""G"", ""P""]",candidate_for_atomization,"[""SRC-MTE-NR32"", ""SRC-WHO-HCW"", ""SRC-MS-VISAT""]"
TOPIC-00280,OH09,Agentes Biológicos e Biossegurança,MOD-0038,Pós-exposição,Avaliação da fonte,avaliacao-da-fonte,avaliacao-da-fonte,"[""T"", ""G"", ""P""]",candidate_for_atomization,"[""SRC-MTE-NR32"", ""SRC-WHO-HCW"", ""SRC-MS-VISAT""]"
TOPIC-00281,OH09,Agentes Biológicos e Biossegurança,MOD-0038,Pós-exposição,Avaliação do trabalhador exposto,avaliacao-do-trabalhador-exposto,avaliacao-do-trabalhador-exposto,"[""T"", ""G"", ""P""]",candidate_for_atomization,"[""SRC-MTE-NR32"", ""SRC-WHO-HCW"", ""SRC-MS-VISAT""]"
TOPIC-00282,OH09,Agentes Biológicos e Biossegurança,MOD-0038,Pós-exposição,HIV ocupacional,hiv-ocupacional,hiv-ocupacional,"[""T"", ""G"", ""P""]",candidate_for_atomization,"[""SRC-MTE-NR32"", ""SRC-WHO-HCW"", ""SRC-MS-VISAT""]"
TOPIC-00283,OH09,Agentes Biológicos e Biossegurança,MOD-0038,Pós-exposição,Hepatite B ocupacional,hepatite-b-ocupacional,hepatite-b-ocupacional,"[""T"", ""G"", ""P""]",candidate_for_atomization,"[""SRC-MTE-NR32"", ""SRC-WHO-HCW"", ""SRC-MS-VISAT""]"
TOPIC-00284,OH09,Agentes Biológicos e Biossegurança,MOD-0038,Pós-exposição,Hepatite C ocupacional,hepatite-c-ocupacional,hepatite-c-ocupacional,"[""T"", ""G"", ""P""]",candidate_for_atomization,"[""SRC-MTE-NR32"", ""SRC-WHO-HCW"", ""SRC-MS-VISAT""]"
TOPIC-00285,OH09,Agentes Biológicos e Biossegurança,MOD-0038,Pós-exposição,Seguimento pós-exposição,seguimento-pos-exposicao,seguimento-pos-exposicao,"[""T"", ""G"", ""P""]",candidate_for_atomization,"[""SRC-MTE-NR32"", ""SRC-WHO-HCW"", ""SRC-MS-VISAT""]"
TOPIC-00286,OH09,Agentes Biológicos e Biossegurança,MOD-0038,Pós-exposição,Registro e notificação da exposição,registro-e-notificacao-da-exposicao,registro-e-notificacao-da-exposicao,"[""T"", ""G"", ""P""]",candidate_for_atomization,"[""SRC-MTE-NR32"", ""SRC-WHO-HCW"", ""SRC-MS-VISAT""]"
TOPIC-00287,OH09,Agentes Biológicos e Biossegurança,MOD-0039,Prevenção,Higiene das mãos no trabalho,higiene-das-maos-no-trabalho,higiene-das-maos-no-trabalho,"[""T"", ""G"", ""P""]",candidate_for_atomization,"[""SRC-MTE-NR32"", ""SRC-WHO-HCW"", ""SRC-MS-VISAT""]"
TOPIC-00288,OH09,Agentes Biológicos e Biossegurança,MOD-0039,Prevenção,Vacinação de trabalhadores,vacinacao-de-trabalhadores,vacinacao-de-trabalhadores,"[""T"", ""G"", ""P""]",candidate_for_atomization,"[""SRC-MTE-NR32"", ""SRC-WHO-HCW"", ""SRC-MS-VISAT""]"
TOPIC-00289,OH09,Agentes Biológicos e Biossegurança,MOD-0039,Prevenção,Proteção respiratória em risco biológico,protecao-respiratoria-em-risco-biologico,protecao-respiratoria-em-risco-biologico,"[""T"", ""G"", ""P""]",candidate_for_atomization,"[""SRC-MTE-NR32"", ""SRC-WHO-HCW"", ""SRC-MS-VISAT""]"
TOPIC-00290,OH09,Agentes Biológicos e Biossegurança,MOD-0039,Prevenção,Controle de aerossóis,controle-de-aerossois,controle-de-aerossois,"[""T"", ""G"", ""P""]",candidate_for_atomization,"[""SRC-MTE-NR32"", ""SRC-WHO-HCW"", ""SRC-MS-VISAT""]"
TOPIC-00291,OH09,Agentes Biológicos e Biossegurança,MOD-0039,Prevenção,Treinamento em biossegurança,treinamento-em-biosseguranca,treinamento-em-biosseguranca,"[""T"", ""G"", ""P""]",candidate_for_atomization,"[""SRC-MTE-NR32"", ""SRC-WHO-HCW"", ""SRC-MS-VISAT""]"
TOPIC-00292,OH09,Agentes Biológicos e Biossegurança,MOD-0039,Prevenção,Gestão de exposição biológica,gestao-de-exposicao-biologica,gestao-de-exposicao-biologica,"[""T"", ""G"", ""P""]",candidate_for_atomization,"[""SRC-MTE-NR32"", ""SRC-WHO-HCW"", ""SRC-MS-VISAT""]"
TOPIC-00293,OH10,Ergonomia e Análise do Trabalho,MOD-0040,Fundamentos de ergonomia,Ergonomia física,ergonomia-fisica,ergonomia-fisica,"[""T"", ""G"", ""P""]",candidate_for_atomization,"[""SRC-MTE-NR17"", ""SRC-MTE-NR01""]"
TOPIC-00294,OH10,Ergonomia e Análise do Trabalho,MOD-0040,Fundamentos de ergonomia,Ergonomia cognitiva,ergonomia-cognitiva,ergonomia-cognitiva,"[""T"", ""G"", ""P""]",candidate_for_atomization,"[""SRC-MTE-NR17"", ""SRC-MTE-NR01""]"
TOPIC-00295,OH10,Ergonomia e Análise do Trabalho,MOD-0040,Fundamentos de ergonomia,Ergonomia organizacional,ergonomia-organizacional,ergonomia-organizacional,"[""T"", ""G"", ""P""]",candidate_for_atomization,"[""SRC-MTE-NR17"", ""SRC-MTE-NR01""]"
TOPIC-00296,OH10,Ergonomia e Análise do Trabalho,MOD-0040,Fundamentos de ergonomia,Características psicofisiológicas do trabalhador,caracteristicas-psicofisiologicas-do-trabalhador,caracteristicas-psicofisiologicas-do-trabalhador,"[""T"", ""G"", ""P""]",candidate_for_atomization,"[""SRC-MTE-NR17"", ""SRC-MTE-NR01""]"
TOPIC-00297,OH10,Ergonomia e Análise do Trabalho,MOD-0040,Fundamentos de ergonomia,Adaptação das condições de trabalho,adaptacao-das-condicoes-de-trabalho,adaptacao-das-condicoes-de-trabalho,"[""T"", ""G"", ""P""]",candidate_for_atomization,"[""SRC-MTE-NR17"", ""SRC-MTE-NR01""]"
TOPIC-00298,OH10,Ergonomia e Análise do Trabalho,MOD-0040,Fundamentos de ergonomia,Trabalho prescrito e trabalho real,trabalho-prescrito-e-trabalho-real,trabalho-prescrito-e-trabalho-real,"[""T"", ""G"", ""P""]",candidate_for_atomization,"[""SRC-MTE-NR17"", ""SRC-MTE-NR01""]"
TOPIC-00299,OH10,Ergonomia e Análise do Trabalho,MOD-0041,Biomecânica ocupacional,Postura no trabalho,postura-no-trabalho,postura-no-trabalho,"[""T"", ""G"", ""P""]",candidate_for_atomization,"[""SRC-MTE-NR17"", ""SRC-MTE-NR01""]"
TOPIC-00300,OH10,Ergonomia e Análise do Trabalho,MOD-0041,Biomecânica ocupacional,Força e esforço,forca-e-esforco,forca-e-esforco,"[""T"", ""G"", ""P""]",candidate_for_atomization,"[""SRC-MTE-NR17"", ""SRC-MTE-NR01""]"
TOPIC-00301,OH10,Ergonomia e Análise do Trabalho,MOD-0041,Biomecânica ocupacional,Repetitividade,repetitividade,repetitividade,"[""T"", ""G"", ""P""]",candidate_for_atomization,"[""SRC-MTE-NR17"", ""SRC-MTE-NR01""]"
TOPIC-00302,OH10,Ergonomia e Análise do Trabalho,MOD-0041,Biomecânica ocupacional,Levantamento manual de cargas,levantamento-manual-de-cargas,levantamento-manual-de-cargas,"[""T"", ""G"", ""P""]",candidate_for_atomization,"[""SRC-MTE-NR17"", ""SRC-MTE-NR01""]"
TOPIC-00303,OH10,Ergonomia e Análise do Trabalho,MOD-0041,Biomecânica ocupacional,Transporte manual de cargas,transporte-manual-de-cargas,transporte-manual-de-cargas,"[""T"", ""G"", ""P""]",candidate_for_atomization,"[""SRC-MTE-NR17"", ""SRC-MTE-NR01""]"
TOPIC-00304,OH10,Ergonomia e Análise do Trabalho,MOD-0041,Biomecânica ocupacional,Empurrar e puxar cargas,empurrar-e-puxar-cargas,empurrar-e-puxar-cargas,"[""T"", ""G"", ""P""]",candidate_for_atomization,"[""SRC-MTE-NR17"", ""SRC-MTE-NR01""]"
TOPIC-00305,OH10,Ergonomia e Análise do Trabalho,MOD-0041,Biomecânica ocupacional,Trabalho sentado,trabalho-sentado,trabalho-sentado,"[""T"", ""G"", ""P""]",candidate_for_atomization,"[""SRC-MTE-NR17"", ""SRC-MTE-NR01""]"
TOPIC-00306,OH10,Ergonomia e Análise do Trabalho,MOD-0041,Biomecânica ocupacional,Trabalho em pé,trabalho-em-pe,trabalho-em-pe,"[""T"", ""G"", ""P""]",candidate_for_atomization,"[""SRC-MTE-NR17"", ""SRC-MTE-NR01""]"
TOPIC-00307,OH10,Ergonomia e Análise do Trabalho,MOD-0042,Organização do trabalho,Ritmo de trabalho,ritmo-de-trabalho,ritmo-de-trabalho,"[""T"", ""G"", ""P""]",candidate_for_atomization,"[""SRC-MTE-NR17"", ""SRC-MTE-NR01""]"
TOPIC-00308,OH10,Ergonomia e Análise do Trabalho,MOD-0042,Organização do trabalho,Pausas,pausas,pausas,"[""T"", ""G"", ""P""]",candidate_for_atomization,"[""SRC-MTE-NR17"", ""SRC-MTE-NR01""]"
TOPIC-00309,OH10,Ergonomia e Análise do Trabalho,MOD-0042,Organização do trabalho,Jornada e duração do trabalho,jornada-e-duracao-do-trabalho,jornada-e-duracao-do-trabalho,"[""T"", ""G"", ""P""]",candidate_for_atomization,"[""SRC-MTE-NR17"", ""SRC-MTE-NR01""]"
TOPIC-00310,OH10,Ergonomia e Análise do Trabalho,MOD-0042,Organização do trabalho,Metas e pressão temporal,metas-e-pressao-temporal,metas-e-pressao-temporal,"[""T"", ""G"", ""P""]",candidate_for_atomization,"[""SRC-MTE-NR17"", ""SRC-MTE-NR01""]"
TOPIC-00311,OH10,Ergonomia e Análise do Trabalho,MOD-0042,Organização do trabalho,Monotonia,monotonia,monotonia,"[""T"", ""G"", ""P""]",candidate_for_atomization,"[""SRC-MTE-NR17"", ""SRC-MTE-NR01""]"
TOPIC-00312,OH10,Ergonomia e Análise do Trabalho,MOD-0042,Organização do trabalho,Variabilidade das tarefas,variabilidade-das-tarefas,variabilidade-das-tarefas,"[""T"", ""G"", ""P""]",candidate_for_atomization,"[""SRC-MTE-NR17"", ""SRC-MTE-NR01""]"
TOPIC-00313,OH10,Ergonomia e Análise do Trabalho,MOD-0042,Organização do trabalho,Autonomia e controle sobre o trabalho,autonomia-e-controle-sobre-o-trabalho,autonomia-e-controle-sobre-o-trabalho,"[""T"", ""G"", ""P""]",candidate_for_atomization,"[""SRC-MTE-NR17"", ""SRC-MTE-NR01""]"
TOPIC-00314,OH10,Ergonomia e Análise do Trabalho,MOD-0043,Avaliação ergonômica,Avaliação ergonômica preliminar,avaliacao-ergonomica-preliminar,avaliacao-ergonomica-preliminar,"[""G"", ""P""]",candidate_for_atomization,"[""SRC-MTE-NR17"", ""SRC-MTE-NR01""]"
TOPIC-00315,OH10,Ergonomia e Análise do Trabalho,MOD-0043,Avaliação ergonômica,Análise ergonômica do trabalho,analise-ergonomica-do-trabalho,analise-ergonomica-do-trabalho,"[""G"", ""P""]",candidate_for_atomization,"[""SRC-MTE-NR17"", ""SRC-MTE-NR01""]"
TOPIC-00316,OH10,Ergonomia e Análise do Trabalho,MOD-0043,Avaliação ergonômica,Análise da demanda,analise-da-demanda,analise-da-demanda,"[""G"", ""P""]",candidate_for_atomization,"[""SRC-MTE-NR17"", ""SRC-MTE-NR01""]"
TOPIC-00317,OH10,Ergonomia e Análise do Trabalho,MOD-0043,Avaliação ergonômica,Análise da tarefa,analise-da-tarefa,analise-da-tarefa,"[""G"", ""P""]",candidate_for_atomization,"[""SRC-MTE-NR17"", ""SRC-MTE-NR01""]"
TOPIC-00318,OH10,Ergonomia e Análise do Trabalho,MOD-0043,Avaliação ergonômica,Análise da atividade,analise-da-atividade,analise-da-atividade,"[""G"", ""P""]",candidate_for_atomization,"[""SRC-MTE-NR17"", ""SRC-MTE-NR01""]"
TOPIC-00319,OH10,Ergonomia e Análise do Trabalho,MOD-0043,Avaliação ergonômica,Diagnóstico ergonômico,diagnostico-ergonomico,diagnostico-ergonomico,"[""G"", ""P""]",candidate_for_atomization,"[""SRC-MTE-NR17"", ""SRC-MTE-NR01""]"
TOPIC-00320,OH10,Ergonomia e Análise do Trabalho,MOD-0043,Avaliação ergonômica,Recomendações ergonômicas,recomendacoes-ergonomicas,recomendacoes-ergonomicas,"[""G"", ""P""]",candidate_for_atomization,"[""SRC-MTE-NR17"", ""SRC-MTE-NR01""]"
TOPIC-00321,OH10,Ergonomia e Análise do Trabalho,MOD-0043,Avaliação ergonômica,Acompanhamento da intervenção,acompanhamento-da-intervencao,acompanhamento-da-intervencao,"[""G"", ""P""]",candidate_for_atomization,"[""SRC-MTE-NR17"", ""SRC-MTE-NR01""]"
TOPIC-00322,OH10,Ergonomia e Análise do Trabalho,MOD-0044,Ergonomia contemporânea,Ergonomia no teletrabalho,ergonomia-no-teletrabalho,ergonomia-no-teletrabalho,"[""G"", ""P""]",candidate_for_atomization,"[""SRC-MTE-NR17"", ""SRC-MTE-NR01""]"
TOPIC-00323,OH10,Ergonomia e Análise do Trabalho,MOD-0044,Ergonomia contemporânea,Ergonomia em home office,ergonomia-em-home-office,ergonomia-em-home-office,"[""G"", ""P""]",candidate_for_atomization,"[""SRC-MTE-NR17"", ""SRC-MTE-NR01""]"
TOPIC-00324,OH10,Ergonomia e Análise do Trabalho,MOD-0044,Ergonomia contemporânea,Ergonomia de telas e dispositivos,ergonomia-de-telas-e-dispositivos,ergonomia-de-telas-e-dispositivos,"[""G"", ""P""]",candidate_for_atomization,"[""SRC-MTE-NR17"", ""SRC-MTE-NR01""]"
TOPIC-00325,OH10,Ergonomia e Análise do Trabalho,MOD-0044,Ergonomia contemporânea,Carga cognitiva digital,carga-cognitiva-digital,carga-cognitiva-digital,"[""G"", ""P""]",candidate_for_atomization,"[""SRC-MTE-NR17"", ""SRC-MTE-NR01""]"
TOPIC-00326,OH10,Ergonomia e Análise do Trabalho,MOD-0044,Ergonomia contemporânea,Exoesqueletos ocupacionais,exoesqueletos-ocupacionais,exoesqueletos-ocupacionais,"[""G"", ""P""]",candidate_for_atomization,"[""SRC-MTE-NR17"", ""SRC-MTE-NR01""]"
TOPIC-00327,OH10,Ergonomia e Análise do Trabalho,MOD-0044,Ergonomia contemporânea,Design inclusivo e acessibilidade,design-inclusivo-e-acessibilidade,design-inclusivo-e-acessibilidade,"[""G"", ""P""]",candidate_for_atomization,"[""SRC-MTE-NR17"", ""SRC-MTE-NR01""]"
TOPIC-00328,OH11,"Psicodinâmica, Saúde Mental e Riscos Psicossociais",MOD-0045,Psicodinâmica do trabalho,Psicodinâmica do trabalho,psicodinamica-do-trabalho,psicodinamica-do-trabalho,"[""G"", ""P""]",candidate_for_atomization,"[""SRC-MTE-NR01"", ""SRC-WHO-OH"", ""SRC-NIOSH-TWH"", ""SRC-MS-LDRT""]"
TOPIC-00329,OH11,"Psicodinâmica, Saúde Mental e Riscos Psicossociais",MOD-0045,Psicodinâmica do trabalho,Trabalho prescrito e trabalho real na psicodinâmica,trabalho-prescrito-e-trabalho-real-na-psicodinamica,trabalho-prescrito-e-trabalho-real-na-psicodinamica,"[""G"", ""P""]",candidate_for_atomization,"[""SRC-MTE-NR01"", ""SRC-WHO-OH"", ""SRC-NIOSH-TWH"", ""SRC-MS-LDRT""]"
TOPIC-00330,OH11,"Psicodinâmica, Saúde Mental e Riscos Psicossociais",MOD-0045,Psicodinâmica do trabalho,Prazer no trabalho,prazer-no-trabalho,prazer-no-trabalho,"[""G"", ""P""]",candidate_for_atomization,"[""SRC-MTE-NR01"", ""SRC-WHO-OH"", ""SRC-NIOSH-TWH"", ""SRC-MS-LDRT""]"
TOPIC-00331,OH11,"Psicodinâmica, Saúde Mental e Riscos Psicossociais",MOD-0045,Psicodinâmica do trabalho,Sofrimento no trabalho,sofrimento-no-trabalho,sofrimento-no-trabalho,"[""G"", ""P""]",candidate_for_atomization,"[""SRC-MTE-NR01"", ""SRC-WHO-OH"", ""SRC-NIOSH-TWH"", ""SRC-MS-LDRT""]"
TOPIC-00332,OH11,"Psicodinâmica, Saúde Mental e Riscos Psicossociais",MOD-0045,Psicodinâmica do trabalho,Reconhecimento no trabalho,reconhecimento-no-trabalho,reconhecimento-no-trabalho,"[""G"", ""P""]",candidate_for_atomization,"[""SRC-MTE-NR01"", ""SRC-WHO-OH"", ""SRC-NIOSH-TWH"", ""SRC-MS-LDRT""]"
TOPIC-00333,OH11,"Psicodinâmica, Saúde Mental e Riscos Psicossociais",MOD-0045,Psicodinâmica do trabalho,Estratégias defensivas,estrategias-defensivas,estrategias-defensivas,"[""G"", ""P""]",candidate_for_atomization,"[""SRC-MTE-NR01"", ""SRC-WHO-OH"", ""SRC-NIOSH-TWH"", ""SRC-MS-LDRT""]"
TOPIC-00334,OH11,"Psicodinâmica, Saúde Mental e Riscos Psicossociais",MOD-0045,Psicodinâmica do trabalho,Cooperação e coletivo de trabalho,cooperacao-e-coletivo-de-trabalho,cooperacao-e-coletivo-de-trabalho,"[""G"", ""P""]",candidate_for_atomization,"[""SRC-MTE-NR01"", ""SRC-WHO-OH"", ""SRC-NIOSH-TWH"", ""SRC-MS-LDRT""]"
TOPIC-00335,OH11,"Psicodinâmica, Saúde Mental e Riscos Psicossociais",MOD-0046,Fatores de risco psicossociais,Conceito de fator de risco psicossocial relacionado ao trabalho,conceito-de-fator-de-risco-psicossocial-relacionado-ao-trabalho,conceito-de-fator-de-risco-psicossocial-relacionado-ao-trabalho,"[""T"", ""G"", ""P""]",candidate_for_atomization,"[""SRC-MTE-NR01"", ""SRC-WHO-OH"", ""SRC-NIOSH-TWH"", ""SRC-MS-LDRT""]"
TOPIC-00336,OH11,"Psicodinâmica, Saúde Mental e Riscos Psicossociais",MOD-0046,Fatores de risco psicossociais,Demandas excessivas,demandas-excessivas,demandas-excessivas,"[""T"", ""G"", ""P""]",candidate_for_atomization,"[""SRC-MTE-NR01"", ""SRC-WHO-OH"", ""SRC-NIOSH-TWH"", ""SRC-MS-LDRT""]"
TOPIC-00337,OH11,"Psicodinâmica, Saúde Mental e Riscos Psicossociais",MOD-0046,Fatores de risco psicossociais,Baixo controle sobre o trabalho,baixo-controle-sobre-o-trabalho,baixo-controle-sobre-o-trabalho,"[""T"", ""G"", ""P""]",candidate_for_atomization,"[""SRC-MTE-NR01"", ""SRC-WHO-OH"", ""SRC-NIOSH-TWH"", ""SRC-MS-LDRT""]"
TOPIC-00338,OH11,"Psicodinâmica, Saúde Mental e Riscos Psicossociais",MOD-0046,Fatores de risco psicossociais,Baixo apoio social,baixo-apoio-social,baixo-apoio-social,"[""T"", ""G"", ""P""]",candidate_for_atomization,"[""SRC-MTE-NR01"", ""SRC-WHO-OH"", ""SRC-NIOSH-TWH"", ""SRC-MS-LDRT""]"
TOPIC-00339,OH11,"Psicodinâmica, Saúde Mental e Riscos Psicossociais",MOD-0046,Fatores de risco psicossociais,Insegurança no emprego,inseguranca-no-emprego,inseguranca-no-emprego,"[""T"", ""G"", ""P""]",candidate_for_atomization,"[""SRC-MTE-NR01"", ""SRC-WHO-OH"", ""SRC-NIOSH-TWH"", ""SRC-MS-LDRT""]"
TOPIC-00340,OH11,"Psicodinâmica, Saúde Mental e Riscos Psicossociais",MOD-0046,Fatores de risco psicossociais,Conflito trabalho-família,conflito-trabalho-familia,conflito-trabalho-familia,"[""T"", ""G"", ""P""]",candidate_for_atomization,"[""SRC-MTE-NR01"", ""SRC-WHO-OH"", ""SRC-NIOSH-TWH"", ""SRC-MS-LDRT""]"
TOPIC-00341,OH11,"Psicodinâmica, Saúde Mental e Riscos Psicossociais",MOD-0046,Fatores de risco psicossociais,Violência e assédio,violencia-e-assedio,violencia-e-assedio,"[""T"", ""G"", ""P""]",candidate_for_atomization,"[""SRC-MTE-NR01"", ""SRC-WHO-OH"", ""SRC-NIOSH-TWH"", ""SRC-MS-LDRT""]"
TOPIC-00342,OH11,"Psicodinâmica, Saúde Mental e Riscos Psicossociais",MOD-0046,Fatores de risco psicossociais,Jornadas extensas,jornadas-extensas,jornadas-extensas,"[""T"", ""G"", ""P""]",candidate_for_atomization,"[""SRC-MTE-NR01"", ""SRC-WHO-OH"", ""SRC-NIOSH-TWH"", ""SRC-MS-LDRT""]"
TOPIC-00343,OH11,"Psicodinâmica, Saúde Mental e Riscos Psicossociais",MOD-0046,Fatores de risco psicossociais,Trabalho em turnos e saúde mental,trabalho-em-turnos-e-saude-mental,trabalho-em-turnos-e-saude-mental,"[""T"", ""G"", ""P""]",candidate_for_atomization,"[""SRC-MTE-NR01"", ""SRC-WHO-OH"", ""SRC-NIOSH-TWH"", ""SRC-MS-LDRT""]"
TOPIC-00344,OH11,"Psicodinâmica, Saúde Mental e Riscos Psicossociais",MOD-0047,Agravos em saúde mental,Estresse relacionado ao trabalho,estresse-relacionado-ao-trabalho,estresse-relacionado-ao-trabalho,"[""T"", ""G"", ""P""]",candidate_for_atomization,"[""SRC-MTE-NR01"", ""SRC-WHO-OH"", ""SRC-NIOSH-TWH"", ""SRC-MS-LDRT""]"
TOPIC-00345,OH11,"Psicodinâmica, Saúde Mental e Riscos Psicossociais",MOD-0047,Agravos em saúde mental,Esgotamento profissional,esgotamento-profissional,esgotamento-profissional,"[""T"", ""G"", ""P""]",candidate_for_atomization,"[""SRC-MTE-NR01"", ""SRC-WHO-OH"", ""SRC-NIOSH-TWH"", ""SRC-MS-LDRT""]"
TOPIC-00346,OH11,"Psicodinâmica, Saúde Mental e Riscos Psicossociais",MOD-0047,Agravos em saúde mental,Ansiedade e trabalho,ansiedade-e-trabalho,ansiedade-e-trabalho,"[""T"", ""G"", ""P""]",candidate_for_atomization,"[""SRC-MTE-NR01"", ""SRC-WHO-OH"", ""SRC-NIOSH-TWH"", ""SRC-MS-LDRT""]"
TOPIC-00347,OH11,"Psicodinâmica, Saúde Mental e Riscos Psicossociais",MOD-0047,Agravos em saúde mental,Depressão e trabalho,depressao-e-trabalho,depressao-e-trabalho,"[""T"", ""G"", ""P""]",candidate_for_atomization,"[""SRC-MTE-NR01"", ""SRC-WHO-OH"", ""SRC-NIOSH-TWH"", ""SRC-MS-LDRT""]"
TOPIC-00348,OH11,"Psicodinâmica, Saúde Mental e Riscos Psicossociais",MOD-0047,Agravos em saúde mental,Transtornos relacionados a trauma ocupacional,transtornos-relacionados-a-trauma-ocupacional,transtornos-relacionados-a-trauma-ocupacional,"[""T"", ""G"", ""P""]",candidate_for_atomization,"[""SRC-MTE-NR01"", ""SRC-WHO-OH"", ""SRC-NIOSH-TWH"", ""SRC-MS-LDRT""]"
TOPIC-00349,OH11,"Psicodinâmica, Saúde Mental e Riscos Psicossociais",MOD-0047,Agravos em saúde mental,Uso de álcool e outras drogas no contexto laboral,uso-de-alcool-e-outras-drogas-no-contexto-laboral,uso-de-alcool-e-outras-drogas-no-contexto-laboral,"[""T"", ""G"", ""P""]",candidate_for_atomization,"[""SRC-MTE-NR01"", ""SRC-WHO-OH"", ""SRC-NIOSH-TWH"", ""SRC-MS-LDRT""]"
TOPIC-00350,OH11,"Psicodinâmica, Saúde Mental e Riscos Psicossociais",MOD-0047,Agravos em saúde mental,Risco de suicídio e trabalho,risco-de-suicidio-e-trabalho,risco-de-suicidio-e-trabalho,"[""T"", ""G"", ""P""]",candidate_for_atomization,"[""SRC-MTE-NR01"", ""SRC-WHO-OH"", ""SRC-NIOSH-TWH"", ""SRC-MS-LDRT""]"
TOPIC-00351,OH11,"Psicodinâmica, Saúde Mental e Riscos Psicossociais",MOD-0048,Prevenção e intervenção,Avaliação de riscos psicossociais,avaliacao-de-riscos-psicossociais,avaliacao-de-riscos-psicossociais,"[""G"", ""P""]",candidate_for_atomization,"[""SRC-MTE-NR01"", ""SRC-WHO-OH"", ""SRC-NIOSH-TWH"", ""SRC-MS-LDRT""]"
TOPIC-00352,OH11,"Psicodinâmica, Saúde Mental e Riscos Psicossociais",MOD-0048,Prevenção e intervenção,Intervenções organizacionais em saúde mental,intervencoes-organizacionais-em-saude-mental,intervencoes-organizacionais-em-saude-mental,"[""G"", ""P""]",candidate_for_atomization,"[""SRC-MTE-NR01"", ""SRC-WHO-OH"", ""SRC-NIOSH-TWH"", ""SRC-MS-LDRT""]"
TOPIC-00353,OH11,"Psicodinâmica, Saúde Mental e Riscos Psicossociais",MOD-0048,Prevenção e intervenção,Prevenção do assédio,prevencao-do-assedio,prevencao-do-assedio,"[""G"", ""P""]",candidate_for_atomization,"[""SRC-MTE-NR01"", ""SRC-WHO-OH"", ""SRC-NIOSH-TWH"", ""SRC-MS-LDRT""]"
TOPIC-00354,OH11,"Psicodinâmica, Saúde Mental e Riscos Psicossociais",MOD-0048,Prevenção e intervenção,Programas de apoio ao trabalhador,programas-de-apoio-ao-trabalhador,programas-de-apoio-ao-trabalhador,"[""G"", ""P""]",candidate_for_atomization,"[""SRC-MTE-NR01"", ""SRC-WHO-OH"", ""SRC-NIOSH-TWH"", ""SRC-MS-LDRT""]"
TOPIC-00355,OH11,"Psicodinâmica, Saúde Mental e Riscos Psicossociais",MOD-0048,Prevenção e intervenção,Retorno ao trabalho após transtorno mental,retorno-ao-trabalho-apos-transtorno-mental,retorno-ao-trabalho-apos-transtorno-mental,"[""G"", ""P""]",candidate_for_atomization,"[""SRC-MTE-NR01"", ""SRC-WHO-OH"", ""SRC-NIOSH-TWH"", ""SRC-MS-LDRT""]"
TOPIC-00356,OH11,"Psicodinâmica, Saúde Mental e Riscos Psicossociais",MOD-0048,Prevenção e intervenção,Gestão de crises psicossociais,gestao-de-crises-psicossociais,gestao-de-crises-psicossociais,"[""G"", ""P""]",candidate_for_atomization,"[""SRC-MTE-NR01"", ""SRC-WHO-OH"", ""SRC-NIOSH-TWH"", ""SRC-MS-LDRT""]"
TOPIC-00357,OH12,Doenças e Agravos Relacionados ao Trabalho,MOD-0049,Conceitos e nexo,Doença profissional,doenca-profissional,doenca-profissional,"[""T"", ""G"", ""P""]",candidate_for_atomization,"[""SRC-MS-LDRT"", ""SRC-MS-VISAT"", ""SRC-IARC-MONOGRAPHS""]"
TOPIC-00358,OH12,Doenças e Agravos Relacionados ao Trabalho,MOD-0049,Conceitos e nexo,Doença do trabalho,doenca-do-trabalho,doenca-do-trabalho,"[""T"", ""G"", ""P""]",candidate_for_atomization,"[""SRC-MS-LDRT"", ""SRC-MS-VISAT"", ""SRC-IARC-MONOGRAPHS""]"
TOPIC-00359,OH12,Doenças e Agravos Relacionados ao Trabalho,MOD-0049,Conceitos e nexo,Agravo relacionado ao trabalho,agravo-relacionado-ao-trabalho,agravo-relacionado-ao-trabalho,"[""T"", ""G"", ""P""]",candidate_for_atomization,"[""SRC-MS-LDRT"", ""SRC-MS-VISAT"", ""SRC-IARC-MONOGRAPHS""]"
TOPIC-00360,OH12,Doenças e Agravos Relacionados ao Trabalho,MOD-0049,Conceitos e nexo,Nexo causal e concausalidade,nexo-causal-e-concausalidade,nexo-causal-e-concausalidade,"[""T"", ""G"", ""P""]",candidate_for_atomization,"[""SRC-MS-LDRT"", ""SRC-MS-VISAT"", ""SRC-IARC-MONOGRAPHS""]"
TOPIC-00361,OH12,Doenças e Agravos Relacionados ao Trabalho,MOD-0049,Conceitos e nexo,História ocupacional,historia-ocupacional,historia-ocupacional,"[""T"", ""G"", ""P""]",candidate_for_atomization,"[""SRC-MS-LDRT"", ""SRC-MS-VISAT"", ""SRC-IARC-MONOGRAPHS""]"
TOPIC-00362,OH12,Doenças e Agravos Relacionados ao Trabalho,MOD-0049,Conceitos e nexo,Latência e exposição cumulativa,latencia-e-exposicao-cumulativa,latencia-e-exposicao-cumulativa,"[""T"", ""G"", ""P""]",candidate_for_atomization,"[""SRC-MS-LDRT"", ""SRC-MS-VISAT"", ""SRC-IARC-MONOGRAPHS""]"
TOPIC-00363,OH12,Doenças e Agravos Relacionados ao Trabalho,MOD-0049,Conceitos e nexo,Lista de Doenças Relacionadas ao Trabalho,lista-de-doencas-relacionadas-ao-trabalho,lista-de-doencas-relacionadas-ao-trabalho,"[""T"", ""G"", ""P""]",candidate_for_atomization,"[""SRC-MS-LDRT"", ""SRC-MS-VISAT"", ""SRC-IARC-MONOGRAPHS""]"
TOPIC-00364,OH12,Doenças e Agravos Relacionados ao Trabalho,MOD-0050,Sistema respiratório,Pneumoconioses,pneumoconioses,pneumoconioses,"[""T"", ""G"", ""P""]",candidate_for_atomization,"[""SRC-MS-LDRT"", ""SRC-MS-VISAT"", ""SRC-IARC-MONOGRAPHS""]"
TOPIC-00365,OH12,Doenças e Agravos Relacionados ao Trabalho,MOD-0050,Sistema respiratório,Silicose,silicose,silicose,"[""T"", ""G"", ""P""]",candidate_for_atomization,"[""SRC-MS-LDRT"", ""SRC-MS-VISAT"", ""SRC-IARC-MONOGRAPHS""]"
TOPIC-00366,OH12,Doenças e Agravos Relacionados ao Trabalho,MOD-0050,Sistema respiratório,Asbestose,asbestose,asbestose,"[""T"", ""G"", ""P""]",candidate_for_atomization,"[""SRC-MS-LDRT"", ""SRC-MS-VISAT"", ""SRC-IARC-MONOGRAPHS""]"
TOPIC-00367,OH12,Doenças e Agravos Relacionados ao Trabalho,MOD-0050,Sistema respiratório,Asma relacionada ao trabalho,asma-relacionada-ao-trabalho,asma-relacionada-ao-trabalho,"[""T"", ""G"", ""P""]",candidate_for_atomization,"[""SRC-MS-LDRT"", ""SRC-MS-VISAT"", ""SRC-IARC-MONOGRAPHS""]"
TOPIC-00368,OH12,Doenças e Agravos Relacionados ao Trabalho,MOD-0050,Sistema respiratório,Doença pulmonar por hipersensibilidade,doenca-pulmonar-por-hipersensibilidade,doenca-pulmonar-por-hipersensibilidade,"[""T"", ""G"", ""P""]",candidate_for_atomization,"[""SRC-MS-LDRT"", ""SRC-MS-VISAT"", ""SRC-IARC-MONOGRAPHS""]"
TOPIC-00369,OH12,Doenças e Agravos Relacionados ao Trabalho,MOD-0050,Sistema respiratório,Doença respiratória por irritantes,doenca-respiratoria-por-irritantes,doenca-respiratoria-por-irritantes,"[""T"", ""G"", ""P""]",candidate_for_atomization,"[""SRC-MS-LDRT"", ""SRC-MS-VISAT"", ""SRC-IARC-MONOGRAPHS""]"
TOPIC-00370,OH12,Doenças e Agravos Relacionados ao Trabalho,MOD-0051,Sistema musculoesquelético,LER/DORT,ler-dort,ler-dort,"[""T"", ""G"", ""P""]",candidate_for_atomization,"[""SRC-MS-LDRT"", ""SRC-MS-VISAT"", ""SRC-IARC-MONOGRAPHS""]"
TOPIC-00371,OH12,Doenças e Agravos Relacionados ao Trabalho,MOD-0051,Sistema musculoesquelético,Tendinopatias relacionadas ao trabalho,tendinopatias-relacionadas-ao-trabalho,tendinopatias-relacionadas-ao-trabalho,"[""T"", ""G"", ""P""]",candidate_for_atomization,"[""SRC-MS-LDRT"", ""SRC-MS-VISAT"", ""SRC-IARC-MONOGRAPHS""]"
TOPIC-00372,OH12,Doenças e Agravos Relacionados ao Trabalho,MOD-0051,Sistema musculoesquelético,Síndrome do túnel do carpo e trabalho,sindrome-do-tunel-do-carpo-e-trabalho,sindrome-do-tunel-do-carpo-e-trabalho,"[""T"", ""G"", ""P""]",candidate_for_atomization,"[""SRC-MS-LDRT"", ""SRC-MS-VISAT"", ""SRC-IARC-MONOGRAPHS""]"
TOPIC-00373,OH12,Doenças e Agravos Relacionados ao Trabalho,MOD-0051,Sistema musculoesquelético,Lombalgia e trabalho,lombalgia-e-trabalho,lombalgia-e-trabalho,"[""T"", ""G"", ""P""]",candidate_for_atomization,"[""SRC-MS-LDRT"", ""SRC-MS-VISAT"", ""SRC-IARC-MONOGRAPHS""]"
TOPIC-00374,OH12,Doenças e Agravos Relacionados ao Trabalho,MOD-0051,Sistema musculoesquelético,Dor cervical e trabalho,dor-cervical-e-trabalho,dor-cervical-e-trabalho,"[""T"", ""G"", ""P""]",candidate_for_atomization,"[""SRC-MS-LDRT"", ""SRC-MS-VISAT"", ""SRC-IARC-MONOGRAPHS""]"
TOPIC-00375,OH12,Doenças e Agravos Relacionados ao Trabalho,MOD-0051,Sistema musculoesquelético,Prevenção de distúrbios musculoesqueléticos,prevencao-de-disturbios-musculoesqueleticos,prevencao-de-disturbios-musculoesqueleticos,"[""T"", ""G"", ""P""]",candidate_for_atomization,"[""SRC-MS-LDRT"", ""SRC-MS-VISAT"", ""SRC-IARC-MONOGRAPHS""]"
TOPIC-00376,OH12,Doenças e Agravos Relacionados ao Trabalho,MOD-0052,Audição e otorrinolaringologia,Perda auditiva induzida por ruído,perda-auditiva-induzida-por-ruido,perda-auditiva-induzida-por-ruido,"[""T"", ""G"", ""P""]",candidate_for_atomization,"[""SRC-MS-LDRT"", ""SRC-MS-VISAT"", ""SRC-IARC-MONOGRAPHS""]"
TOPIC-00377,OH12,Doenças e Agravos Relacionados ao Trabalho,MOD-0052,Audição e otorrinolaringologia,Zumbido relacionado ao trabalho,zumbido-relacionado-ao-trabalho,zumbido-relacionado-ao-trabalho,"[""T"", ""G"", ""P""]",candidate_for_atomization,"[""SRC-MS-LDRT"", ""SRC-MS-VISAT"", ""SRC-IARC-MONOGRAPHS""]"
TOPIC-00378,OH12,Doenças e Agravos Relacionados ao Trabalho,MOD-0052,Audição e otorrinolaringologia,Ototoxicidade ocupacional,ototoxicidade-ocupacional,ototoxicidade-ocupacional,"[""T"", ""G"", ""P""]",candidate_for_atomization,"[""SRC-MS-LDRT"", ""SRC-MS-VISAT"", ""SRC-IARC-MONOGRAPHS""]"
TOPIC-00379,OH12,Doenças e Agravos Relacionados ao Trabalho,MOD-0052,Audição e otorrinolaringologia,Vigilância audiológica,vigilancia-audiologica,vigilancia-audiologica,"[""T"", ""G"", ""P""]",candidate_for_atomization,"[""SRC-MS-LDRT"", ""SRC-MS-VISAT"", ""SRC-IARC-MONOGRAPHS""]"
TOPIC-00380,OH12,Doenças e Agravos Relacionados ao Trabalho,MOD-0053,Dermatologia ocupacional,Dermatite de contato irritativa,dermatite-de-contato-irritativa,dermatite-de-contato-irritativa,"[""T"", ""G"", ""P""]",candidate_for_atomization,"[""SRC-MS-LDRT"", ""SRC-MS-VISAT"", ""SRC-IARC-MONOGRAPHS""]"
TOPIC-00381,OH12,Doenças e Agravos Relacionados ao Trabalho,MOD-0053,Dermatologia ocupacional,Dermatite de contato alérgica,dermatite-de-contato-alergica,dermatite-de-contato-alergica,"[""T"", ""G"", ""P""]",candidate_for_atomization,"[""SRC-MS-LDRT"", ""SRC-MS-VISAT"", ""SRC-IARC-MONOGRAPHS""]"
TOPIC-00382,OH12,Doenças e Agravos Relacionados ao Trabalho,MOD-0053,Dermatologia ocupacional,Dermatoses ocupacionais,dermatoses-ocupacionais,dermatoses-ocupacionais,"[""T"", ""G"", ""P""]",candidate_for_atomization,"[""SRC-MS-LDRT"", ""SRC-MS-VISAT"", ""SRC-IARC-MONOGRAPHS""]"
TOPIC-00383,OH12,Doenças e Agravos Relacionados ao Trabalho,MOD-0053,Dermatologia ocupacional,Prevenção de dermatoses,prevencao-de-dermatoses,prevencao-de-dermatoses,"[""T"", ""G"", ""P""]",candidate_for_atomization,"[""SRC-MS-LDRT"", ""SRC-MS-VISAT"", ""SRC-IARC-MONOGRAPHS""]"
TOPIC-00384,OH12,Doenças e Agravos Relacionados ao Trabalho,MOD-0054,Câncer relacionado ao trabalho,Carcinógenos ocupacionais,carcinogenos-ocupacionais,carcinogenos-ocupacionais,"[""G"", ""P""]",candidate_for_atomization,"[""SRC-MS-LDRT"", ""SRC-MS-VISAT"", ""SRC-IARC-MONOGRAPHS""]"
TOPIC-00385,OH12,Doenças e Agravos Relacionados ao Trabalho,MOD-0054,Câncer relacionado ao trabalho,Câncer hematológico e trabalho,cancer-hematologico-e-trabalho,cancer-hematologico-e-trabalho,"[""G"", ""P""]",candidate_for_atomization,"[""SRC-MS-LDRT"", ""SRC-MS-VISAT"", ""SRC-IARC-MONOGRAPHS""]"
TOPIC-00386,OH12,Doenças e Agravos Relacionados ao Trabalho,MOD-0054,Câncer relacionado ao trabalho,Câncer de pulmão ocupacional,cancer-de-pulmao-ocupacional,cancer-de-pulmao-ocupacional,"[""G"", ""P""]",candidate_for_atomization,"[""SRC-MS-LDRT"", ""SRC-MS-VISAT"", ""SRC-IARC-MONOGRAPHS""]"
TOPIC-00387,OH12,Doenças e Agravos Relacionados ao Trabalho,MOD-0054,Câncer relacionado ao trabalho,Mesotelioma,mesotelioma,mesotelioma,"[""G"", ""P""]",candidate_for_atomization,"[""SRC-MS-LDRT"", ""SRC-MS-VISAT"", ""SRC-IARC-MONOGRAPHS""]"
TOPIC-00388,OH12,Doenças e Agravos Relacionados ao Trabalho,MOD-0054,Câncer relacionado ao trabalho,Câncer de pele ocupacional,cancer-de-pele-ocupacional,cancer-de-pele-ocupacional,"[""G"", ""P""]",candidate_for_atomization,"[""SRC-MS-LDRT"", ""SRC-MS-VISAT"", ""SRC-IARC-MONOGRAPHS""]"
TOPIC-00389,OH12,Doenças e Agravos Relacionados ao Trabalho,MOD-0054,Câncer relacionado ao trabalho,Vigilância de câncer relacionado ao trabalho,vigilancia-de-cancer-relacionado-ao-trabalho,vigilancia-de-cancer-relacionado-ao-trabalho,"[""G"", ""P""]",candidate_for_atomization,"[""SRC-MS-LDRT"", ""SRC-MS-VISAT"", ""SRC-IARC-MONOGRAPHS""]"
TOPIC-00390,OH12,Doenças e Agravos Relacionados ao Trabalho,MOD-0055,Outros agravos,Intoxicação exógena relacionada ao trabalho,intoxicacao-exogena-relacionada-ao-trabalho,intoxicacao-exogena-relacionada-ao-trabalho,"[""T"", ""G"", ""P""]",candidate_for_atomization,"[""SRC-MS-LDRT"", ""SRC-MS-VISAT"", ""SRC-IARC-MONOGRAPHS""]"
TOPIC-00391,OH12,Doenças e Agravos Relacionados ao Trabalho,MOD-0055,Outros agravos,Acidente de trabalho grave,acidente-de-trabalho-grave,acidente-de-trabalho-grave,"[""T"", ""G"", ""P""]",candidate_for_atomization,"[""SRC-MS-LDRT"", ""SRC-MS-VISAT"", ""SRC-IARC-MONOGRAPHS""]"
TOPIC-00392,OH12,Doenças e Agravos Relacionados ao Trabalho,MOD-0055,Outros agravos,Amputações traumáticas,amputacoes-traumaticas,amputacoes-traumaticas,"[""T"", ""G"", ""P""]",candidate_for_atomization,"[""SRC-MS-LDRT"", ""SRC-MS-VISAT"", ""SRC-IARC-MONOGRAPHS""]"
TOPIC-00393,OH12,Doenças e Agravos Relacionados ao Trabalho,MOD-0055,Outros agravos,Queimaduras ocupacionais,queimaduras-ocupacionais,queimaduras-ocupacionais,"[""T"", ""G"", ""P""]",candidate_for_atomization,"[""SRC-MS-LDRT"", ""SRC-MS-VISAT"", ""SRC-IARC-MONOGRAPHS""]"
TOPIC-00394,OH12,Doenças e Agravos Relacionados ao Trabalho,MOD-0055,Outros agravos,Doenças infecciosas relacionadas ao trabalho,doencas-infecciosas-relacionadas-ao-trabalho,doencas-infecciosas-relacionadas-ao-trabalho,"[""T"", ""G"", ""P""]",candidate_for_atomization,"[""SRC-MS-LDRT"", ""SRC-MS-VISAT"", ""SRC-IARC-MONOGRAPHS""]"
TOPIC-00395,OH12,Doenças e Agravos Relacionados ao Trabalho,MOD-0055,Outros agravos,Transtornos mentais relacionados ao trabalho,transtornos-mentais-relacionados-ao-trabalho,transtornos-mentais-relacionados-ao-trabalho,"[""T"", ""G"", ""P""]",candidate_for_atomization,"[""SRC-MS-LDRT"", ""SRC-MS-VISAT"", ""SRC-IARC-MONOGRAPHS""]"
TOPIC-00396,OH13,Vigilância em Saúde do Trabalhador,MOD-0056,Fundamentos de VISAT,Vigilância em Saúde do Trabalhador,vigilancia-em-saude-do-trabalhador,vigilancia-em-saude-do-trabalhador,"[""T"", ""G"", ""P""]",candidate_for_atomization,"[""SRC-MS-VISAT"", ""SRC-MS-RENAST"", ""SRC-MS-PNSTT""]"
TOPIC-00397,OH13,Vigilância em Saúde do Trabalhador,MOD-0056,Fundamentos de VISAT,Vigilância de ambientes e processos de trabalho,vigilancia-de-ambientes-e-processos-de-trabalho,vigilancia-de-ambientes-e-processos-de-trabalho,"[""T"", ""G"", ""P""]",candidate_for_atomization,"[""SRC-MS-VISAT"", ""SRC-MS-RENAST"", ""SRC-MS-PNSTT""]"
TOPIC-00398,OH13,Vigilância em Saúde do Trabalhador,MOD-0056,Fundamentos de VISAT,Vigilância epidemiológica em saúde do trabalhador,vigilancia-epidemiologica-em-saude-do-trabalhador,vigilancia-epidemiologica-em-saude-do-trabalhador,"[""T"", ""G"", ""P""]",candidate_for_atomization,"[""SRC-MS-VISAT"", ""SRC-MS-RENAST"", ""SRC-MS-PNSTT""]"
TOPIC-00399,OH13,Vigilância em Saúde do Trabalhador,MOD-0056,Fundamentos de VISAT,Vigilância participativa,vigilancia-participativa,vigilancia-participativa,"[""T"", ""G"", ""P""]",candidate_for_atomization,"[""SRC-MS-VISAT"", ""SRC-MS-RENAST"", ""SRC-MS-PNSTT""]"
TOPIC-00400,OH13,Vigilância em Saúde do Trabalhador,MOD-0056,Fundamentos de VISAT,Território e perfil produtivo,territorio-e-perfil-produtivo,territorio-e-perfil-produtivo,"[""T"", ""G"", ""P""]",candidate_for_atomization,"[""SRC-MS-VISAT"", ""SRC-MS-RENAST"", ""SRC-MS-PNSTT""]"
TOPIC-00401,OH13,Vigilância em Saúde do Trabalhador,MOD-0057,Investigação,Investigação de acidente de trabalho,investigacao-de-acidente-de-trabalho,investigacao-de-acidente-de-trabalho,"[""G"", ""P""]",candidate_for_atomization,"[""SRC-MS-VISAT"", ""SRC-MS-RENAST"", ""SRC-MS-PNSTT""]"
TOPIC-00402,OH13,Vigilância em Saúde do Trabalhador,MOD-0057,Investigação,Investigação de doença relacionada ao trabalho,investigacao-de-doenca-relacionada-ao-trabalho,investigacao-de-doenca-relacionada-ao-trabalho,"[""G"", ""P""]",candidate_for_atomization,"[""SRC-MS-VISAT"", ""SRC-MS-RENAST"", ""SRC-MS-PNSTT""]"
TOPIC-00403,OH13,Vigilância em Saúde do Trabalhador,MOD-0057,Investigação,Inspeção sanitária em saúde do trabalhador,inspecao-sanitaria-em-saude-do-trabalhador,inspecao-sanitaria-em-saude-do-trabalhador,"[""G"", ""P""]",candidate_for_atomization,"[""SRC-MS-VISAT"", ""SRC-MS-RENAST"", ""SRC-MS-PNSTT""]"
TOPIC-00404,OH13,Vigilância em Saúde do Trabalhador,MOD-0057,Investigação,Identificação de trabalhadores expostos,identificacao-de-trabalhadores-expostos,identificacao-de-trabalhadores-expostos,"[""G"", ""P""]",candidate_for_atomization,"[""SRC-MS-VISAT"", ""SRC-MS-RENAST"", ""SRC-MS-PNSTT""]"
TOPIC-00405,OH13,Vigilância em Saúde do Trabalhador,MOD-0057,Investigação,Busca ativa de casos,busca-ativa-de-casos,busca-ativa-de-casos,"[""G"", ""P""]",candidate_for_atomization,"[""SRC-MS-VISAT"", ""SRC-MS-RENAST"", ""SRC-MS-PNSTT""]"
TOPIC-00406,OH13,Vigilância em Saúde do Trabalhador,MOD-0057,Investigação,Análise de cadeia produtiva,analise-de-cadeia-produtiva,analise-de-cadeia-produtiva,"[""G"", ""P""]",candidate_for_atomization,"[""SRC-MS-VISAT"", ""SRC-MS-RENAST"", ""SRC-MS-PNSTT""]"
TOPIC-00407,OH13,Vigilância em Saúde do Trabalhador,MOD-0058,Notificação e sistemas de informação,Notificação de agravos relacionados ao trabalho,notificacao-de-agravos-relacionados-ao-trabalho,notificacao-de-agravos-relacionados-ao-trabalho,"[""T"", ""G"", ""P""]",candidate_for_atomization,"[""SRC-MS-VISAT"", ""SRC-MS-RENAST"", ""SRC-MS-PNSTT""]"
TOPIC-00408,OH13,Vigilância em Saúde do Trabalhador,MOD-0058,Notificação e sistemas de informação,SINAN e saúde do trabalhador,sinan-e-saude-do-trabalhador,sinan-e-saude-do-trabalhador,"[""T"", ""G"", ""P""]",candidate_for_atomization,"[""SRC-MS-VISAT"", ""SRC-MS-RENAST"", ""SRC-MS-PNSTT""]"
TOPIC-00409,OH13,Vigilância em Saúde do Trabalhador,MOD-0058,Notificação e sistemas de informação,Qualidade da notificação,qualidade-da-notificacao,qualidade-da-notificacao,"[""T"", ""G"", ""P""]",candidate_for_atomization,"[""SRC-MS-VISAT"", ""SRC-MS-RENAST"", ""SRC-MS-PNSTT""]"
TOPIC-00410,OH13,Vigilância em Saúde do Trabalhador,MOD-0058,Notificação e sistemas de informação,Subnotificação de agravos ocupacionais,subnotificacao-de-agravos-ocupacionais,subnotificacao-de-agravos-ocupacionais,"[""T"", ""G"", ""P""]",candidate_for_atomization,"[""SRC-MS-VISAT"", ""SRC-MS-RENAST"", ""SRC-MS-PNSTT""]"
TOPIC-00411,OH13,Vigilância em Saúde do Trabalhador,MOD-0058,Notificação e sistemas de informação,Uso de dados para intervenção,uso-de-dados-para-intervencao,uso-de-dados-para-intervencao,"[""T"", ""G"", ""P""]",candidate_for_atomization,"[""SRC-MS-VISAT"", ""SRC-MS-RENAST"", ""SRC-MS-PNSTT""]"
TOPIC-00412,OH13,Vigilância em Saúde do Trabalhador,MOD-0059,Ações de intervenção,Planejamento de ação de vigilância,planejamento-de-acao-de-vigilancia,planejamento-de-acao-de-vigilancia,"[""G"", ""P""]",candidate_for_atomization,"[""SRC-MS-VISAT"", ""SRC-MS-RENAST"", ""SRC-MS-PNSTT""]"
TOPIC-00413,OH13,Vigilância em Saúde do Trabalhador,MOD-0059,Ações de intervenção,Medidas de intervenção no processo de trabalho,medidas-de-intervencao-no-processo-de-trabalho,medidas-de-intervencao-no-processo-de-trabalho,"[""G"", ""P""]",candidate_for_atomization,"[""SRC-MS-VISAT"", ""SRC-MS-RENAST"", ""SRC-MS-PNSTT""]"
TOPIC-00414,OH13,Vigilância em Saúde do Trabalhador,MOD-0059,Ações de intervenção,Articulação intersetorial,articulacao-intersetorial,articulacao-intersetorial,"[""G"", ""P""]",candidate_for_atomization,"[""SRC-MS-VISAT"", ""SRC-MS-RENAST"", ""SRC-MS-PNSTT""]"
TOPIC-00415,OH13,Vigilância em Saúde do Trabalhador,MOD-0059,Ações de intervenção,Comunicação de risco em VISAT,comunicacao-de-risco-em-visat,comunicacao-de-risco-em-visat,"[""G"", ""P""]",candidate_for_atomization,"[""SRC-MS-VISAT"", ""SRC-MS-RENAST"", ""SRC-MS-PNSTT""]"
TOPIC-00416,OH13,Vigilância em Saúde do Trabalhador,MOD-0059,Ações de intervenção,Avaliação de efetividade de intervenção,avaliacao-de-efetividade-de-intervencao,avaliacao-de-efetividade-de-intervencao,"[""G"", ""P""]",candidate_for_atomization,"[""SRC-MS-VISAT"", ""SRC-MS-RENAST"", ""SRC-MS-PNSTT""]"
TOPIC-00417,OH14,"Legislação, Normas e Governança de SST",MOD-0060,Bases jurídicas,Constituição e direito à saúde do trabalhador,constituicao-e-direito-a-saude-do-trabalhador,constituicao-e-direito-a-saude-do-trabalhador,"[""G"", ""P""]",candidate_for_atomization,"[""SRC-MTE-NRS-INDEX"", ""SRC-MS-PNSTT""]"
TOPIC-00418,OH14,"Legislação, Normas e Governança de SST",MOD-0060,Bases jurídicas,Lei 8.080 e saúde do trabalhador,lei-8-080-e-saude-do-trabalhador,lei-8-080-e-saude-do-trabalhador,"[""G"", ""P""]",candidate_for_atomization,"[""SRC-MTE-NRS-INDEX"", ""SRC-MS-PNSTT""]"
TOPIC-00419,OH14,"Legislação, Normas e Governança de SST",MOD-0060,Bases jurídicas,CLT e segurança e saúde no trabalho,clt-e-seguranca-e-saude-no-trabalho,clt-e-seguranca-e-saude-no-trabalho,"[""G"", ""P""]",candidate_for_atomization,"[""SRC-MTE-NRS-INDEX"", ""SRC-MS-PNSTT""]"
TOPIC-00420,OH14,"Legislação, Normas e Governança de SST",MOD-0060,Bases jurídicas,Lei 8.213 e acidente do trabalho,lei-8-213-e-acidente-do-trabalho,lei-8-213-e-acidente-do-trabalho,"[""G"", ""P""]",candidate_for_atomization,"[""SRC-MTE-NRS-INDEX"", ""SRC-MS-PNSTT""]"
TOPIC-00421,OH14,"Legislação, Normas e Governança de SST",MOD-0060,Bases jurídicas,Decreto 3.048 e previdência social,decreto-3-048-e-previdencia-social,decreto-3-048-e-previdencia-social,"[""G"", ""P""]",candidate_for_atomization,"[""SRC-MTE-NRS-INDEX"", ""SRC-MS-PNSTT""]"
TOPIC-00422,OH14,"Legislação, Normas e Governança de SST",MOD-0060,Bases jurídicas,Responsabilidade civil em SST,responsabilidade-civil-em-sst,responsabilidade-civil-em-sst,"[""G"", ""P""]",candidate_for_atomization,"[""SRC-MTE-NRS-INDEX"", ""SRC-MS-PNSTT""]"
TOPIC-00423,OH14,"Legislação, Normas e Governança de SST",MOD-0060,Bases jurídicas,Responsabilidade administrativa em SST,responsabilidade-administrativa-em-sst,responsabilidade-administrativa-em-sst,"[""G"", ""P""]",candidate_for_atomization,"[""SRC-MTE-NRS-INDEX"", ""SRC-MS-PNSTT""]"
TOPIC-00424,OH14,"Legislação, Normas e Governança de SST",MOD-0060,Bases jurídicas,Responsabilidade penal e segurança do trabalho,responsabilidade-penal-e-seguranca-do-trabalho,responsabilidade-penal-e-seguranca-do-trabalho,"[""G"", ""P""]",candidate_for_atomization,"[""SRC-MTE-NRS-INDEX"", ""SRC-MS-PNSTT""]"
TOPIC-00425,OH14,"Legislação, Normas e Governança de SST",MOD-0061,Normas Regulamentadoras,Estrutura das Normas Regulamentadoras,estrutura-das-normas-regulamentadoras,estrutura-das-normas-regulamentadoras,"[""T"", ""G"", ""P""]",candidate_for_atomization,"[""SRC-MTE-NRS-INDEX"", ""SRC-MS-PNSTT""]"
TOPIC-00426,OH14,"Legislação, Normas e Governança de SST",MOD-0061,Normas Regulamentadoras,NR-1 disposições gerais e GRO,nr-1-disposicoes-gerais-e-gro,nr-1-disposicoes-gerais-e-gro,"[""T"", ""G"", ""P""]",candidate_for_atomization,"[""SRC-MTE-NRS-INDEX"", ""SRC-MS-PNSTT""]"
TOPIC-00427,OH14,"Legislação, Normas e Governança de SST",MOD-0061,Normas Regulamentadoras,NR-4 SESMT,nr-4-sesmt,nr-4-sesmt,"[""T"", ""G"", ""P""]",candidate_for_atomization,"[""SRC-MTE-NRS-INDEX"", ""SRC-MS-PNSTT""]"
TOPIC-00428,OH14,"Legislação, Normas e Governança de SST",MOD-0061,Normas Regulamentadoras,NR-5 CIPA,nr-5-cipa,nr-5-cipa,"[""T"", ""G"", ""P""]",candidate_for_atomization,"[""SRC-MTE-NRS-INDEX"", ""SRC-MS-PNSTT""]"
TOPIC-00429,OH14,"Legislação, Normas e Governança de SST",MOD-0061,Normas Regulamentadoras,NR-6 EPI,nr-6-epi,nr-6-epi,"[""T"", ""G"", ""P""]",candidate_for_atomization,"[""SRC-MTE-NRS-INDEX"", ""SRC-MS-PNSTT""]"
TOPIC-00430,OH14,"Legislação, Normas e Governança de SST",MOD-0061,Normas Regulamentadoras,NR-7 PCMSO,nr-7-pcmso,nr-7-pcmso,"[""T"", ""G"", ""P""]",candidate_for_atomization,"[""SRC-MTE-NRS-INDEX"", ""SRC-MS-PNSTT""]"
TOPIC-00431,OH14,"Legislação, Normas e Governança de SST",MOD-0061,Normas Regulamentadoras,NR-9 exposições ocupacionais,nr-9-exposicoes-ocupacionais,nr-9-exposicoes-ocupacionais,"[""T"", ""G"", ""P""]",candidate_for_atomization,"[""SRC-MTE-NRS-INDEX"", ""SRC-MS-PNSTT""]"
TOPIC-00432,OH14,"Legislação, Normas e Governança de SST",MOD-0061,Normas Regulamentadoras,NR-15 insalubridade,nr-15-insalubridade,nr-15-insalubridade,"[""T"", ""G"", ""P""]",candidate_for_atomization,"[""SRC-MTE-NRS-INDEX"", ""SRC-MS-PNSTT""]"
TOPIC-00433,OH14,"Legislação, Normas e Governança de SST",MOD-0061,Normas Regulamentadoras,NR-16 periculosidade,nr-16-periculosidade,nr-16-periculosidade,"[""T"", ""G"", ""P""]",candidate_for_atomization,"[""SRC-MTE-NRS-INDEX"", ""SRC-MS-PNSTT""]"
TOPIC-00434,OH14,"Legislação, Normas e Governança de SST",MOD-0061,Normas Regulamentadoras,NR-17 ergonomia,nr-17-ergonomia,nr-17-ergonomia,"[""T"", ""G"", ""P""]",candidate_for_atomization,"[""SRC-MTE-NRS-INDEX"", ""SRC-MS-PNSTT""]"
TOPIC-00435,OH14,"Legislação, Normas e Governança de SST",MOD-0061,Normas Regulamentadoras,NR-32 serviços de saúde,nr-32-servicos-de-saude,nr-32-servicos-de-saude,"[""T"", ""G"", ""P""]",candidate_for_atomization,"[""SRC-MTE-NRS-INDEX"", ""SRC-MS-PNSTT""]"
TOPIC-00436,OH14,"Legislação, Normas e Governança de SST",MOD-0061,Normas Regulamentadoras,NR-33 espaço confinado,nr-33-espaco-confinado,nr-33-espaco-confinado,"[""T"", ""G"", ""P""]",candidate_for_atomization,"[""SRC-MTE-NRS-INDEX"", ""SRC-MS-PNSTT""]"
TOPIC-00437,OH14,"Legislação, Normas e Governança de SST",MOD-0061,Normas Regulamentadoras,NR-35 trabalho em altura,nr-35-trabalho-em-altura,nr-35-trabalho-em-altura,"[""T"", ""G"", ""P""]",candidate_for_atomization,"[""SRC-MTE-NRS-INDEX"", ""SRC-MS-PNSTT""]"
TOPIC-00438,OH14,"Legislação, Normas e Governança de SST",MOD-0062,Governança e conformidade,Hierarquia de fontes normativas,hierarquia-de-fontes-normativas,hierarquia-de-fontes-normativas,"[""G"", ""P""]",candidate_for_atomization,"[""SRC-MTE-NRS-INDEX"", ""SRC-MS-PNSTT""]"
TOPIC-00439,OH14,"Legislação, Normas e Governança de SST",MOD-0062,Governança e conformidade,Requisito legal e requisito técnico,requisito-legal-e-requisito-tecnico,requisito-legal-e-requisito-tecnico,"[""G"", ""P""]",candidate_for_atomization,"[""SRC-MTE-NRS-INDEX"", ""SRC-MS-PNSTT""]"
TOPIC-00440,OH14,"Legislação, Normas e Governança de SST",MOD-0062,Governança e conformidade,Matriz de requisitos legais,matriz-de-requisitos-legais,matriz-de-requisitos-legais,"[""G"", ""P""]",candidate_for_atomization,"[""SRC-MTE-NRS-INDEX"", ""SRC-MS-PNSTT""]"
TOPIC-00441,OH14,"Legislação, Normas e Governança de SST",MOD-0062,Governança e conformidade,Gestão de mudanças regulatórias,gestao-de-mudancas-regulatorias,gestao-de-mudancas-regulatorias,"[""G"", ""P""]",candidate_for_atomization,"[""SRC-MTE-NRS-INDEX"", ""SRC-MS-PNSTT""]"
TOPIC-00442,OH14,"Legislação, Normas e Governança de SST",MOD-0062,Governança e conformidade,Evidência de conformidade,evidencia-de-conformidade,evidencia-de-conformidade,"[""G"", ""P""]",candidate_for_atomization,"[""SRC-MTE-NRS-INDEX"", ""SRC-MS-PNSTT""]"
TOPIC-00443,OH14,"Legislação, Normas e Governança de SST",MOD-0062,Governança e conformidade,Auditoria de conformidade,auditoria-de-conformidade,auditoria-de-conformidade,"[""G"", ""P""]",candidate_for_atomization,"[""SRC-MTE-NRS-INDEX"", ""SRC-MS-PNSTT""]"
TOPIC-00444,OH14,"Legislação, Normas e Governança de SST",MOD-0062,Governança e conformidade,Não conformidade e ação corretiva,nao-conformidade-e-acao-corretiva,nao-conformidade-e-acao-corretiva,"[""G"", ""P""]",candidate_for_atomization,"[""SRC-MTE-NRS-INDEX"", ""SRC-MS-PNSTT""]"
TOPIC-00445,OH15,GRO e PGR,MOD-0063,Gerenciamento de Riscos Ocupacionais,Conceito de GRO,conceito-de-gro,conceito-de-gro,"[""T"", ""G"", ""P""]",candidate_for_atomization,"[""SRC-MTE-NR01"", ""SRC-MTE-NR09""]"
TOPIC-00446,OH15,GRO e PGR,MOD-0063,Gerenciamento de Riscos Ocupacionais,Escopo do gerenciamento de riscos ocupacionais,escopo-do-gerenciamento-de-riscos-ocupacionais,escopo-do-gerenciamento-de-riscos-ocupacionais,"[""T"", ""G"", ""P""]",candidate_for_atomization,"[""SRC-MTE-NR01"", ""SRC-MTE-NR09""]"
TOPIC-00447,OH15,GRO e PGR,MOD-0063,Gerenciamento de Riscos Ocupacionais,Levantamento preliminar de perigos,levantamento-preliminar-de-perigos,levantamento-preliminar-de-perigos,"[""T"", ""G"", ""P""]",candidate_for_atomization,"[""SRC-MTE-NR01"", ""SRC-MTE-NR09""]"
TOPIC-00448,OH15,GRO e PGR,MOD-0063,Gerenciamento de Riscos Ocupacionais,Identificação de perigos,identificacao-de-perigos,identificacao-de-perigos,"[""T"", ""G"", ""P""]",candidate_for_atomization,"[""SRC-MTE-NR01"", ""SRC-MTE-NR09""]"
TOPIC-00449,OH15,GRO e PGR,MOD-0063,Gerenciamento de Riscos Ocupacionais,Avaliação de riscos ocupacionais,avaliacao-de-riscos-ocupacionais,avaliacao-de-riscos-ocupacionais,"[""T"", ""G"", ""P""]",candidate_for_atomization,"[""SRC-MTE-NR01"", ""SRC-MTE-NR09""]"
TOPIC-00450,OH15,GRO e PGR,MOD-0063,Gerenciamento de Riscos Ocupacionais,Classificação de riscos,classificacao-de-riscos,classificacao-de-riscos,"[""T"", ""G"", ""P""]",candidate_for_atomization,"[""SRC-MTE-NR01"", ""SRC-MTE-NR09""]"
TOPIC-00451,OH15,GRO e PGR,MOD-0063,Gerenciamento de Riscos Ocupacionais,Critérios de severidade e probabilidade,criterios-de-severidade-e-probabilidade,criterios-de-severidade-e-probabilidade,"[""T"", ""G"", ""P""]",candidate_for_atomization,"[""SRC-MTE-NR01"", ""SRC-MTE-NR09""]"
TOPIC-00452,OH15,GRO e PGR,MOD-0063,Gerenciamento de Riscos Ocupacionais,Reavaliação de riscos,reavaliacao-de-riscos,reavaliacao-de-riscos,"[""T"", ""G"", ""P""]",candidate_for_atomization,"[""SRC-MTE-NR01"", ""SRC-MTE-NR09""]"
TOPIC-00453,OH15,GRO e PGR,MOD-0064,Programa de Gerenciamento de Riscos,Conceito de PGR,conceito-de-pgr,conceito-de-pgr,"[""T"", ""G"", ""P""]",candidate_for_atomization,"[""SRC-MTE-NR01"", ""SRC-MTE-NR09""]"
TOPIC-00454,OH15,GRO e PGR,MOD-0064,Programa de Gerenciamento de Riscos,Inventário de riscos ocupacionais,inventario-de-riscos-ocupacionais,inventario-de-riscos-ocupacionais,"[""T"", ""G"", ""P""]",candidate_for_atomization,"[""SRC-MTE-NR01"", ""SRC-MTE-NR09""]"
TOPIC-00455,OH15,GRO e PGR,MOD-0064,Programa de Gerenciamento de Riscos,Plano de ação do PGR,plano-de-acao-do-pgr,plano-de-acao-do-pgr,"[""T"", ""G"", ""P""]",candidate_for_atomization,"[""SRC-MTE-NR01"", ""SRC-MTE-NR09""]"
TOPIC-00456,OH15,GRO e PGR,MOD-0064,Programa de Gerenciamento de Riscos,Documentação do PGR,documentacao-do-pgr,documentacao-do-pgr,"[""T"", ""G"", ""P""]",candidate_for_atomization,"[""SRC-MTE-NR01"", ""SRC-MTE-NR09""]"
TOPIC-00457,OH15,GRO e PGR,MOD-0064,Programa de Gerenciamento de Riscos,Implementação das medidas de prevenção,implementacao-das-medidas-de-prevencao,implementacao-das-medidas-de-prevencao,"[""T"", ""G"", ""P""]",candidate_for_atomization,"[""SRC-MTE-NR01"", ""SRC-MTE-NR09""]"
TOPIC-00458,OH15,GRO e PGR,MOD-0064,Programa de Gerenciamento de Riscos,Acompanhamento das medidas,acompanhamento-das-medidas,acompanhamento-das-medidas,"[""T"", ""G"", ""P""]",candidate_for_atomization,"[""SRC-MTE-NR01"", ""SRC-MTE-NR09""]"
TOPIC-00459,OH15,GRO e PGR,MOD-0064,Programa de Gerenciamento de Riscos,Consulta e participação dos trabalhadores,consulta-e-participacao-dos-trabalhadores,consulta-e-participacao-dos-trabalhadores,"[""T"", ""G"", ""P""]",candidate_for_atomization,"[""SRC-MTE-NR01"", ""SRC-MTE-NR09""]"
TOPIC-00460,OH15,GRO e PGR,MOD-0065,Integrações,Integração PGR e PCMSO,integracao-pgr-e-pcmso,integracao-pgr-e-pcmso,"[""G"", ""P""]",candidate_for_atomization,"[""SRC-MTE-NR01"", ""SRC-MTE-NR09""]"
TOPIC-00461,OH15,GRO e PGR,MOD-0065,Integrações,Integração PGR e ergonomia,integracao-pgr-e-ergonomia,integracao-pgr-e-ergonomia,"[""G"", ""P""]",candidate_for_atomization,"[""SRC-MTE-NR01"", ""SRC-MTE-NR09""]"
TOPIC-00462,OH15,GRO e PGR,MOD-0065,Integrações,Integração PGR e higiene ocupacional,integracao-pgr-e-higiene-ocupacional,integracao-pgr-e-higiene-ocupacional,"[""G"", ""P""]",candidate_for_atomization,"[""SRC-MTE-NR01"", ""SRC-MTE-NR09""]"
TOPIC-00463,OH15,GRO e PGR,MOD-0065,Integrações,Integração PGR e fatores psicossociais,integracao-pgr-e-fatores-psicossociais,integracao-pgr-e-fatores-psicossociais,"[""G"", ""P""]",candidate_for_atomization,"[""SRC-MTE-NR01"", ""SRC-MTE-NR09""]"
TOPIC-00464,OH15,GRO e PGR,MOD-0065,Integrações,Integração PGR e gestão de emergências,integracao-pgr-e-gestao-de-emergencias,integracao-pgr-e-gestao-de-emergencias,"[""G"", ""P""]",candidate_for_atomization,"[""SRC-MTE-NR01"", ""SRC-MTE-NR09""]"
TOPIC-00465,OH15,GRO e PGR,MOD-0065,Integrações,Gestão de contratadas no PGR,gestao-de-contratadas-no-pgr,gestao-de-contratadas-no-pgr,"[""G"", ""P""]",candidate_for_atomization,"[""SRC-MTE-NR01"", ""SRC-MTE-NR09""]"
TOPIC-00466,OH15,GRO e PGR,MOD-0066,Legado PPRA,História do PPRA,historia-do-ppra,historia-do-ppra,"[""G"", ""P""]",candidate_for_atomization,"[""SRC-MTE-NR01"", ""SRC-MTE-NR09""]"
TOPIC-00467,OH15,GRO e PGR,MOD-0066,Legado PPRA,Transição PPRA para GRO e PGR,transicao-ppra-para-gro-e-pgr,transicao-ppra-para-gro-e-pgr,"[""G"", ""P""]",candidate_for_atomization,"[""SRC-MTE-NR01"", ""SRC-MTE-NR09""]"
TOPIC-00468,OH15,GRO e PGR,MOD-0066,Legado PPRA,Leitura de PPRA histórico,leitura-de-ppra-historico,leitura-de-ppra-historico,"[""G"", ""P""]",candidate_for_atomization,"[""SRC-MTE-NR01"", ""SRC-MTE-NR09""]"
TOPIC-00469,OH15,GRO e PGR,MOD-0066,Legado PPRA,Passivos documentais do PPRA,passivos-documentais-do-ppra,passivos-documentais-do-ppra,"[""G"", ""P""]",candidate_for_atomization,"[""SRC-MTE-NR01"", ""SRC-MTE-NR09""]"
TOPIC-00470,OH15,GRO e PGR,MOD-0066,Legado PPRA,Diferenças entre PPRA e PGR,diferencas-entre-ppra-e-pgr,diferencas-entre-ppra-e-pgr,"[""G"", ""P""]",candidate_for_atomization,"[""SRC-MTE-NR01"", ""SRC-MTE-NR09""]"
TOPIC-00471,OH16,"PCMSO, ASO e Monitoramento da Saúde",MOD-0067,Fundamentos do PCMSO,Objetivo do PCMSO,objetivo-do-pcmso,objetivo-do-pcmso,"[""T"", ""G"", ""P""]",candidate_for_atomization,"[""SRC-MTE-NR07"", ""SRC-ESOCIAL-DOC""]"
TOPIC-00472,OH16,"PCMSO, ASO e Monitoramento da Saúde",MOD-0067,Fundamentos do PCMSO,Relação entre riscos ocupacionais e PCMSO,relacao-entre-riscos-ocupacionais-e-pcmso,relacao-entre-riscos-ocupacionais-e-pcmso,"[""T"", ""G"", ""P""]",candidate_for_atomization,"[""SRC-MTE-NR07"", ""SRC-ESOCIAL-DOC""]"
TOPIC-00473,OH16,"PCMSO, ASO e Monitoramento da Saúde",MOD-0067,Fundamentos do PCMSO,Responsabilidades no PCMSO,responsabilidades-no-pcmso,responsabilidades-no-pcmso,"[""T"", ""G"", ""P""]",candidate_for_atomization,"[""SRC-MTE-NR07"", ""SRC-ESOCIAL-DOC""]"
TOPIC-00474,OH16,"PCMSO, ASO e Monitoramento da Saúde",MOD-0067,Fundamentos do PCMSO,Planejamento do PCMSO,planejamento-do-pcmso,planejamento-do-pcmso,"[""T"", ""G"", ""P""]",candidate_for_atomization,"[""SRC-MTE-NR07"", ""SRC-ESOCIAL-DOC""]"
TOPIC-00475,OH16,"PCMSO, ASO e Monitoramento da Saúde",MOD-0067,Fundamentos do PCMSO,Vigilância passiva e ativa da saúde,vigilancia-passiva-e-ativa-da-saude,vigilancia-passiva-e-ativa-da-saude,"[""T"", ""G"", ""P""]",candidate_for_atomization,"[""SRC-MTE-NR07"", ""SRC-ESOCIAL-DOC""]"
TOPIC-00476,OH16,"PCMSO, ASO e Monitoramento da Saúde",MOD-0068,Exames ocupacionais,Exame admissional,exame-admissional,exame-admissional,"[""T"", ""G"", ""P""]",candidate_for_atomization,"[""SRC-MTE-NR07"", ""SRC-ESOCIAL-DOC""]"
TOPIC-00477,OH16,"PCMSO, ASO e Monitoramento da Saúde",MOD-0068,Exames ocupacionais,Exame periódico,exame-periodico,exame-periodico,"[""T"", ""G"", ""P""]",candidate_for_atomization,"[""SRC-MTE-NR07"", ""SRC-ESOCIAL-DOC""]"
TOPIC-00478,OH16,"PCMSO, ASO e Monitoramento da Saúde",MOD-0068,Exames ocupacionais,Exame de retorno ao trabalho,exame-de-retorno-ao-trabalho,exame-de-retorno-ao-trabalho,"[""T"", ""G"", ""P""]",candidate_for_atomization,"[""SRC-MTE-NR07"", ""SRC-ESOCIAL-DOC""]"
TOPIC-00479,OH16,"PCMSO, ASO e Monitoramento da Saúde",MOD-0068,Exames ocupacionais,Exame de mudança de risco ocupacional,exame-de-mudanca-de-risco-ocupacional,exame-de-mudanca-de-risco-ocupacional,"[""T"", ""G"", ""P""]",candidate_for_atomization,"[""SRC-MTE-NR07"", ""SRC-ESOCIAL-DOC""]"
TOPIC-00480,OH16,"PCMSO, ASO e Monitoramento da Saúde",MOD-0068,Exames ocupacionais,Exame demissional,exame-demissional,exame-demissional,"[""T"", ""G"", ""P""]",candidate_for_atomization,"[""SRC-MTE-NR07"", ""SRC-ESOCIAL-DOC""]"
TOPIC-00481,OH16,"PCMSO, ASO e Monitoramento da Saúde",MOD-0068,Exames ocupacionais,Exames complementares ocupacionais,exames-complementares-ocupacionais,exames-complementares-ocupacionais,"[""T"", ""G"", ""P""]",candidate_for_atomization,"[""SRC-MTE-NR07"", ""SRC-ESOCIAL-DOC""]"
TOPIC-00482,OH16,"PCMSO, ASO e Monitoramento da Saúde",MOD-0069,ASO e prontuário,Atestado de Saúde Ocupacional,atestado-de-saude-ocupacional,atestado-de-saude-ocupacional,"[""T"", ""G"", ""P""]",candidate_for_atomization,"[""SRC-MTE-NR07"", ""SRC-ESOCIAL-DOC""]"
TOPIC-00483,OH16,"PCMSO, ASO e Monitoramento da Saúde",MOD-0069,ASO e prontuário,Conteúdo do ASO,conteudo-do-aso,conteudo-do-aso,"[""T"", ""G"", ""P""]",candidate_for_atomization,"[""SRC-MTE-NR07"", ""SRC-ESOCIAL-DOC""]"
TOPIC-00484,OH16,"PCMSO, ASO e Monitoramento da Saúde",MOD-0069,ASO e prontuário,Aptidão ocupacional como conceito médico,aptidao-ocupacional-como-conceito-medico,aptidao-ocupacional-como-conceito-medico,"[""T"", ""G"", ""P""]",candidate_for_atomization,"[""SRC-MTE-NR07"", ""SRC-ESOCIAL-DOC""]"
TOPIC-00485,OH16,"PCMSO, ASO e Monitoramento da Saúde",MOD-0069,ASO e prontuário,Prontuário médico ocupacional,prontuario-medico-ocupacional,prontuario-medico-ocupacional,"[""T"", ""G"", ""P""]",candidate_for_atomization,"[""SRC-MTE-NR07"", ""SRC-ESOCIAL-DOC""]"
TOPIC-00486,OH16,"PCMSO, ASO e Monitoramento da Saúde",MOD-0069,ASO e prontuário,Confidencialidade dos dados clínicos,confidencialidade-dos-dados-clinicos,confidencialidade-dos-dados-clinicos,"[""T"", ""G"", ""P""]",candidate_for_atomization,"[""SRC-MTE-NR07"", ""SRC-ESOCIAL-DOC""]"
TOPIC-00487,OH16,"PCMSO, ASO e Monitoramento da Saúde",MOD-0069,ASO e prontuário,Guarda de registros ocupacionais,guarda-de-registros-ocupacionais,guarda-de-registros-ocupacionais,"[""T"", ""G"", ""P""]",candidate_for_atomization,"[""SRC-MTE-NR07"", ""SRC-ESOCIAL-DOC""]"
TOPIC-00488,OH16,"PCMSO, ASO e Monitoramento da Saúde",MOD-0070,Relatório e análise coletiva,Relatório analítico do PCMSO,relatorio-analitico-do-pcmso,relatorio-analitico-do-pcmso,"[""G"", ""P""]",candidate_for_atomization,"[""SRC-MTE-NR07"", ""SRC-ESOCIAL-DOC""]"
TOPIC-00489,OH16,"PCMSO, ASO e Monitoramento da Saúde",MOD-0070,Relatório e análise coletiva,Análise epidemiológica dos resultados,analise-epidemiologica-dos-resultados,analise-epidemiologica-dos-resultados,"[""G"", ""P""]",candidate_for_atomization,"[""SRC-MTE-NR07"", ""SRC-ESOCIAL-DOC""]"
TOPIC-00490,OH16,"PCMSO, ASO e Monitoramento da Saúde",MOD-0070,Relatório e análise coletiva,Detecção de agravos relacionados ao trabalho,deteccao-de-agravos-relacionados-ao-trabalho,deteccao-de-agravos-relacionados-ao-trabalho,"[""G"", ""P""]",candidate_for_atomization,"[""SRC-MTE-NR07"", ""SRC-ESOCIAL-DOC""]"
TOPIC-00491,OH16,"PCMSO, ASO e Monitoramento da Saúde",MOD-0070,Relatório e análise coletiva,Encaminhamento de achados,encaminhamento-de-achados,encaminhamento-de-achados,"[""G"", ""P""]",candidate_for_atomization,"[""SRC-MTE-NR07"", ""SRC-ESOCIAL-DOC""]"
TOPIC-00492,OH16,"PCMSO, ASO e Monitoramento da Saúde",MOD-0070,Relatório e análise coletiva,Ações preventivas derivadas do PCMSO,acoes-preventivas-derivadas-do-pcmso,acoes-preventivas-derivadas-do-pcmso,"[""G"", ""P""]",candidate_for_atomization,"[""SRC-MTE-NR07"", ""SRC-ESOCIAL-DOC""]"
TOPIC-00493,OH16,"PCMSO, ASO e Monitoramento da Saúde",MOD-0071,Papel da Enfermagem,Acolhimento em saúde ocupacional,acolhimento-em-saude-ocupacional,acolhimento-em-saude-ocupacional,"[""T"", ""G"", ""P""]",candidate_for_atomization,"[""SRC-MTE-NR07"", ""SRC-ESOCIAL-DOC""]"
TOPIC-00494,OH16,"PCMSO, ASO e Monitoramento da Saúde",MOD-0071,Papel da Enfermagem,Preparo para exames ocupacionais,preparo-para-exames-ocupacionais,preparo-para-exames-ocupacionais,"[""T"", ""G"", ""P""]",candidate_for_atomization,"[""SRC-MTE-NR07"", ""SRC-ESOCIAL-DOC""]"
TOPIC-00495,OH16,"PCMSO, ASO e Monitoramento da Saúde",MOD-0071,Papel da Enfermagem,Gestão de convocação de exames,gestao-de-convocacao-de-exames,gestao-de-convocacao-de-exames,"[""T"", ""G"", ""P""]",candidate_for_atomization,"[""SRC-MTE-NR07"", ""SRC-ESOCIAL-DOC""]"
TOPIC-00496,OH16,"PCMSO, ASO e Monitoramento da Saúde",MOD-0071,Papel da Enfermagem,Controle de faltosos,controle-de-faltosos,controle-de-faltosos,"[""T"", ""G"", ""P""]",candidate_for_atomization,"[""SRC-MTE-NR07"", ""SRC-ESOCIAL-DOC""]"
TOPIC-00497,OH16,"PCMSO, ASO e Monitoramento da Saúde",MOD-0071,Papel da Enfermagem,Educação em saúde no PCMSO,educacao-em-saude-no-pcmso,educacao-em-saude-no-pcmso,"[""T"", ""G"", ""P""]",candidate_for_atomization,"[""SRC-MTE-NR07"", ""SRC-ESOCIAL-DOC""]"
TOPIC-00498,OH16,"PCMSO, ASO e Monitoramento da Saúde",MOD-0071,Papel da Enfermagem,Monitoramento de indicadores de saúde ocupacional,monitoramento-de-indicadores-de-saude-ocupacional,monitoramento-de-indicadores-de-saude-ocupacional,"[""T"", ""G"", ""P""]",candidate_for_atomization,"[""SRC-MTE-NR07"", ""SRC-ESOCIAL-DOC""]"
TOPIC-00499,OH17,eSocial SST e Registros Digitais,MOD-0072,Arquitetura do eSocial SST,Finalidade dos eventos SST no eSocial,finalidade-dos-eventos-sst-no-esocial,finalidade-dos-eventos-sst-no-esocial,"[""G"", ""P""]",candidate_for_atomization,"[""SRC-ESOCIAL-DOC"", ""SRC-ESOCIAL-MOS"", ""SRC-ESOCIAL-TABLES""]"
TOPIC-00500,OH17,eSocial SST e Registros Digitais,MOD-0072,Arquitetura do eSocial SST,Manual de Orientação do eSocial,manual-de-orientacao-do-esocial,manual-de-orientacao-do-esocial,"[""G"", ""P""]",candidate_for_atomization,"[""SRC-ESOCIAL-DOC"", ""SRC-ESOCIAL-MOS"", ""SRC-ESOCIAL-TABLES""]"
TOPIC-00501,OH17,eSocial SST e Registros Digitais,MOD-0072,Arquitetura do eSocial SST,Leiautes eSocial S-1.3,leiautes-esocial-s-1-3,leiautes-esocial-s-1-3,"[""G"", ""P""]",candidate_for_atomization,"[""SRC-ESOCIAL-DOC"", ""SRC-ESOCIAL-MOS"", ""SRC-ESOCIAL-TABLES""]"
TOPIC-00502,OH17,eSocial SST e Registros Digitais,MOD-0072,Arquitetura do eSocial SST,Tabelas do eSocial,tabelas-do-esocial,tabelas-do-esocial,"[""G"", ""P""]",candidate_for_atomization,"[""SRC-ESOCIAL-DOC"", ""SRC-ESOCIAL-MOS"", ""SRC-ESOCIAL-TABLES""]"
TOPIC-00503,OH17,eSocial SST e Registros Digitais,MOD-0072,Arquitetura do eSocial SST,Ambiente de produção e testes,ambiente-de-producao-e-testes,ambiente-de-producao-e-testes,"[""G"", ""P""]",candidate_for_atomization,"[""SRC-ESOCIAL-DOC"", ""SRC-ESOCIAL-MOS"", ""SRC-ESOCIAL-TABLES""]"
TOPIC-00504,OH17,eSocial SST e Registros Digitais,MOD-0072,Arquitetura do eSocial SST,Retificação e exclusão de eventos,retificacao-e-exclusao-de-eventos,retificacao-e-exclusao-de-eventos,"[""G"", ""P""]",candidate_for_atomization,"[""SRC-ESOCIAL-DOC"", ""SRC-ESOCIAL-MOS"", ""SRC-ESOCIAL-TABLES""]"
TOPIC-00505,OH17,eSocial SST e Registros Digitais,MOD-0073,Evento S-2210,S-2210 Comunicação de Acidente de Trabalho,s-2210-comunicacao-de-acidente-de-trabalho,s-2210-comunicacao-de-acidente-de-trabalho,"[""G"", ""P""]",candidate_for_atomization,"[""SRC-ESOCIAL-DOC"", ""SRC-ESOCIAL-MOS"", ""SRC-ESOCIAL-TABLES""]"
TOPIC-00506,OH17,eSocial SST e Registros Digitais,MOD-0073,Evento S-2210,Dados do acidente no S-2210,dados-do-acidente-no-s-2210,dados-do-acidente-no-s-2210,"[""G"", ""P""]",candidate_for_atomization,"[""SRC-ESOCIAL-DOC"", ""SRC-ESOCIAL-MOS"", ""SRC-ESOCIAL-TABLES""]"
TOPIC-00507,OH17,eSocial SST e Registros Digitais,MOD-0073,Evento S-2210,Prazo e fluxo interno da CAT no eSocial,prazo-e-fluxo-interno-da-cat-no-esocial,prazo-e-fluxo-interno-da-cat-no-esocial,"[""G"", ""P""]",candidate_for_atomization,"[""SRC-ESOCIAL-DOC"", ""SRC-ESOCIAL-MOS"", ""SRC-ESOCIAL-TABLES""]"
TOPIC-00508,OH17,eSocial SST e Registros Digitais,MOD-0073,Evento S-2210,Retificação de S-2210,retificacao-de-s-2210,retificacao-de-s-2210,"[""G"", ""P""]",candidate_for_atomization,"[""SRC-ESOCIAL-DOC"", ""SRC-ESOCIAL-MOS"", ""SRC-ESOCIAL-TABLES""]"
TOPIC-00509,OH17,eSocial SST e Registros Digitais,MOD-0073,Evento S-2210,Qualidade de dados da CAT,qualidade-de-dados-da-cat,qualidade-de-dados-da-cat,"[""G"", ""P""]",candidate_for_atomization,"[""SRC-ESOCIAL-DOC"", ""SRC-ESOCIAL-MOS"", ""SRC-ESOCIAL-TABLES""]"
TOPIC-00510,OH17,eSocial SST e Registros Digitais,MOD-0074,Evento S-2220,S-2220 Monitoramento da Saúde do Trabalhador,s-2220-monitoramento-da-saude-do-trabalhador,s-2220-monitoramento-da-saude-do-trabalhador,"[""G"", ""P""]",candidate_for_atomization,"[""SRC-ESOCIAL-DOC"", ""SRC-ESOCIAL-MOS"", ""SRC-ESOCIAL-TABLES""]"
TOPIC-00511,OH17,eSocial SST e Registros Digitais,MOD-0074,Evento S-2220,ASO no S-2220,aso-no-s-2220,aso-no-s-2220,"[""G"", ""P""]",candidate_for_atomization,"[""SRC-ESOCIAL-DOC"", ""SRC-ESOCIAL-MOS"", ""SRC-ESOCIAL-TABLES""]"
TOPIC-00512,OH17,eSocial SST e Registros Digitais,MOD-0074,Evento S-2220,Exames complementares no S-2220,exames-complementares-no-s-2220,exames-complementares-no-s-2220,"[""G"", ""P""]",candidate_for_atomization,"[""SRC-ESOCIAL-DOC"", ""SRC-ESOCIAL-MOS"", ""SRC-ESOCIAL-TABLES""]"
TOPIC-00513,OH17,eSocial SST e Registros Digitais,MOD-0074,Evento S-2220,Sequenciamento de informações de saúde,sequenciamento-de-informacoes-de-saude,sequenciamento-de-informacoes-de-saude,"[""G"", ""P""]",candidate_for_atomization,"[""SRC-ESOCIAL-DOC"", ""SRC-ESOCIAL-MOS"", ""SRC-ESOCIAL-TABLES""]"
TOPIC-00514,OH17,eSocial SST e Registros Digitais,MOD-0074,Evento S-2220,Qualidade de dados do S-2220,qualidade-de-dados-do-s-2220,qualidade-de-dados-do-s-2220,"[""G"", ""P""]",candidate_for_atomization,"[""SRC-ESOCIAL-DOC"", ""SRC-ESOCIAL-MOS"", ""SRC-ESOCIAL-TABLES""]"
TOPIC-00515,OH17,eSocial SST e Registros Digitais,MOD-0075,Evento S-2221,S-2221 Exame Toxicológico do Motorista Profissional Empregado,s-2221-exame-toxicologico-do-motorista-profissional-empregado,s-2221-exame-toxicologico-do-motorista-profissional-empregado,"[""G"", ""P""]",candidate_for_atomization,"[""SRC-ESOCIAL-DOC"", ""SRC-ESOCIAL-MOS"", ""SRC-ESOCIAL-TABLES""]"
TOPIC-00516,OH17,eSocial SST e Registros Digitais,MOD-0075,Evento S-2221,Escopo do S-2221,escopo-do-s-2221,escopo-do-s-2221,"[""G"", ""P""]",candidate_for_atomization,"[""SRC-ESOCIAL-DOC"", ""SRC-ESOCIAL-MOS"", ""SRC-ESOCIAL-TABLES""]"
TOPIC-00517,OH17,eSocial SST e Registros Digitais,MOD-0075,Evento S-2221,Qualidade e rastreabilidade do S-2221,qualidade-e-rastreabilidade-do-s-2221,qualidade-e-rastreabilidade-do-s-2221,"[""G"", ""P""]",candidate_for_atomization,"[""SRC-ESOCIAL-DOC"", ""SRC-ESOCIAL-MOS"", ""SRC-ESOCIAL-TABLES""]"
TOPIC-00518,OH17,eSocial SST e Registros Digitais,MOD-0076,Evento S-2240,S-2240 Condições Ambientais do Trabalho,s-2240-condicoes-ambientais-do-trabalho,s-2240-condicoes-ambientais-do-trabalho,"[""G"", ""P""]",candidate_for_atomization,"[""SRC-ESOCIAL-DOC"", ""SRC-ESOCIAL-MOS"", ""SRC-ESOCIAL-TABLES""]"
TOPIC-00519,OH17,eSocial SST e Registros Digitais,MOD-0076,Evento S-2240,Agentes nocivos no S-2240,agentes-nocivos-no-s-2240,agentes-nocivos-no-s-2240,"[""G"", ""P""]",candidate_for_atomization,"[""SRC-ESOCIAL-DOC"", ""SRC-ESOCIAL-MOS"", ""SRC-ESOCIAL-TABLES""]"
TOPIC-00520,OH17,eSocial SST e Registros Digitais,MOD-0076,Evento S-2240,Tabela 24 do eSocial,tabela-24-do-esocial,tabela-24-do-esocial,"[""G"", ""P""]",candidate_for_atomization,"[""SRC-ESOCIAL-DOC"", ""SRC-ESOCIAL-MOS"", ""SRC-ESOCIAL-TABLES""]"
TOPIC-00521,OH17,eSocial SST e Registros Digitais,MOD-0076,Evento S-2240,Responsável pelos registros ambientais,responsavel-pelos-registros-ambientais,responsavel-pelos-registros-ambientais,"[""G"", ""P""]",candidate_for_atomization,"[""SRC-ESOCIAL-DOC"", ""SRC-ESOCIAL-MOS"", ""SRC-ESOCIAL-TABLES""]"
TOPIC-00522,OH17,eSocial SST e Registros Digitais,MOD-0076,Evento S-2240,Qualidade de dados do S-2240,qualidade-de-dados-do-s-2240,qualidade-de-dados-do-s-2240,"[""G"", ""P""]",candidate_for_atomization,"[""SRC-ESOCIAL-DOC"", ""SRC-ESOCIAL-MOS"", ""SRC-ESOCIAL-TABLES""]"
TOPIC-00523,OH17,eSocial SST e Registros Digitais,MOD-0077,Governança de dados eSocial,Reconciliação PGR-PCMSO-eSocial,reconciliacao-pgr-pcmso-esocial,reconciliacao-pgr-pcmso-esocial,"[""G"", ""P""]",candidate_for_atomization,"[""SRC-ESOCIAL-DOC"", ""SRC-ESOCIAL-MOS"", ""SRC-ESOCIAL-TABLES""]"
TOPIC-00524,OH17,eSocial SST e Registros Digitais,MOD-0077,Governança de dados eSocial,Controle de versões de leiautes,controle-de-versoes-de-leiautes,controle-de-versoes-de-leiautes,"[""G"", ""P""]",candidate_for_atomization,"[""SRC-ESOCIAL-DOC"", ""SRC-ESOCIAL-MOS"", ""SRC-ESOCIAL-TABLES""]"
TOPIC-00525,OH17,eSocial SST e Registros Digitais,MOD-0077,Governança de dados eSocial,Validação pré-envio,validacao-pre-envio,validacao-pre-envio,"[""G"", ""P""]",candidate_for_atomization,"[""SRC-ESOCIAL-DOC"", ""SRC-ESOCIAL-MOS"", ""SRC-ESOCIAL-TABLES""]"
TOPIC-00526,OH17,eSocial SST e Registros Digitais,MOD-0077,Governança de dados eSocial,Trilha de auditoria,trilha-de-auditoria,trilha-de-auditoria,"[""G"", ""P""]",candidate_for_atomization,"[""SRC-ESOCIAL-DOC"", ""SRC-ESOCIAL-MOS"", ""SRC-ESOCIAL-TABLES""]"
TOPIC-00527,OH17,eSocial SST e Registros Digitais,MOD-0077,Governança de dados eSocial,Proteção de dados pessoais no eSocial,protecao-de-dados-pessoais-no-esocial,protecao-de-dados-pessoais-no-esocial,"[""G"", ""P""]",candidate_for_atomization,"[""SRC-ESOCIAL-DOC"", ""SRC-ESOCIAL-MOS"", ""SRC-ESOCIAL-TABLES""]"
TOPIC-00528,OH18,"CAT, PPP, LTCAT, FAP, NTEP e Previdência",MOD-0078,Acidente do trabalho e CAT,Conceito previdenciário de acidente do trabalho,conceito-previdenciario-de-acidente-do-trabalho,conceito-previdenciario-de-acidente-do-trabalho,"[""T"", ""G"", ""P""]",candidate_for_atomization,"[""SRC-PREV-FAP"", ""SRC-PREV-NTEP"", ""SRC-ESOCIAL-MOS"", ""SRC-INSS-APOS-ESP""]"
TOPIC-00529,OH18,"CAT, PPP, LTCAT, FAP, NTEP e Previdência",MOD-0078,Acidente do trabalho e CAT,Acidente típico,acidente-tipico,acidente-tipico,"[""T"", ""G"", ""P""]",candidate_for_atomization,"[""SRC-PREV-FAP"", ""SRC-PREV-NTEP"", ""SRC-ESOCIAL-MOS"", ""SRC-INSS-APOS-ESP""]"
TOPIC-00530,OH18,"CAT, PPP, LTCAT, FAP, NTEP e Previdência",MOD-0078,Acidente do trabalho e CAT,Acidente de trajeto,acidente-de-trajeto,acidente-de-trajeto,"[""T"", ""G"", ""P""]",candidate_for_atomization,"[""SRC-PREV-FAP"", ""SRC-PREV-NTEP"", ""SRC-ESOCIAL-MOS"", ""SRC-INSS-APOS-ESP""]"
TOPIC-00531,OH18,"CAT, PPP, LTCAT, FAP, NTEP e Previdência",MOD-0078,Acidente do trabalho e CAT,Doença profissional e doença do trabalho,doenca-profissional-e-doenca-do-trabalho,doenca-profissional-e-doenca-do-trabalho,"[""T"", ""G"", ""P""]",candidate_for_atomization,"[""SRC-PREV-FAP"", ""SRC-PREV-NTEP"", ""SRC-ESOCIAL-MOS"", ""SRC-INSS-APOS-ESP""]"
TOPIC-00532,OH18,"CAT, PPP, LTCAT, FAP, NTEP e Previdência",MOD-0078,Acidente do trabalho e CAT,Comunicação de Acidente de Trabalho,comunicacao-de-acidente-de-trabalho,comunicacao-de-acidente-de-trabalho,"[""T"", ""G"", ""P""]",candidate_for_atomization,"[""SRC-PREV-FAP"", ""SRC-PREV-NTEP"", ""SRC-ESOCIAL-MOS"", ""SRC-INSS-APOS-ESP""]"
TOPIC-00533,OH18,"CAT, PPP, LTCAT, FAP, NTEP e Previdência",MOD-0078,Acidente do trabalho e CAT,CAT e assistência à saúde,cat-e-assistencia-a-saude,cat-e-assistencia-a-saude,"[""T"", ""G"", ""P""]",candidate_for_atomization,"[""SRC-PREV-FAP"", ""SRC-PREV-NTEP"", ""SRC-ESOCIAL-MOS"", ""SRC-INSS-APOS-ESP""]"
TOPIC-00534,OH18,"CAT, PPP, LTCAT, FAP, NTEP e Previdência",MOD-0078,Acidente do trabalho e CAT,CAT e vigilância epidemiológica,cat-e-vigilancia-epidemiologica,cat-e-vigilancia-epidemiologica,"[""T"", ""G"", ""P""]",candidate_for_atomization,"[""SRC-PREV-FAP"", ""SRC-PREV-NTEP"", ""SRC-ESOCIAL-MOS"", ""SRC-INSS-APOS-ESP""]"
TOPIC-00535,OH18,"CAT, PPP, LTCAT, FAP, NTEP e Previdência",MOD-0079,PPP e LTCAT,Perfil Profissiográfico Previdenciário,perfil-profissiografico-previdenciario,perfil-profissiografico-previdenciario,"[""G"", ""P""]",candidate_for_atomization,"[""SRC-PREV-FAP"", ""SRC-PREV-NTEP"", ""SRC-ESOCIAL-MOS"", ""SRC-INSS-APOS-ESP""]"
TOPIC-00536,OH18,"CAT, PPP, LTCAT, FAP, NTEP e Previdência",MOD-0079,PPP e LTCAT,PPP eletrônico,ppp-eletronico,ppp-eletronico,"[""G"", ""P""]",candidate_for_atomization,"[""SRC-PREV-FAP"", ""SRC-PREV-NTEP"", ""SRC-ESOCIAL-MOS"", ""SRC-INSS-APOS-ESP""]"
TOPIC-00537,OH18,"CAT, PPP, LTCAT, FAP, NTEP e Previdência",MOD-0079,PPP e LTCAT,Dados ambientais e de saúde no PPP,dados-ambientais-e-de-saude-no-ppp,dados-ambientais-e-de-saude-no-ppp,"[""G"", ""P""]",candidate_for_atomization,"[""SRC-PREV-FAP"", ""SRC-PREV-NTEP"", ""SRC-ESOCIAL-MOS"", ""SRC-INSS-APOS-ESP""]"
TOPIC-00538,OH18,"CAT, PPP, LTCAT, FAP, NTEP e Previdência",MOD-0079,PPP e LTCAT,Laudo Técnico das Condições Ambientais do Trabalho,laudo-tecnico-das-condicoes-ambientais-do-trabalho,laudo-tecnico-das-condicoes-ambientais-do-trabalho,"[""G"", ""P""]",candidate_for_atomization,"[""SRC-PREV-FAP"", ""SRC-PREV-NTEP"", ""SRC-ESOCIAL-MOS"", ""SRC-INSS-APOS-ESP""]"
TOPIC-00539,OH18,"CAT, PPP, LTCAT, FAP, NTEP e Previdência",MOD-0079,PPP e LTCAT,Finalidade previdenciária do LTCAT,finalidade-previdenciaria-do-ltcat,finalidade-previdenciaria-do-ltcat,"[""G"", ""P""]",candidate_for_atomization,"[""SRC-PREV-FAP"", ""SRC-PREV-NTEP"", ""SRC-ESOCIAL-MOS"", ""SRC-INSS-APOS-ESP""]"
TOPIC-00540,OH18,"CAT, PPP, LTCAT, FAP, NTEP e Previdência",MOD-0079,PPP e LTCAT,Relação LTCAT e S-2240,relacao-ltcat-e-s-2240,relacao-ltcat-e-s-2240,"[""G"", ""P""]",candidate_for_atomization,"[""SRC-PREV-FAP"", ""SRC-PREV-NTEP"", ""SRC-ESOCIAL-MOS"", ""SRC-INSS-APOS-ESP""]"
TOPIC-00541,OH18,"CAT, PPP, LTCAT, FAP, NTEP e Previdência",MOD-0079,PPP e LTCAT,Responsabilidade técnica pelo LTCAT,responsabilidade-tecnica-pelo-ltcat,responsabilidade-tecnica-pelo-ltcat,"[""G"", ""P""]",candidate_for_atomization,"[""SRC-PREV-FAP"", ""SRC-PREV-NTEP"", ""SRC-ESOCIAL-MOS"", ""SRC-INSS-APOS-ESP""]"
TOPIC-00542,OH18,"CAT, PPP, LTCAT, FAP, NTEP e Previdência",MOD-0080,Nexo previdenciário,Nexo Técnico Profissional ou do Trabalho,nexo-tecnico-profissional-ou-do-trabalho,nexo-tecnico-profissional-ou-do-trabalho,"[""G"", ""P""]",candidate_for_atomization,"[""SRC-PREV-FAP"", ""SRC-PREV-NTEP"", ""SRC-ESOCIAL-MOS"", ""SRC-INSS-APOS-ESP""]"
TOPIC-00543,OH18,"CAT, PPP, LTCAT, FAP, NTEP e Previdência",MOD-0080,Nexo previdenciário,Nexo Técnico Epidemiológico Previdenciário,nexo-tecnico-epidemiologico-previdenciario,nexo-tecnico-epidemiologico-previdenciario,"[""G"", ""P""]",candidate_for_atomization,"[""SRC-PREV-FAP"", ""SRC-PREV-NTEP"", ""SRC-ESOCIAL-MOS"", ""SRC-INSS-APOS-ESP""]"
TOPIC-00544,OH18,"CAT, PPP, LTCAT, FAP, NTEP e Previdência",MOD-0080,Nexo previdenciário,Nexo Técnico por Doença Equiparada a Acidente do Trabalho,nexo-tecnico-por-doenca-equiparada-a-acidente-do-trabalho,nexo-tecnico-por-doenca-equiparada-a-acidente-do-trabalho,"[""G"", ""P""]",candidate_for_atomization,"[""SRC-PREV-FAP"", ""SRC-PREV-NTEP"", ""SRC-ESOCIAL-MOS"", ""SRC-INSS-APOS-ESP""]"
TOPIC-00545,OH18,"CAT, PPP, LTCAT, FAP, NTEP e Previdência",MOD-0080,Nexo previdenciário,CNAE e CID no NTEP,cnae-e-cid-no-ntep,cnae-e-cid-no-ntep,"[""G"", ""P""]",candidate_for_atomization,"[""SRC-PREV-FAP"", ""SRC-PREV-NTEP"", ""SRC-ESOCIAL-MOS"", ""SRC-INSS-APOS-ESP""]"
TOPIC-00546,OH18,"CAT, PPP, LTCAT, FAP, NTEP e Previdência",MOD-0080,Nexo previdenciário,Nexo previdenciário e nexo clínico,nexo-previdenciario-e-nexo-clinico,nexo-previdenciario-e-nexo-clinico,"[""G"", ""P""]",candidate_for_atomization,"[""SRC-PREV-FAP"", ""SRC-PREV-NTEP"", ""SRC-ESOCIAL-MOS"", ""SRC-INSS-APOS-ESP""]"
TOPIC-00547,OH18,"CAT, PPP, LTCAT, FAP, NTEP e Previdência",MOD-0081,FAP e RAT,Fator Acidentário de Prevenção,fator-acidentario-de-prevencao,fator-acidentario-de-prevencao,"[""G"", ""P""]",candidate_for_atomization,"[""SRC-PREV-FAP"", ""SRC-PREV-NTEP"", ""SRC-ESOCIAL-MOS"", ""SRC-INSS-APOS-ESP""]"
TOPIC-00548,OH18,"CAT, PPP, LTCAT, FAP, NTEP e Previdência",MOD-0081,FAP e RAT,RAT e financiamento de riscos,rat-e-financiamento-de-riscos,rat-e-financiamento-de-riscos,"[""G"", ""P""]",candidate_for_atomization,"[""SRC-PREV-FAP"", ""SRC-PREV-NTEP"", ""SRC-ESOCIAL-MOS"", ""SRC-INSS-APOS-ESP""]"
TOPIC-00549,OH18,"CAT, PPP, LTCAT, FAP, NTEP e Previdência",MOD-0081,FAP e RAT,Faixa do FAP,faixa-do-fap,faixa-do-fap,"[""G"", ""P""]",candidate_for_atomization,"[""SRC-PREV-FAP"", ""SRC-PREV-NTEP"", ""SRC-ESOCIAL-MOS"", ""SRC-INSS-APOS-ESP""]"
TOPIC-00550,OH18,"CAT, PPP, LTCAT, FAP, NTEP e Previdência",MOD-0081,FAP e RAT,"Frequência, gravidade e custo no FAP",frequencia-gravidade-e-custo-no-fap,frequencia-gravidade-e-custo-no-fap,"[""G"", ""P""]",candidate_for_atomization,"[""SRC-PREV-FAP"", ""SRC-PREV-NTEP"", ""SRC-ESOCIAL-MOS"", ""SRC-INSS-APOS-ESP""]"
TOPIC-00551,OH18,"CAT, PPP, LTCAT, FAP, NTEP e Previdência",MOD-0081,FAP e RAT,Histórico de acidentalidade e FAP,historico-de-acidentalidade-e-fap,historico-de-acidentalidade-e-fap,"[""G"", ""P""]",candidate_for_atomization,"[""SRC-PREV-FAP"", ""SRC-PREV-NTEP"", ""SRC-ESOCIAL-MOS"", ""SRC-INSS-APOS-ESP""]"
TOPIC-00552,OH18,"CAT, PPP, LTCAT, FAP, NTEP e Previdência",MOD-0081,FAP e RAT,Contestação administrativa do FAP,contestacao-administrativa-do-fap,contestacao-administrativa-do-fap,"[""G"", ""P""]",candidate_for_atomization,"[""SRC-PREV-FAP"", ""SRC-PREV-NTEP"", ""SRC-ESOCIAL-MOS"", ""SRC-INSS-APOS-ESP""]"
TOPIC-00553,OH18,"CAT, PPP, LTCAT, FAP, NTEP e Previdência",MOD-0082,Afastamento e benefícios,Afastamento temporário e eSocial S-2230,afastamento-temporario-e-esocial-s-2230,afastamento-temporario-e-esocial-s-2230,"[""G"", ""P""]",candidate_for_atomization,"[""SRC-PREV-FAP"", ""SRC-PREV-NTEP"", ""SRC-ESOCIAL-MOS"", ""SRC-INSS-APOS-ESP""]"
TOPIC-00554,OH18,"CAT, PPP, LTCAT, FAP, NTEP e Previdência",MOD-0082,Afastamento e benefícios,Benefícios por incapacidade,beneficios-por-incapacidade,beneficios-por-incapacidade,"[""G"", ""P""]",candidate_for_atomization,"[""SRC-PREV-FAP"", ""SRC-PREV-NTEP"", ""SRC-ESOCIAL-MOS"", ""SRC-INSS-APOS-ESP""]"
TOPIC-00555,OH18,"CAT, PPP, LTCAT, FAP, NTEP e Previdência",MOD-0082,Afastamento e benefícios,Natureza previdenciária e acidentária do benefício,natureza-previdenciaria-e-acidentaria-do-beneficio,natureza-previdenciaria-e-acidentaria-do-beneficio,"[""G"", ""P""]",candidate_for_atomization,"[""SRC-PREV-FAP"", ""SRC-PREV-NTEP"", ""SRC-ESOCIAL-MOS"", ""SRC-INSS-APOS-ESP""]"
TOPIC-00556,OH18,"CAT, PPP, LTCAT, FAP, NTEP e Previdência",MOD-0082,Afastamento e benefícios,Reabilitação profissional previdenciária,reabilitacao-profissional-previdenciaria,reabilitacao-profissional-previdenciaria,"[""G"", ""P""]",candidate_for_atomization,"[""SRC-PREV-FAP"", ""SRC-PREV-NTEP"", ""SRC-ESOCIAL-MOS"", ""SRC-INSS-APOS-ESP""]"
TOPIC-00557,OH18,"CAT, PPP, LTCAT, FAP, NTEP e Previdência",MOD-0082,Afastamento e benefícios,Retorno após benefício,retorno-apos-beneficio,retorno-apos-beneficio,"[""G"", ""P""]",candidate_for_atomization,"[""SRC-PREV-FAP"", ""SRC-PREV-NTEP"", ""SRC-ESOCIAL-MOS"", ""SRC-INSS-APOS-ESP""]"
TOPIC-00558,OH19,Processo de Enfermagem em Saúde do Trabalhador,MOD-0083,Avaliação de Enfermagem,Acolhimento do trabalhador,acolhimento-do-trabalhador,acolhimento-do-trabalhador,"[""T"", ""G"", ""P""]",candidate_for_atomization,"[""SRC-COFEN-238"", ""SRC-COFEN-581"", ""SRC-COFEN-609""]"
TOPIC-00559,OH19,Processo de Enfermagem em Saúde do Trabalhador,MOD-0083,Avaliação de Enfermagem,Anamnese de enfermagem ocupacional,anamnese-de-enfermagem-ocupacional,anamnese-de-enfermagem-ocupacional,"[""T"", ""G"", ""P""]",candidate_for_atomization,"[""SRC-COFEN-238"", ""SRC-COFEN-581"", ""SRC-COFEN-609""]"
TOPIC-00560,OH19,Processo de Enfermagem em Saúde do Trabalhador,MOD-0083,Avaliação de Enfermagem,História ocupacional na consulta de enfermagem,historia-ocupacional-na-consulta-de-enfermagem,historia-ocupacional-na-consulta-de-enfermagem,"[""T"", ""G"", ""P""]",candidate_for_atomization,"[""SRC-COFEN-238"", ""SRC-COFEN-581"", ""SRC-COFEN-609""]"
TOPIC-00561,OH19,Processo de Enfermagem em Saúde do Trabalhador,MOD-0083,Avaliação de Enfermagem,Exame físico de enfermagem em saúde do trabalhador,exame-fisico-de-enfermagem-em-saude-do-trabalhador,exame-fisico-de-enfermagem-em-saude-do-trabalhador,"[""T"", ""G"", ""P""]",candidate_for_atomization,"[""SRC-COFEN-238"", ""SRC-COFEN-581"", ""SRC-COFEN-609""]"
TOPIC-00562,OH19,Processo de Enfermagem em Saúde do Trabalhador,MOD-0083,Avaliação de Enfermagem,Identificação de necessidades de saúde,identificacao-de-necessidades-de-saude,identificacao-de-necessidades-de-saude,"[""T"", ""G"", ""P""]",candidate_for_atomization,"[""SRC-COFEN-238"", ""SRC-COFEN-581"", ""SRC-COFEN-609""]"
TOPIC-00563,OH19,Processo de Enfermagem em Saúde do Trabalhador,MOD-0083,Avaliação de Enfermagem,Estratificação de risco assistencial,estratificacao-de-risco-assistencial,estratificacao-de-risco-assistencial,"[""T"", ""G"", ""P""]",candidate_for_atomization,"[""SRC-COFEN-238"", ""SRC-COFEN-581"", ""SRC-COFEN-609""]"
TOPIC-00564,OH19,Processo de Enfermagem em Saúde do Trabalhador,MOD-0084,Planejamento do cuidado,Diagnóstico de enfermagem em saúde do trabalhador,diagnostico-de-enfermagem-em-saude-do-trabalhador,diagnostico-de-enfermagem-em-saude-do-trabalhador,"[""G"", ""P""]",candidate_for_atomization,"[""SRC-COFEN-238"", ""SRC-COFEN-581"", ""SRC-COFEN-609""]"
TOPIC-00565,OH19,Processo de Enfermagem em Saúde do Trabalhador,MOD-0084,Planejamento do cuidado,Resultados esperados de enfermagem,resultados-esperados-de-enfermagem,resultados-esperados-de-enfermagem,"[""G"", ""P""]",candidate_for_atomization,"[""SRC-COFEN-238"", ""SRC-COFEN-581"", ""SRC-COFEN-609""]"
TOPIC-00566,OH19,Processo de Enfermagem em Saúde do Trabalhador,MOD-0084,Planejamento do cuidado,Intervenções de enfermagem,intervencoes-de-enfermagem,intervencoes-de-enfermagem,"[""G"", ""P""]",candidate_for_atomization,"[""SRC-COFEN-238"", ""SRC-COFEN-581"", ""SRC-COFEN-609""]"
TOPIC-00567,OH19,Processo de Enfermagem em Saúde do Trabalhador,MOD-0084,Planejamento do cuidado,Plano de cuidados ocupacionais,plano-de-cuidados-ocupacionais,plano-de-cuidados-ocupacionais,"[""G"", ""P""]",candidate_for_atomization,"[""SRC-COFEN-238"", ""SRC-COFEN-581"", ""SRC-COFEN-609""]"
TOPIC-00568,OH19,Processo de Enfermagem em Saúde do Trabalhador,MOD-0084,Planejamento do cuidado,Continuidade do cuidado,continuidade-do-cuidado,continuidade-do-cuidado,"[""G"", ""P""]",candidate_for_atomization,"[""SRC-COFEN-238"", ""SRC-COFEN-581"", ""SRC-COFEN-609""]"
TOPIC-00569,OH19,Processo de Enfermagem em Saúde do Trabalhador,MOD-0085,Intervenções,Educação em saúde do trabalhador,educacao-em-saude-do-trabalhador,educacao-em-saude-do-trabalhador,"[""T"", ""G"", ""P""]",candidate_for_atomization,"[""SRC-COFEN-238"", ""SRC-COFEN-581"", ""SRC-COFEN-609""]"
TOPIC-00570,OH19,Processo de Enfermagem em Saúde do Trabalhador,MOD-0085,Intervenções,Monitoramento de sinais e sintomas,monitoramento-de-sinais-e-sintomas,monitoramento-de-sinais-e-sintomas,"[""T"", ""G"", ""P""]",candidate_for_atomization,"[""SRC-COFEN-238"", ""SRC-COFEN-581"", ""SRC-COFEN-609""]"
TOPIC-00571,OH19,Processo de Enfermagem em Saúde do Trabalhador,MOD-0085,Intervenções,Encaminhamento e referência,encaminhamento-e-referencia,encaminhamento-e-referencia,"[""T"", ""G"", ""P""]",candidate_for_atomization,"[""SRC-COFEN-238"", ""SRC-COFEN-581"", ""SRC-COFEN-609""]"
TOPIC-00572,OH19,Processo de Enfermagem em Saúde do Trabalhador,MOD-0085,Intervenções,Acompanhamento de condições crônicas,acompanhamento-de-condicoes-cronicas,acompanhamento-de-condicoes-cronicas,"[""T"", ""G"", ""P""]",candidate_for_atomization,"[""SRC-COFEN-238"", ""SRC-COFEN-581"", ""SRC-COFEN-609""]"
TOPIC-00573,OH19,Processo de Enfermagem em Saúde do Trabalhador,MOD-0085,Intervenções,Coordenação do cuidado,coordenacao-do-cuidado,coordenacao-do-cuidado,"[""T"", ""G"", ""P""]",candidate_for_atomization,"[""SRC-COFEN-238"", ""SRC-COFEN-581"", ""SRC-COFEN-609""]"
TOPIC-00574,OH19,Processo de Enfermagem em Saúde do Trabalhador,MOD-0085,Intervenções,Imunização ocupacional,imunizacao-ocupacional,imunizacao-ocupacional,"[""T"", ""G"", ""P""]",candidate_for_atomization,"[""SRC-COFEN-238"", ""SRC-COFEN-581"", ""SRC-COFEN-609""]"
TOPIC-00575,OH19,Processo de Enfermagem em Saúde do Trabalhador,MOD-0086,Documentação e segurança,Registro de enfermagem ocupacional,registro-de-enfermagem-ocupacional,registro-de-enfermagem-ocupacional,"[""T"", ""G"", ""P""]",candidate_for_atomization,"[""SRC-COFEN-238"", ""SRC-COFEN-581"", ""SRC-COFEN-609""]"
TOPIC-00576,OH19,Processo de Enfermagem em Saúde do Trabalhador,MOD-0086,Documentação e segurança,Sigilo e prontuário de enfermagem,sigilo-e-prontuario-de-enfermagem,sigilo-e-prontuario-de-enfermagem,"[""T"", ""G"", ""P""]",candidate_for_atomization,"[""SRC-COFEN-238"", ""SRC-COFEN-581"", ""SRC-COFEN-609""]"
TOPIC-00577,OH19,Processo de Enfermagem em Saúde do Trabalhador,MOD-0086,Documentação e segurança,Comunicação interprofissional,comunicacao-interprofissional,comunicacao-interprofissional,"[""T"", ""G"", ""P""]",candidate_for_atomization,"[""SRC-COFEN-238"", ""SRC-COFEN-581"", ""SRC-COFEN-609""]"
TOPIC-00578,OH19,Processo de Enfermagem em Saúde do Trabalhador,MOD-0086,Documentação e segurança,Eventos adversos e incidentes assistenciais no ambulatório ocupacional,eventos-adversos-e-incidentes-assistenciais-no-ambulatorio-ocupacional,eventos-adversos-e-incidentes-assistenciais-no-ambulatorio-ocupacional,"[""T"", ""G"", ""P""]",candidate_for_atomization,"[""SRC-COFEN-238"", ""SRC-COFEN-581"", ""SRC-COFEN-609""]"
TOPIC-00579,OH19,Processo de Enfermagem em Saúde do Trabalhador,MOD-0087,Gestão da prática,Protocolos de enfermagem do trabalho,protocolos-de-enfermagem-do-trabalho,protocolos-de-enfermagem-do-trabalho,"[""G"", ""P""]",candidate_for_atomization,"[""SRC-COFEN-238"", ""SRC-COFEN-581"", ""SRC-COFEN-609""]"
TOPIC-00580,OH19,Processo de Enfermagem em Saúde do Trabalhador,MOD-0087,Gestão da prática,Indicadores de enfermagem ocupacional,indicadores-de-enfermagem-ocupacional,indicadores-de-enfermagem-ocupacional,"[""G"", ""P""]",candidate_for_atomization,"[""SRC-COFEN-238"", ""SRC-COFEN-581"", ""SRC-COFEN-609""]"
TOPIC-00581,OH19,Processo de Enfermagem em Saúde do Trabalhador,MOD-0087,Gestão da prática,Supervisão da equipe de enfermagem do trabalho,supervisao-da-equipe-de-enfermagem-do-trabalho,supervisao-da-equipe-de-enfermagem-do-trabalho,"[""G"", ""P""]",candidate_for_atomization,"[""SRC-COFEN-238"", ""SRC-COFEN-581"", ""SRC-COFEN-609""]"
TOPIC-00582,OH19,Processo de Enfermagem em Saúde do Trabalhador,MOD-0087,Gestão da prática,Dimensionamento e organização da assistência,dimensionamento-e-organizacao-da-assistencia,dimensionamento-e-organizacao-da-assistencia,"[""G"", ""P""]",candidate_for_atomization,"[""SRC-COFEN-238"", ""SRC-COFEN-581"", ""SRC-COFEN-609""]"
TOPIC-00583,OH19,Processo de Enfermagem em Saúde do Trabalhador,MOD-0087,Gestão da prática,Prática baseada em evidências em enfermagem do trabalho,pratica-baseada-em-evidencias-em-enfermagem-do-trabalho,pratica-baseada-em-evidencias-em-enfermagem-do-trabalho,"[""G"", ""P""]",candidate_for_atomization,"[""SRC-COFEN-238"", ""SRC-COFEN-581"", ""SRC-COFEN-609""]"
TOPIC-00584,OH20,Imunização Ocupacional,MOD-0088,Fundamentos,Vacinação e risco ocupacional,vacinacao-e-risco-ocupacional,vacinacao-e-risco-ocupacional,"[""T"", ""G"", ""P""]",candidate_for_atomization,"[""SRC-WHO-HCW"", ""SRC-MS-ST""]"
TOPIC-00585,OH20,Imunização Ocupacional,MOD-0088,Fundamentos,Avaliação de situação vacinal do trabalhador,avaliacao-de-situacao-vacinal-do-trabalhador,avaliacao-de-situacao-vacinal-do-trabalhador,"[""T"", ""G"", ""P""]",candidate_for_atomization,"[""SRC-WHO-HCW"", ""SRC-MS-ST""]"
TOPIC-00586,OH20,Imunização Ocupacional,MOD-0088,Fundamentos,Registro de vacinação ocupacional,registro-de-vacinacao-ocupacional,registro-de-vacinacao-ocupacional,"[""T"", ""G"", ""P""]",candidate_for_atomization,"[""SRC-WHO-HCW"", ""SRC-MS-ST""]"
TOPIC-00587,OH20,Imunização Ocupacional,MOD-0088,Fundamentos,Eventos adversos pós-vacinação no trabalhador,eventos-adversos-pos-vacinacao-no-trabalhador,eventos-adversos-pos-vacinacao-no-trabalhador,"[""T"", ""G"", ""P""]",candidate_for_atomization,"[""SRC-WHO-HCW"", ""SRC-MS-ST""]"
TOPIC-00588,OH20,Imunização Ocupacional,MOD-0088,Fundamentos,Comunicação e hesitação vacinal,comunicacao-e-hesitacao-vacinal,comunicacao-e-hesitacao-vacinal,"[""T"", ""G"", ""P""]",candidate_for_atomization,"[""SRC-WHO-HCW"", ""SRC-MS-ST""]"
TOPIC-00589,OH20,Imunização Ocupacional,MOD-0089,Trabalhadores da saúde,Vacinação de trabalhadores da saúde,vacinacao-de-trabalhadores-da-saude,vacinacao-de-trabalhadores-da-saude,"[""T"", ""G"", ""P""]",candidate_for_atomization,"[""SRC-WHO-HCW"", ""SRC-MS-ST""]"
TOPIC-00590,OH20,Imunização Ocupacional,MOD-0089,Trabalhadores da saúde,Hepatite B e trabalhadores da saúde,hepatite-b-e-trabalhadores-da-saude,hepatite-b-e-trabalhadores-da-saude,"[""T"", ""G"", ""P""]",candidate_for_atomization,"[""SRC-WHO-HCW"", ""SRC-MS-ST""]"
TOPIC-00591,OH20,Imunização Ocupacional,MOD-0089,Trabalhadores da saúde,Influenza e trabalhadores da saúde,influenza-e-trabalhadores-da-saude,influenza-e-trabalhadores-da-saude,"[""T"", ""G"", ""P""]",candidate_for_atomization,"[""SRC-WHO-HCW"", ""SRC-MS-ST""]"
TOPIC-00592,OH20,Imunização Ocupacional,MOD-0089,Trabalhadores da saúde,Tríplice viral e trabalhadores da saúde,triplice-viral-e-trabalhadores-da-saude,triplice-viral-e-trabalhadores-da-saude,"[""T"", ""G"", ""P""]",candidate_for_atomization,"[""SRC-WHO-HCW"", ""SRC-MS-ST""]"
TOPIC-00593,OH20,Imunização Ocupacional,MOD-0089,Trabalhadores da saúde,Varicela e trabalhadores da saúde,varicela-e-trabalhadores-da-saude,varicela-e-trabalhadores-da-saude,"[""T"", ""G"", ""P""]",candidate_for_atomization,"[""SRC-WHO-HCW"", ""SRC-MS-ST""]"
TOPIC-00594,OH20,Imunização Ocupacional,MOD-0090,Programas,Planejamento de campanha vacinal ocupacional,planejamento-de-campanha-vacinal-ocupacional,planejamento-de-campanha-vacinal-ocupacional,"[""G"", ""P""]",candidate_for_atomization,"[""SRC-WHO-HCW"", ""SRC-MS-ST""]"
TOPIC-00595,OH20,Imunização Ocupacional,MOD-0090,Programas,Indicadores de cobertura vacinal,indicadores-de-cobertura-vacinal,indicadores-de-cobertura-vacinal,"[""G"", ""P""]",candidate_for_atomization,"[""SRC-WHO-HCW"", ""SRC-MS-ST""]"
TOPIC-00596,OH20,Imunização Ocupacional,MOD-0090,Programas,Busca ativa de não vacinados,busca-ativa-de-nao-vacinados,busca-ativa-de-nao-vacinados,"[""G"", ""P""]",candidate_for_atomization,"[""SRC-WHO-HCW"", ""SRC-MS-ST""]"
TOPIC-00597,OH20,Imunização Ocupacional,MOD-0090,Programas,Gestão de estoque em ação ocupacional,gestao-de-estoque-em-acao-ocupacional,gestao-de-estoque-em-acao-ocupacional,"[""G"", ""P""]",candidate_for_atomization,"[""SRC-WHO-HCW"", ""SRC-MS-ST""]"
TOPIC-00598,OH20,Imunização Ocupacional,MOD-0090,Programas,Avaliação de efetividade do programa,avaliacao-de-efetividade-do-programa,avaliacao-de-efetividade-do-programa,"[""G"", ""P""]",candidate_for_atomization,"[""SRC-WHO-HCW"", ""SRC-MS-ST""]"
TOPIC-00599,OH21,Urgências e Emergências Ocupacionais,MOD-0091,Resposta inicial,Segurança da cena ocupacional,seguranca-da-cena-ocupacional,seguranca-da-cena-ocupacional,"[""T"", ""G"", ""P""]",candidate_for_atomization,"[""SRC-MTE-NR01"", ""SRC-MTE-NR32"", ""SRC-WHO-HCW""]"
TOPIC-00600,OH21,Urgências e Emergências Ocupacionais,MOD-0091,Resposta inicial,Avaliação primária do trabalhador,avaliacao-primaria-do-trabalhador,avaliacao-primaria-do-trabalhador,"[""T"", ""G"", ""P""]",candidate_for_atomization,"[""SRC-MTE-NR01"", ""SRC-MTE-NR32"", ""SRC-WHO-HCW""]"
TOPIC-00601,OH21,Urgências e Emergências Ocupacionais,MOD-0091,Resposta inicial,Acionamento do sistema de emergência,acionamento-do-sistema-de-emergencia,acionamento-do-sistema-de-emergencia,"[""T"", ""G"", ""P""]",candidate_for_atomization,"[""SRC-MTE-NR01"", ""SRC-MTE-NR32"", ""SRC-WHO-HCW""]"
TOPIC-00602,OH21,Urgências e Emergências Ocupacionais,MOD-0091,Resposta inicial,Suporte básico de vida no ambiente de trabalho,suporte-basico-de-vida-no-ambiente-de-trabalho,suporte-basico-de-vida-no-ambiente-de-trabalho,"[""T"", ""G"", ""P""]",candidate_for_atomization,"[""SRC-MTE-NR01"", ""SRC-MTE-NR32"", ""SRC-WHO-HCW""]"
TOPIC-00603,OH21,Urgências e Emergências Ocupacionais,MOD-0091,Resposta inicial,Registro da emergência ocupacional,registro-da-emergencia-ocupacional,registro-da-emergencia-ocupacional,"[""T"", ""G"", ""P""]",candidate_for_atomization,"[""SRC-MTE-NR01"", ""SRC-MTE-NR32"", ""SRC-WHO-HCW""]"
TOPIC-00604,OH21,Urgências e Emergências Ocupacionais,MOD-0092,Trauma e eventos agudos,Hemorragia ocupacional,hemorragia-ocupacional,hemorragia-ocupacional,"[""T"", ""G"", ""P""]",candidate_for_atomization,"[""SRC-MTE-NR01"", ""SRC-MTE-NR32"", ""SRC-WHO-HCW""]"
TOPIC-00605,OH21,Urgências e Emergências Ocupacionais,MOD-0092,Trauma e eventos agudos,Trauma musculoesquelético,trauma-musculoesqueletico,trauma-musculoesqueletico,"[""T"", ""G"", ""P""]",candidate_for_atomization,"[""SRC-MTE-NR01"", ""SRC-MTE-NR32"", ""SRC-WHO-HCW""]"
TOPIC-00606,OH21,Urgências e Emergências Ocupacionais,MOD-0092,Trauma e eventos agudos,Trauma cranioencefálico no trabalho,trauma-cranioencefalico-no-trabalho,trauma-cranioencefalico-no-trabalho,"[""T"", ""G"", ""P""]",candidate_for_atomization,"[""SRC-MTE-NR01"", ""SRC-MTE-NR32"", ""SRC-WHO-HCW""]"
TOPIC-00607,OH21,Urgências e Emergências Ocupacionais,MOD-0092,Trauma e eventos agudos,Queimaduras térmicas,queimaduras-termicas,queimaduras-termicas,"[""T"", ""G"", ""P""]",candidate_for_atomization,"[""SRC-MTE-NR01"", ""SRC-MTE-NR32"", ""SRC-WHO-HCW""]"
TOPIC-00608,OH21,Urgências e Emergências Ocupacionais,MOD-0092,Trauma e eventos agudos,Queimaduras químicas,queimaduras-quimicas,queimaduras-quimicas,"[""T"", ""G"", ""P""]",candidate_for_atomization,"[""SRC-MTE-NR01"", ""SRC-MTE-NR32"", ""SRC-WHO-HCW""]"
TOPIC-00609,OH21,Urgências e Emergências Ocupacionais,MOD-0092,Trauma e eventos agudos,Choque elétrico,choque-eletrico,choque-eletrico,"[""T"", ""G"", ""P""]",candidate_for_atomization,"[""SRC-MTE-NR01"", ""SRC-MTE-NR32"", ""SRC-WHO-HCW""]"
TOPIC-00610,OH21,Urgências e Emergências Ocupacionais,MOD-0092,Trauma e eventos agudos,Lesão ocular ocupacional,lesao-ocular-ocupacional,lesao-ocular-ocupacional,"[""T"", ""G"", ""P""]",candidate_for_atomization,"[""SRC-MTE-NR01"", ""SRC-MTE-NR32"", ""SRC-WHO-HCW""]"
TOPIC-00611,OH21,Urgências e Emergências Ocupacionais,MOD-0092,Trauma e eventos agudos,Amputação traumática,amputacao-traumatica,amputacao-traumatica,"[""T"", ""G"", ""P""]",candidate_for_atomization,"[""SRC-MTE-NR01"", ""SRC-MTE-NR32"", ""SRC-WHO-HCW""]"
TOPIC-00612,OH21,Urgências e Emergências Ocupacionais,MOD-0093,Emergências clínicas,Síncope no trabalho,sincope-no-trabalho,sincope-no-trabalho,"[""T"", ""G"", ""P""]",candidate_for_atomization,"[""SRC-MTE-NR01"", ""SRC-MTE-NR32"", ""SRC-WHO-HCW""]"
TOPIC-00613,OH21,Urgências e Emergências Ocupacionais,MOD-0093,Emergências clínicas,Dor torácica no trabalho,dor-toracica-no-trabalho,dor-toracica-no-trabalho,"[""T"", ""G"", ""P""]",candidate_for_atomization,"[""SRC-MTE-NR01"", ""SRC-MTE-NR32"", ""SRC-WHO-HCW""]"
TOPIC-00614,OH21,Urgências e Emergências Ocupacionais,MOD-0093,Emergências clínicas,Crise convulsiva no trabalho,crise-convulsiva-no-trabalho,crise-convulsiva-no-trabalho,"[""T"", ""G"", ""P""]",candidate_for_atomization,"[""SRC-MTE-NR01"", ""SRC-MTE-NR32"", ""SRC-WHO-HCW""]"
TOPIC-00615,OH21,Urgências e Emergências Ocupacionais,MOD-0093,Emergências clínicas,Hipoglicemia no trabalho,hipoglicemia-no-trabalho,hipoglicemia-no-trabalho,"[""T"", ""G"", ""P""]",candidate_for_atomization,"[""SRC-MTE-NR01"", ""SRC-MTE-NR32"", ""SRC-WHO-HCW""]"
TOPIC-00616,OH21,Urgências e Emergências Ocupacionais,MOD-0093,Emergências clínicas,Anafilaxia no trabalho,anafilaxia-no-trabalho,anafilaxia-no-trabalho,"[""T"", ""G"", ""P""]",candidate_for_atomization,"[""SRC-MTE-NR01"", ""SRC-MTE-NR32"", ""SRC-WHO-HCW""]"
TOPIC-00617,OH21,Urgências e Emergências Ocupacionais,MOD-0093,Emergências clínicas,Acidente vascular cerebral no trabalho,acidente-vascular-cerebral-no-trabalho,acidente-vascular-cerebral-no-trabalho,"[""T"", ""G"", ""P""]",candidate_for_atomization,"[""SRC-MTE-NR01"", ""SRC-MTE-NR32"", ""SRC-WHO-HCW""]"
TOPIC-00618,OH21,Urgências e Emergências Ocupacionais,MOD-0094,Emergências toxicológicas,Inalação de gases tóxicos,inalacao-de-gases-toxicos,inalacao-de-gases-toxicos,"[""G"", ""P""]",candidate_for_atomization,"[""SRC-MTE-NR01"", ""SRC-MTE-NR32"", ""SRC-WHO-HCW""]"
TOPIC-00619,OH21,Urgências e Emergências Ocupacionais,MOD-0094,Emergências toxicológicas,Exposição cutânea a químicos,exposicao-cutanea-a-quimicos,exposicao-cutanea-a-quimicos,"[""G"", ""P""]",candidate_for_atomization,"[""SRC-MTE-NR01"", ""SRC-MTE-NR32"", ""SRC-WHO-HCW""]"
TOPIC-00620,OH21,Urgências e Emergências Ocupacionais,MOD-0094,Emergências toxicológicas,Ingestão acidental de químicos,ingestao-acidental-de-quimicos,ingestao-acidental-de-quimicos,"[""G"", ""P""]",candidate_for_atomization,"[""SRC-MTE-NR01"", ""SRC-MTE-NR32"", ""SRC-WHO-HCW""]"
TOPIC-00621,OH21,Urgências e Emergências Ocupacionais,MOD-0094,Emergências toxicológicas,Descontaminação de emergência,descontaminacao-de-emergencia,descontaminacao-de-emergencia,"[""G"", ""P""]",candidate_for_atomization,"[""SRC-MTE-NR01"", ""SRC-MTE-NR32"", ""SRC-WHO-HCW""]"
TOPIC-00622,OH21,Urgências e Emergências Ocupacionais,MOD-0094,Emergências toxicológicas,Síndrome colinérgica por agrotóxicos,sindrome-colinergica-por-agrotoxicos,sindrome-colinergica-por-agrotoxicos,"[""G"", ""P""]",candidate_for_atomization,"[""SRC-MTE-NR01"", ""SRC-MTE-NR32"", ""SRC-WHO-HCW""]"
TOPIC-00623,OH21,Urgências e Emergências Ocupacionais,MOD-0094,Emergências toxicológicas,Intoxicação por monóxido de carbono,intoxicacao-por-monoxido-de-carbono,intoxicacao-por-monoxido-de-carbono,"[""G"", ""P""]",candidate_for_atomization,"[""SRC-MTE-NR01"", ""SRC-MTE-NR32"", ""SRC-WHO-HCW""]"
TOPIC-00624,OH21,Urgências e Emergências Ocupacionais,MOD-0095,Gestão de emergências,Plano de resposta a emergências,plano-de-resposta-a-emergencias,plano-de-resposta-a-emergencias,"[""G"", ""P""]",candidate_for_atomization,"[""SRC-MTE-NR01"", ""SRC-MTE-NR32"", ""SRC-WHO-HCW""]"
TOPIC-00625,OH21,Urgências e Emergências Ocupacionais,MOD-0095,Gestão de emergências,Múltiplas vítimas no ambiente ocupacional,multiplas-vitimas-no-ambiente-ocupacional,multiplas-vitimas-no-ambiente-ocupacional,"[""G"", ""P""]",candidate_for_atomization,"[""SRC-MTE-NR01"", ""SRC-MTE-NR32"", ""SRC-WHO-HCW""]"
TOPIC-00626,OH21,Urgências e Emergências Ocupacionais,MOD-0095,Gestão de emergências,Incidente com produto perigoso,incidente-com-produto-perigoso,incidente-com-produto-perigoso,"[""G"", ""P""]",candidate_for_atomization,"[""SRC-MTE-NR01"", ""SRC-MTE-NR32"", ""SRC-WHO-HCW""]"
TOPIC-00627,OH21,Urgências e Emergências Ocupacionais,MOD-0095,Gestão de emergências,Evacuação e abandono de área,evacuacao-e-abandono-de-area,evacuacao-e-abandono-de-area,"[""G"", ""P""]",candidate_for_atomization,"[""SRC-MTE-NR01"", ""SRC-MTE-NR32"", ""SRC-WHO-HCW""]"
TOPIC-00628,OH21,Urgências e Emergências Ocupacionais,MOD-0095,Gestão de emergências,Comunicação de crise,comunicacao-de-crise,comunicacao-de-crise,"[""G"", ""P""]",candidate_for_atomization,"[""SRC-MTE-NR01"", ""SRC-MTE-NR32"", ""SRC-WHO-HCW""]"
TOPIC-00629,OH21,Urgências e Emergências Ocupacionais,MOD-0095,Gestão de emergências,Continuidade operacional após emergência,continuidade-operacional-apos-emergencia,continuidade-operacional-apos-emergencia,"[""G"", ""P""]",candidate_for_atomization,"[""SRC-MTE-NR01"", ""SRC-MTE-NR32"", ""SRC-WHO-HCW""]"
TOPIC-00630,OH22,Promoção da Saúde e Bem-Estar no Trabalho,MOD-0096,Diagnóstico e planejamento,Diagnóstico de necessidades de saúde da população trabalhadora,diagnostico-de-necessidades-de-saude-da-populacao-trabalhadora,diagnostico-de-necessidades-de-saude-da-populacao-trabalhadora,"[""G"", ""P""]",candidate_for_atomization,"[""SRC-WHO-OH"", ""SRC-NIOSH-TWH""]"
TOPIC-00631,OH22,Promoção da Saúde e Bem-Estar no Trabalho,MOD-0096,Diagnóstico e planejamento,Segmentação de população trabalhadora,segmentacao-de-populacao-trabalhadora,segmentacao-de-populacao-trabalhadora,"[""G"", ""P""]",candidate_for_atomization,"[""SRC-WHO-OH"", ""SRC-NIOSH-TWH""]"
TOPIC-00632,OH22,Promoção da Saúde e Bem-Estar no Trabalho,MOD-0096,Diagnóstico e planejamento,Priorização de problemas de saúde,priorizacao-de-problemas-de-saude,priorizacao-de-problemas-de-saude,"[""G"", ""P""]",candidate_for_atomization,"[""SRC-WHO-OH"", ""SRC-NIOSH-TWH""]"
TOPIC-00633,OH22,Promoção da Saúde e Bem-Estar no Trabalho,MOD-0096,Diagnóstico e planejamento,Planejamento de programa de promoção da saúde,planejamento-de-programa-de-promocao-da-saude,planejamento-de-programa-de-promocao-da-saude,"[""G"", ""P""]",candidate_for_atomization,"[""SRC-WHO-OH"", ""SRC-NIOSH-TWH""]"
TOPIC-00634,OH22,Promoção da Saúde e Bem-Estar no Trabalho,MOD-0096,Diagnóstico e planejamento,Teoria de mudança em programas ocupacionais,teoria-de-mudanca-em-programas-ocupacionais,teoria-de-mudanca-em-programas-ocupacionais,"[""G"", ""P""]",candidate_for_atomization,"[""SRC-WHO-OH"", ""SRC-NIOSH-TWH""]"
TOPIC-00635,OH22,Promoção da Saúde e Bem-Estar no Trabalho,MOD-0097,Estilos de vida e saúde,Atividade física no trabalho e fora dele,atividade-fisica-no-trabalho-e-fora-dele,atividade-fisica-no-trabalho-e-fora-dele,"[""T"", ""G"", ""P""]",candidate_for_atomization,"[""SRC-WHO-OH"", ""SRC-NIOSH-TWH""]"
TOPIC-00636,OH22,Promoção da Saúde e Bem-Estar no Trabalho,MOD-0097,Estilos de vida e saúde,Alimentação saudável do trabalhador,alimentacao-saudavel-do-trabalhador,alimentacao-saudavel-do-trabalhador,"[""T"", ""G"", ""P""]",candidate_for_atomization,"[""SRC-WHO-OH"", ""SRC-NIOSH-TWH""]"
TOPIC-00637,OH22,Promoção da Saúde e Bem-Estar no Trabalho,MOD-0097,Estilos de vida e saúde,Tabagismo e trabalho,tabagismo-e-trabalho,tabagismo-e-trabalho,"[""T"", ""G"", ""P""]",candidate_for_atomization,"[""SRC-WHO-OH"", ""SRC-NIOSH-TWH""]"
TOPIC-00638,OH22,Promoção da Saúde e Bem-Estar no Trabalho,MOD-0097,Estilos de vida e saúde,Álcool e outras drogas no trabalho,alcool-e-outras-drogas-no-trabalho,alcool-e-outras-drogas-no-trabalho,"[""T"", ""G"", ""P""]",candidate_for_atomization,"[""SRC-WHO-OH"", ""SRC-NIOSH-TWH""]"
TOPIC-00639,OH22,Promoção da Saúde e Bem-Estar no Trabalho,MOD-0097,Estilos de vida e saúde,Sono e recuperação,sono-e-recuperacao,sono-e-recuperacao,"[""T"", ""G"", ""P""]",candidate_for_atomization,"[""SRC-WHO-OH"", ""SRC-NIOSH-TWH""]"
TOPIC-00640,OH22,Promoção da Saúde e Bem-Estar no Trabalho,MOD-0097,Estilos de vida e saúde,Saúde cardiovascular do trabalhador,saude-cardiovascular-do-trabalhador,saude-cardiovascular-do-trabalhador,"[""T"", ""G"", ""P""]",candidate_for_atomization,"[""SRC-WHO-OH"", ""SRC-NIOSH-TWH""]"
TOPIC-00641,OH22,Promoção da Saúde e Bem-Estar no Trabalho,MOD-0097,Estilos de vida e saúde,Prevenção de doenças crônicas,prevencao-de-doencas-cronicas,prevencao-de-doencas-cronicas,"[""T"", ""G"", ""P""]",candidate_for_atomization,"[""SRC-WHO-OH"", ""SRC-NIOSH-TWH""]"
TOPIC-00642,OH22,Promoção da Saúde e Bem-Estar no Trabalho,MOD-0098,Bem-estar e organização,Bem-estar no trabalho,bem-estar-no-trabalho,bem-estar-no-trabalho,"[""G"", ""P""]",candidate_for_atomization,"[""SRC-WHO-OH"", ""SRC-NIOSH-TWH""]"
TOPIC-00643,OH22,Promoção da Saúde e Bem-Estar no Trabalho,MOD-0098,Bem-estar e organização,Total Worker Health,total-worker-health,total-worker-health,"[""G"", ""P""]",candidate_for_atomization,"[""SRC-WHO-OH"", ""SRC-NIOSH-TWH""]"
TOPIC-00644,OH22,Promoção da Saúde e Bem-Estar no Trabalho,MOD-0098,Bem-estar e organização,Intervenções organizacionais de promoção da saúde,intervencoes-organizacionais-de-promocao-da-saude,intervencoes-organizacionais-de-promocao-da-saude,"[""G"", ""P""]",candidate_for_atomization,"[""SRC-WHO-OH"", ""SRC-NIOSH-TWH""]"
TOPIC-00645,OH22,Promoção da Saúde e Bem-Estar no Trabalho,MOD-0098,Bem-estar e organização,Participação dos trabalhadores em programas,participacao-dos-trabalhadores-em-programas,participacao-dos-trabalhadores-em-programas,"[""G"", ""P""]",candidate_for_atomization,"[""SRC-WHO-OH"", ""SRC-NIOSH-TWH""]"
TOPIC-00646,OH22,Promoção da Saúde e Bem-Estar no Trabalho,MOD-0098,Bem-estar e organização,Equidade em promoção da saúde,equidade-em-promocao-da-saude,equidade-em-promocao-da-saude,"[""G"", ""P""]",candidate_for_atomization,"[""SRC-WHO-OH"", ""SRC-NIOSH-TWH""]"
TOPIC-00647,OH22,Promoção da Saúde e Bem-Estar no Trabalho,MOD-0099,Avaliação,Indicadores de processo em promoção da saúde,indicadores-de-processo-em-promocao-da-saude,indicadores-de-processo-em-promocao-da-saude,"[""G"", ""P""]",candidate_for_atomization,"[""SRC-WHO-OH"", ""SRC-NIOSH-TWH""]"
TOPIC-00648,OH22,Promoção da Saúde e Bem-Estar no Trabalho,MOD-0099,Avaliação,Indicadores de resultado,indicadores-de-resultado,indicadores-de-resultado,"[""G"", ""P""]",candidate_for_atomization,"[""SRC-WHO-OH"", ""SRC-NIOSH-TWH""]"
TOPIC-00649,OH22,Promoção da Saúde e Bem-Estar no Trabalho,MOD-0099,Avaliação,Adesão a programas,adesao-a-programas,adesao-a-programas,"[""G"", ""P""]",candidate_for_atomization,"[""SRC-WHO-OH"", ""SRC-NIOSH-TWH""]"
TOPIC-00650,OH22,Promoção da Saúde e Bem-Estar no Trabalho,MOD-0099,Avaliação,Avaliação de efetividade,avaliacao-de-efetividade,avaliacao-de-efetividade,"[""G"", ""P""]",candidate_for_atomization,"[""SRC-WHO-OH"", ""SRC-NIOSH-TWH""]"
TOPIC-00651,OH22,Promoção da Saúde e Bem-Estar no Trabalho,MOD-0099,Avaliação,ROI e VOI em saúde ocupacional,roi-e-voi-em-saude-ocupacional,roi-e-voi-em-saude-ocupacional,"[""G"", ""P""]",candidate_for_atomization,"[""SRC-WHO-OH"", ""SRC-NIOSH-TWH""]"
TOPIC-00652,OH22,Promoção da Saúde e Bem-Estar no Trabalho,MOD-0099,Avaliação,Limitações de métricas econômicas em saúde,limitacoes-de-metricas-economicas-em-saude,limitacoes-de-metricas-economicas-em-saude,"[""G"", ""P""]",candidate_for_atomization,"[""SRC-WHO-OH"", ""SRC-NIOSH-TWH""]"
TOPIC-00653,OH23,Gestão da Saúde Ocupacional,MOD-0100,Estratégia e governança,Modelo de governança da saúde ocupacional,modelo-de-governanca-da-saude-ocupacional,modelo-de-governanca-da-saude-ocupacional,"[""G"", ""P""]",candidate_for_atomization,"[""SRC-WHO-OH"", ""SRC-ILO-OSH"", ""SRC-COFEN-581""]"
TOPIC-00654,OH23,Gestão da Saúde Ocupacional,MOD-0100,Estratégia e governança,Planejamento estratégico em saúde ocupacional,planejamento-estrategico-em-saude-ocupacional,planejamento-estrategico-em-saude-ocupacional,"[""G"", ""P""]",candidate_for_atomization,"[""SRC-WHO-OH"", ""SRC-ILO-OSH"", ""SRC-COFEN-581""]"
TOPIC-00655,OH23,Gestão da Saúde Ocupacional,MOD-0100,Estratégia e governança,Papéis e responsabilidades,papeis-e-responsabilidades,papeis-e-responsabilidades,"[""G"", ""P""]",candidate_for_atomization,"[""SRC-WHO-OH"", ""SRC-ILO-OSH"", ""SRC-COFEN-581""]"
TOPIC-00656,OH23,Gestão da Saúde Ocupacional,MOD-0100,Estratégia e governança,Matriz RACI em SST,matriz-raci-em-sst,matriz-raci-em-sst,"[""G"", ""P""]",candidate_for_atomization,"[""SRC-WHO-OH"", ""SRC-ILO-OSH"", ""SRC-COFEN-581""]"
TOPIC-00657,OH23,Gestão da Saúde Ocupacional,MOD-0100,Estratégia e governança,Políticas corporativas de saúde,politicas-corporativas-de-saude,politicas-corporativas-de-saude,"[""G"", ""P""]",candidate_for_atomization,"[""SRC-WHO-OH"", ""SRC-ILO-OSH"", ""SRC-COFEN-581""]"
TOPIC-00658,OH23,Gestão da Saúde Ocupacional,MOD-0100,Estratégia e governança,Gestão por riscos,gestao-por-riscos,gestao-por-riscos,"[""G"", ""P""]",candidate_for_atomization,"[""SRC-WHO-OH"", ""SRC-ILO-OSH"", ""SRC-COFEN-581""]"
TOPIC-00659,OH23,Gestão da Saúde Ocupacional,MOD-0101,Operações,Gestão de ambulatório ocupacional,gestao-de-ambulatorio-ocupacional,gestao-de-ambulatorio-ocupacional,"[""G"", ""P""]",candidate_for_atomization,"[""SRC-WHO-OH"", ""SRC-ILO-OSH"", ""SRC-COFEN-581""]"
TOPIC-00660,OH23,Gestão da Saúde Ocupacional,MOD-0101,Operações,Agenda e capacidade assistencial,agenda-e-capacidade-assistencial,agenda-e-capacidade-assistencial,"[""G"", ""P""]",candidate_for_atomization,"[""SRC-WHO-OH"", ""SRC-ILO-OSH"", ""SRC-COFEN-581""]"
TOPIC-00661,OH23,Gestão da Saúde Ocupacional,MOD-0101,Operações,Gestão de fornecedores de saúde,gestao-de-fornecedores-de-saude,gestao-de-fornecedores-de-saude,"[""G"", ""P""]",candidate_for_atomization,"[""SRC-WHO-OH"", ""SRC-ILO-OSH"", ""SRC-COFEN-581""]"
TOPIC-00662,OH23,Gestão da Saúde Ocupacional,MOD-0101,Operações,SLA em saúde ocupacional,sla-em-saude-ocupacional,sla-em-saude-ocupacional,"[""G"", ""P""]",candidate_for_atomization,"[""SRC-WHO-OH"", ""SRC-ILO-OSH"", ""SRC-COFEN-581""]"
TOPIC-00663,OH23,Gestão da Saúde Ocupacional,MOD-0101,Operações,Gestão de contratos,gestao-de-contratos,gestao-de-contratos,"[""G"", ""P""]",candidate_for_atomization,"[""SRC-WHO-OH"", ""SRC-ILO-OSH"", ""SRC-COFEN-581""]"
TOPIC-00664,OH23,Gestão da Saúde Ocupacional,MOD-0101,Operações,Gestão de estoque e insumos,gestao-de-estoque-e-insumos,gestao-de-estoque-e-insumos,"[""G"", ""P""]",candidate_for_atomization,"[""SRC-WHO-OH"", ""SRC-ILO-OSH"", ""SRC-COFEN-581""]"
TOPIC-00665,OH23,Gestão da Saúde Ocupacional,MOD-0101,Operações,Gestão documental,gestao-documental,gestao-documental,"[""G"", ""P""]",candidate_for_atomization,"[""SRC-WHO-OH"", ""SRC-ILO-OSH"", ""SRC-COFEN-581""]"
TOPIC-00666,OH23,Gestão da Saúde Ocupacional,MOD-0102,Pessoas e liderança,Liderança em saúde ocupacional,lideranca-em-saude-ocupacional,lideranca-em-saude-ocupacional,"[""G"", ""P""]",candidate_for_atomization,"[""SRC-WHO-OH"", ""SRC-ILO-OSH"", ""SRC-COFEN-581""]"
TOPIC-00667,OH23,Gestão da Saúde Ocupacional,MOD-0102,Pessoas e liderança,Gestão de equipes multiprofissionais,gestao-de-equipes-multiprofissionais,gestao-de-equipes-multiprofissionais,"[""G"", ""P""]",candidate_for_atomization,"[""SRC-WHO-OH"", ""SRC-ILO-OSH"", ""SRC-COFEN-581""]"
TOPIC-00668,OH23,Gestão da Saúde Ocupacional,MOD-0102,Pessoas e liderança,Supervisão de enfermagem,supervisao-de-enfermagem,supervisao-de-enfermagem,"[""G"", ""P""]",candidate_for_atomization,"[""SRC-WHO-OH"", ""SRC-ILO-OSH"", ""SRC-COFEN-581""]"
TOPIC-00669,OH23,Gestão da Saúde Ocupacional,MOD-0102,Pessoas e liderança,Competências e treinamento,competencias-e-treinamento,competencias-e-treinamento,"[""G"", ""P""]",candidate_for_atomization,"[""SRC-WHO-OH"", ""SRC-ILO-OSH"", ""SRC-COFEN-581""]"
TOPIC-00670,OH23,Gestão da Saúde Ocupacional,MOD-0102,Pessoas e liderança,Gestão de conflitos,gestao-de-conflitos,gestao-de-conflitos,"[""G"", ""P""]",candidate_for_atomization,"[""SRC-WHO-OH"", ""SRC-ILO-OSH"", ""SRC-COFEN-581""]"
TOPIC-00671,OH23,Gestão da Saúde Ocupacional,MOD-0102,Pessoas e liderança,Comunicação com liderança empresarial,comunicacao-com-lideranca-empresarial,comunicacao-com-lideranca-empresarial,"[""G"", ""P""]",candidate_for_atomization,"[""SRC-WHO-OH"", ""SRC-ILO-OSH"", ""SRC-COFEN-581""]"
TOPIC-00672,OH23,Gestão da Saúde Ocupacional,MOD-0103,Finanças e valor,Orçamento de saúde ocupacional,orcamento-de-saude-ocupacional,orcamento-de-saude-ocupacional,"[""P""]",candidate_for_atomization,"[""SRC-WHO-OH"", ""SRC-ILO-OSH"", ""SRC-COFEN-581""]"
TOPIC-00673,OH23,Gestão da Saúde Ocupacional,MOD-0103,Finanças e valor,Custos de absenteísmo,custos-de-absenteismo,custos-de-absenteismo,"[""P""]",candidate_for_atomization,"[""SRC-WHO-OH"", ""SRC-ILO-OSH"", ""SRC-COFEN-581""]"
TOPIC-00674,OH23,Gestão da Saúde Ocupacional,MOD-0103,Finanças e valor,Business case de programa de saúde,business-case-de-programa-de-saude,business-case-de-programa-de-saude,"[""P""]",candidate_for_atomization,"[""SRC-WHO-OH"", ""SRC-ILO-OSH"", ""SRC-COFEN-581""]"
TOPIC-00675,OH23,Gestão da Saúde Ocupacional,MOD-0103,Finanças e valor,Valor em saúde ocupacional,valor-em-saude-ocupacional,valor-em-saude-ocupacional,"[""P""]",candidate_for_atomization,"[""SRC-WHO-OH"", ""SRC-ILO-OSH"", ""SRC-COFEN-581""]"
TOPIC-00676,OH23,Gestão da Saúde Ocupacional,MOD-0103,Finanças e valor,Priorização de investimentos em SST,priorizacao-de-investimentos-em-sst,priorizacao-de-investimentos-em-sst,"[""P""]",candidate_for_atomization,"[""SRC-WHO-OH"", ""SRC-ILO-OSH"", ""SRC-COFEN-581""]"
TOPIC-00677,OH24,"Absenteísmo, Incapacidade, Retorno e Reabilitação",MOD-0104,Absenteísmo e presenteísmo,Conceito de absenteísmo,conceito-de-absenteismo,conceito-de-absenteismo,"[""T"", ""G"", ""P""]",candidate_for_atomization,"[""SRC-PREV-NTEP"", ""SRC-WHO-OH""]"
TOPIC-00678,OH24,"Absenteísmo, Incapacidade, Retorno e Reabilitação",MOD-0104,Absenteísmo e presenteísmo,Tipos de ausência ao trabalho,tipos-de-ausencia-ao-trabalho,tipos-de-ausencia-ao-trabalho,"[""T"", ""G"", ""P""]",candidate_for_atomization,"[""SRC-PREV-NTEP"", ""SRC-WHO-OH""]"
TOPIC-00679,OH24,"Absenteísmo, Incapacidade, Retorno e Reabilitação",MOD-0104,Absenteísmo e presenteísmo,Presenteísmo,presenteismo,presenteismo-oh24,"[""T"", ""G"", ""P""]",candidate_for_atomization,"[""SRC-PREV-NTEP"", ""SRC-WHO-OH""]"
TOPIC-00680,OH24,"Absenteísmo, Incapacidade, Retorno e Reabilitação",MOD-0104,Absenteísmo e presenteísmo,Indicadores de absenteísmo,indicadores-de-absenteismo,indicadores-de-absenteismo,"[""T"", ""G"", ""P""]",candidate_for_atomization,"[""SRC-PREV-NTEP"", ""SRC-WHO-OH""]"
TOPIC-00681,OH24,"Absenteísmo, Incapacidade, Retorno e Reabilitação",MOD-0104,Absenteísmo e presenteísmo,Análise de causas de ausência,analise-de-causas-de-ausencia,analise-de-causas-de-ausencia,"[""T"", ""G"", ""P""]",candidate_for_atomization,"[""SRC-PREV-NTEP"", ""SRC-WHO-OH""]"
TOPIC-00682,OH24,"Absenteísmo, Incapacidade, Retorno e Reabilitação",MOD-0104,Absenteísmo e presenteísmo,Limitações de indicadores de ausência,limitacoes-de-indicadores-de-ausencia,limitacoes-de-indicadores-de-ausencia,"[""T"", ""G"", ""P""]",candidate_for_atomization,"[""SRC-PREV-NTEP"", ""SRC-WHO-OH""]"
TOPIC-00683,OH24,"Absenteísmo, Incapacidade, Retorno e Reabilitação",MOD-0105,Incapacidade e funcionalidade,Incapacidade temporária,incapacidade-temporaria,incapacidade-temporaria,"[""G"", ""P""]",candidate_for_atomization,"[""SRC-PREV-NTEP"", ""SRC-WHO-OH""]"
TOPIC-00684,OH24,"Absenteísmo, Incapacidade, Retorno e Reabilitação",MOD-0105,Incapacidade e funcionalidade,Incapacidade permanente,incapacidade-permanente,incapacidade-permanente,"[""G"", ""P""]",candidate_for_atomization,"[""SRC-PREV-NTEP"", ""SRC-WHO-OH""]"
TOPIC-00685,OH24,"Absenteísmo, Incapacidade, Retorno e Reabilitação",MOD-0105,Incapacidade e funcionalidade,Funcionalidade e trabalho,funcionalidade-e-trabalho,funcionalidade-e-trabalho,"[""G"", ""P""]",candidate_for_atomization,"[""SRC-PREV-NTEP"", ""SRC-WHO-OH""]"
TOPIC-00686,OH24,"Absenteísmo, Incapacidade, Retorno e Reabilitação",MOD-0105,Incapacidade e funcionalidade,Restrições e limitações funcionais,restricoes-e-limitacoes-funcionais,restricoes-e-limitacoes-funcionais,"[""G"", ""P""]",candidate_for_atomization,"[""SRC-PREV-NTEP"", ""SRC-WHO-OH""]"
TOPIC-00687,OH24,"Absenteísmo, Incapacidade, Retorno e Reabilitação",MOD-0105,Incapacidade e funcionalidade,Acomodação razoável,acomodacao-razoavel,acomodacao-razoavel,"[""G"", ""P""]",candidate_for_atomization,"[""SRC-PREV-NTEP"", ""SRC-WHO-OH""]"
TOPIC-00688,OH24,"Absenteísmo, Incapacidade, Retorno e Reabilitação",MOD-0105,Incapacidade e funcionalidade,Capacidade para o trabalho,capacidade-para-o-trabalho,capacidade-para-o-trabalho-oh24,"[""G"", ""P""]",candidate_for_atomization,"[""SRC-PREV-NTEP"", ""SRC-WHO-OH""]"
TOPIC-00689,OH24,"Absenteísmo, Incapacidade, Retorno e Reabilitação",MOD-0106,Retorno ao trabalho,Planejamento de retorno ao trabalho,planejamento-de-retorno-ao-trabalho,planejamento-de-retorno-ao-trabalho,"[""G"", ""P""]",candidate_for_atomization,"[""SRC-PREV-NTEP"", ""SRC-WHO-OH""]"
TOPIC-00690,OH24,"Absenteísmo, Incapacidade, Retorno e Reabilitação",MOD-0106,Retorno ao trabalho,Retorno gradual ao trabalho,retorno-gradual-ao-trabalho,retorno-gradual-ao-trabalho,"[""G"", ""P""]",candidate_for_atomization,"[""SRC-PREV-NTEP"", ""SRC-WHO-OH""]"
TOPIC-00691,OH24,"Absenteísmo, Incapacidade, Retorno e Reabilitação",MOD-0106,Retorno ao trabalho,Comunicação no retorno ao trabalho,comunicacao-no-retorno-ao-trabalho,comunicacao-no-retorno-ao-trabalho,"[""G"", ""P""]",candidate_for_atomization,"[""SRC-PREV-NTEP"", ""SRC-WHO-OH""]"
TOPIC-00692,OH24,"Absenteísmo, Incapacidade, Retorno e Reabilitação",MOD-0106,Retorno ao trabalho,Ajustes temporários de função,ajustes-temporarios-de-funcao,ajustes-temporarios-de-funcao,"[""G"", ""P""]",candidate_for_atomization,"[""SRC-PREV-NTEP"", ""SRC-WHO-OH""]"
TOPIC-00693,OH24,"Absenteísmo, Incapacidade, Retorno e Reabilitação",MOD-0106,Retorno ao trabalho,Retorno após transtorno mental,retorno-apos-transtorno-mental,retorno-apos-transtorno-mental,"[""G"", ""P""]",candidate_for_atomization,"[""SRC-PREV-NTEP"", ""SRC-WHO-OH""]"
TOPIC-00694,OH24,"Absenteísmo, Incapacidade, Retorno e Reabilitação",MOD-0106,Retorno ao trabalho,Retorno após lesão musculoesquelética,retorno-apos-lesao-musculoesqueletica,retorno-apos-lesao-musculoesqueletica,"[""G"", ""P""]",candidate_for_atomization,"[""SRC-PREV-NTEP"", ""SRC-WHO-OH""]"
TOPIC-00695,OH24,"Absenteísmo, Incapacidade, Retorno e Reabilitação",MOD-0106,Retorno ao trabalho,Avaliação do programa de retorno,avaliacao-do-programa-de-retorno,avaliacao-do-programa-de-retorno,"[""G"", ""P""]",candidate_for_atomization,"[""SRC-PREV-NTEP"", ""SRC-WHO-OH""]"
TOPIC-00696,OH24,"Absenteísmo, Incapacidade, Retorno e Reabilitação",MOD-0107,Reabilitação,Reabilitação profissional,reabilitacao-profissional,reabilitacao-profissional,"[""G"", ""P""]",candidate_for_atomization,"[""SRC-PREV-NTEP"", ""SRC-WHO-OH""]"
TOPIC-00697,OH24,"Absenteísmo, Incapacidade, Retorno e Reabilitação",MOD-0107,Reabilitação,Trabalho multiprofissional na reabilitação,trabalho-multiprofissional-na-reabilitacao,trabalho-multiprofissional-na-reabilitacao,"[""G"", ""P""]",candidate_for_atomization,"[""SRC-PREV-NTEP"", ""SRC-WHO-OH""]"
TOPIC-00698,OH24,"Absenteísmo, Incapacidade, Retorno e Reabilitação",MOD-0107,Reabilitação,Reintegração laboral,reintegracao-laboral,reintegracao-laboral,"[""G"", ""P""]",candidate_for_atomization,"[""SRC-PREV-NTEP"", ""SRC-WHO-OH""]"
TOPIC-00699,OH24,"Absenteísmo, Incapacidade, Retorno e Reabilitação",MOD-0107,Reabilitação,Barreiras ao retorno,barreiras-ao-retorno,barreiras-ao-retorno,"[""G"", ""P""]",candidate_for_atomization,"[""SRC-PREV-NTEP"", ""SRC-WHO-OH""]"
TOPIC-00700,OH24,"Absenteísmo, Incapacidade, Retorno e Reabilitação",MOD-0107,Reabilitação,Facilitadores do retorno,facilitadores-do-retorno,facilitadores-do-retorno,"[""G"", ""P""]",candidate_for_atomization,"[""SRC-PREV-NTEP"", ""SRC-WHO-OH""]"
TOPIC-00701,OH25,"Qualidade, Auditoria e Indicadores",MOD-0108,Gestão da qualidade,Qualidade em saúde ocupacional,qualidade-em-saude-ocupacional,qualidade-em-saude-ocupacional,"[""G"", ""P""]",candidate_for_atomization,"[""SRC-ILO-OSH"", ""SRC-MTE-NR01""]"
TOPIC-00702,OH25,"Qualidade, Auditoria e Indicadores",MOD-0108,Gestão da qualidade,Padronização de processos,padronizacao-de-processos,padronizacao-de-processos,"[""G"", ""P""]",candidate_for_atomization,"[""SRC-ILO-OSH"", ""SRC-MTE-NR01""]"
TOPIC-00703,OH25,"Qualidade, Auditoria e Indicadores",MOD-0108,Gestão da qualidade,Procedimento operacional padrão,procedimento-operacional-padrao,procedimento-operacional-padrao,"[""G"", ""P""]",candidate_for_atomization,"[""SRC-ILO-OSH"", ""SRC-MTE-NR01""]"
TOPIC-00704,OH25,"Qualidade, Auditoria e Indicadores",MOD-0108,Gestão da qualidade,Gestão de documentos,gestao-de-documentos,gestao-de-documentos,"[""G"", ""P""]",candidate_for_atomization,"[""SRC-ILO-OSH"", ""SRC-MTE-NR01""]"
TOPIC-00705,OH25,"Qualidade, Auditoria e Indicadores",MOD-0108,Gestão da qualidade,Gestão de não conformidades,gestao-de-nao-conformidades,gestao-de-nao-conformidades,"[""G"", ""P""]",candidate_for_atomization,"[""SRC-ILO-OSH"", ""SRC-MTE-NR01""]"
TOPIC-00706,OH25,"Qualidade, Auditoria e Indicadores",MOD-0108,Gestão da qualidade,Ação corretiva e preventiva,acao-corretiva-e-preventiva,acao-corretiva-e-preventiva,"[""G"", ""P""]",candidate_for_atomization,"[""SRC-ILO-OSH"", ""SRC-MTE-NR01""]"
TOPIC-00707,OH25,"Qualidade, Auditoria e Indicadores",MOD-0109,Auditoria,Auditoria de prontuários ocupacionais,auditoria-de-prontuarios-ocupacionais,auditoria-de-prontuarios-ocupacionais,"[""G"", ""P""]",candidate_for_atomization,"[""SRC-ILO-OSH"", ""SRC-MTE-NR01""]"
TOPIC-00708,OH25,"Qualidade, Auditoria e Indicadores",MOD-0109,Auditoria,Auditoria de PCMSO,auditoria-de-pcmso,auditoria-de-pcmso,"[""G"", ""P""]",candidate_for_atomization,"[""SRC-ILO-OSH"", ""SRC-MTE-NR01""]"
TOPIC-00709,OH25,"Qualidade, Auditoria e Indicadores",MOD-0109,Auditoria,Auditoria de PGR,auditoria-de-pgr,auditoria-de-pgr,"[""G"", ""P""]",candidate_for_atomization,"[""SRC-ILO-OSH"", ""SRC-MTE-NR01""]"
TOPIC-00710,OH25,"Qualidade, Auditoria e Indicadores",MOD-0109,Auditoria,Auditoria de eventos eSocial SST,auditoria-de-eventos-esocial-sst,auditoria-de-eventos-esocial-sst,"[""G"", ""P""]",candidate_for_atomization,"[""SRC-ILO-OSH"", ""SRC-MTE-NR01""]"
TOPIC-00711,OH25,"Qualidade, Auditoria e Indicadores",MOD-0109,Auditoria,Amostragem em auditoria,amostragem-em-auditoria,amostragem-em-auditoria,"[""G"", ""P""]",candidate_for_atomization,"[""SRC-ILO-OSH"", ""SRC-MTE-NR01""]"
TOPIC-00712,OH25,"Qualidade, Auditoria e Indicadores",MOD-0109,Auditoria,Evidência objetiva de auditoria,evidencia-objetiva-de-auditoria,evidencia-objetiva-de-auditoria,"[""G"", ""P""]",candidate_for_atomization,"[""SRC-ILO-OSH"", ""SRC-MTE-NR01""]"
TOPIC-00713,OH25,"Qualidade, Auditoria e Indicadores",MOD-0109,Auditoria,Plano de ação pós-auditoria,plano-de-acao-pos-auditoria,plano-de-acao-pos-auditoria,"[""G"", ""P""]",candidate_for_atomization,"[""SRC-ILO-OSH"", ""SRC-MTE-NR01""]"
TOPIC-00714,OH25,"Qualidade, Auditoria e Indicadores",MOD-0110,Indicadores,Painel de indicadores de SST,painel-de-indicadores-de-sst,painel-de-indicadores-de-sst,"[""T"", ""G"", ""P""]",candidate_for_atomization,"[""SRC-ILO-OSH"", ""SRC-MTE-NR01""]"
TOPIC-00715,OH25,"Qualidade, Auditoria e Indicadores",MOD-0110,Indicadores,Indicadores antecedentes e consequentes,indicadores-antecedentes-e-consequentes,indicadores-antecedentes-e-consequentes,"[""T"", ""G"", ""P""]",candidate_for_atomization,"[""SRC-ILO-OSH"", ""SRC-MTE-NR01""]"
TOPIC-00716,OH25,"Qualidade, Auditoria e Indicadores",MOD-0110,Indicadores,Indicadores de acidentes,indicadores-de-acidentes,indicadores-de-acidentes,"[""T"", ""G"", ""P""]",candidate_for_atomization,"[""SRC-ILO-OSH"", ""SRC-MTE-NR01""]"
TOPIC-00717,OH25,"Qualidade, Auditoria e Indicadores",MOD-0110,Indicadores,Indicadores de saúde,indicadores-de-saude,indicadores-de-saude,"[""T"", ""G"", ""P""]",candidate_for_atomization,"[""SRC-ILO-OSH"", ""SRC-MTE-NR01""]"
TOPIC-00718,OH25,"Qualidade, Auditoria e Indicadores",MOD-0110,Indicadores,Indicadores de conformidade,indicadores-de-conformidade,indicadores-de-conformidade,"[""T"", ""G"", ""P""]",candidate_for_atomization,"[""SRC-ILO-OSH"", ""SRC-MTE-NR01""]"
TOPIC-00719,OH25,"Qualidade, Auditoria e Indicadores",MOD-0110,Indicadores,Indicadores de treinamento,indicadores-de-treinamento,indicadores-de-treinamento,"[""T"", ""G"", ""P""]",candidate_for_atomization,"[""SRC-ILO-OSH"", ""SRC-MTE-NR01""]"
TOPIC-00720,OH25,"Qualidade, Auditoria e Indicadores",MOD-0110,Indicadores,Indicadores de qualidade de dados,indicadores-de-qualidade-de-dados,indicadores-de-qualidade-de-dados,"[""T"", ""G"", ""P""]",candidate_for_atomization,"[""SRC-ILO-OSH"", ""SRC-MTE-NR01""]"
TOPIC-00721,OH25,"Qualidade, Auditoria e Indicadores",MOD-0111,Melhoria contínua,PDCA em saúde ocupacional,pdca-em-saude-ocupacional,pdca-em-saude-ocupacional,"[""G"", ""P""]",candidate_for_atomization,"[""SRC-ILO-OSH"", ""SRC-MTE-NR01""]"
TOPIC-00722,OH25,"Qualidade, Auditoria e Indicadores",MOD-0111,Melhoria contínua,Análise de causa raiz,analise-de-causa-raiz,analise-de-causa-raiz,"[""G"", ""P""]",candidate_for_atomization,"[""SRC-ILO-OSH"", ""SRC-MTE-NR01""]"
TOPIC-00723,OH25,"Qualidade, Auditoria e Indicadores",MOD-0111,Melhoria contínua,5 porquês,5-porques,5-porques,"[""G"", ""P""]",candidate_for_atomization,"[""SRC-ILO-OSH"", ""SRC-MTE-NR01""]"
TOPIC-00724,OH25,"Qualidade, Auditoria e Indicadores",MOD-0111,Melhoria contínua,Diagrama de Ishikawa,diagrama-de-ishikawa,diagrama-de-ishikawa,"[""G"", ""P""]",candidate_for_atomization,"[""SRC-ILO-OSH"", ""SRC-MTE-NR01""]"
TOPIC-00725,OH25,"Qualidade, Auditoria e Indicadores",MOD-0111,Melhoria contínua,Lições aprendidas,licoes-aprendidas,licoes-aprendidas,"[""G"", ""P""]",candidate_for_atomization,"[""SRC-ILO-OSH"", ""SRC-MTE-NR01""]"
TOPIC-00726,OH25,"Qualidade, Auditoria e Indicadores",MOD-0111,Melhoria contínua,Gestão de mudanças,gestao-de-mudancas,gestao-de-mudancas,"[""G"", ""P""]",candidate_for_atomization,"[""SRC-ILO-OSH"", ""SRC-MTE-NR01""]"
TOPIC-00727,OH26,"Sistemas de Gestão, Certificações e Acreditações",MOD-0112,Sistemas de gestão de SST,Sistema de gestão de segurança e saúde no trabalho,sistema-de-gestao-de-seguranca-e-saude-no-trabalho,sistema-de-gestao-de-seguranca-e-saude-no-trabalho,"[""G"", ""P""]",candidate_for_atomization,"[""SRC-ISO-45001"", ""SRC-ILO-OSH""]"
TOPIC-00728,OH26,"Sistemas de Gestão, Certificações e Acreditações",MOD-0112,Sistemas de gestão de SST,ISO 45001 fundamentos,iso-45001-fundamentos,iso-45001-fundamentos,"[""G"", ""P""]",candidate_for_atomization,"[""SRC-ISO-45001"", ""SRC-ILO-OSH""]"
TOPIC-00729,OH26,"Sistemas de Gestão, Certificações e Acreditações",MOD-0112,Sistemas de gestão de SST,Contexto da organização e SST,contexto-da-organizacao-e-sst,contexto-da-organizacao-e-sst,"[""G"", ""P""]",candidate_for_atomization,"[""SRC-ISO-45001"", ""SRC-ILO-OSH""]"
TOPIC-00730,OH26,"Sistemas de Gestão, Certificações e Acreditações",MOD-0112,Sistemas de gestão de SST,Liderança e participação dos trabalhadores,lideranca-e-participacao-dos-trabalhadores,lideranca-e-participacao-dos-trabalhadores,"[""G"", ""P""]",candidate_for_atomization,"[""SRC-ISO-45001"", ""SRC-ILO-OSH""]"
TOPIC-00731,OH26,"Sistemas de Gestão, Certificações e Acreditações",MOD-0112,Sistemas de gestão de SST,Planejamento baseado em riscos,planejamento-baseado-em-riscos,planejamento-baseado-em-riscos,"[""G"", ""P""]",candidate_for_atomization,"[""SRC-ISO-45001"", ""SRC-ILO-OSH""]"
TOPIC-00732,OH26,"Sistemas de Gestão, Certificações e Acreditações",MOD-0112,Sistemas de gestão de SST,Avaliação de desempenho,avaliacao-de-desempenho,avaliacao-de-desempenho,"[""G"", ""P""]",candidate_for_atomization,"[""SRC-ISO-45001"", ""SRC-ILO-OSH""]"
TOPIC-00733,OH26,"Sistemas de Gestão, Certificações e Acreditações",MOD-0112,Sistemas de gestão de SST,Melhoria contínua,melhoria-continua,melhoria-continua,"[""G"", ""P""]",candidate_for_atomization,"[""SRC-ISO-45001"", ""SRC-ILO-OSH""]"
TOPIC-00734,OH26,"Sistemas de Gestão, Certificações e Acreditações",MOD-0113,Integração de sistemas,Integração ISO 45001 e ISO 14001,integracao-iso-45001-e-iso-14001,integracao-iso-45001-e-iso-14001,"[""P""]",candidate_for_atomization,"[""SRC-ISO-45001"", ""SRC-ILO-OSH""]"
TOPIC-00735,OH26,"Sistemas de Gestão, Certificações e Acreditações",MOD-0113,Integração de sistemas,Integração ISO 45001 e ISO 9001,integracao-iso-45001-e-iso-9001,integracao-iso-45001-e-iso-9001,"[""P""]",candidate_for_atomization,"[""SRC-ISO-45001"", ""SRC-ILO-OSH""]"
TOPIC-00736,OH26,"Sistemas de Gestão, Certificações e Acreditações",MOD-0113,Integração de sistemas,Auditoria integrada,auditoria-integrada,auditoria-integrada,"[""P""]",candidate_for_atomization,"[""SRC-ISO-45001"", ""SRC-ILO-OSH""]"
TOPIC-00737,OH26,"Sistemas de Gestão, Certificações e Acreditações",MOD-0113,Integração de sistemas,Gestão integrada saúde segurança e ambiente,gestao-integrada-saude-seguranca-e-ambiente,gestao-integrada-saude-seguranca-e-ambiente,"[""P""]",candidate_for_atomization,"[""SRC-ISO-45001"", ""SRC-ILO-OSH""]"
TOPIC-00738,OH26,"Sistemas de Gestão, Certificações e Acreditações",MOD-0114,Certificação e acreditação,Certificação de sistema de gestão,certificacao-de-sistema-de-gestao,certificacao-de-sistema-de-gestao,"[""G"", ""P""]",candidate_for_atomization,"[""SRC-ISO-45001"", ""SRC-ILO-OSH""]"
TOPIC-00739,OH26,"Sistemas de Gestão, Certificações e Acreditações",MOD-0114,Certificação e acreditação,Organismo certificador,organismo-certificador,organismo-certificador,"[""G"", ""P""]",candidate_for_atomization,"[""SRC-ISO-45001"", ""SRC-ILO-OSH""]"
TOPIC-00740,OH26,"Sistemas de Gestão, Certificações e Acreditações",MOD-0114,Certificação e acreditação,Auditoria de certificação,auditoria-de-certificacao,auditoria-de-certificacao,"[""G"", ""P""]",candidate_for_atomization,"[""SRC-ISO-45001"", ""SRC-ILO-OSH""]"
TOPIC-00741,OH26,"Sistemas de Gestão, Certificações e Acreditações",MOD-0114,Certificação e acreditação,Acreditação versus certificação,acreditacao-versus-certificacao,acreditacao-versus-certificacao,"[""G"", ""P""]",candidate_for_atomization,"[""SRC-ISO-45001"", ""SRC-ILO-OSH""]"
TOPIC-00742,OH26,"Sistemas de Gestão, Certificações e Acreditações",MOD-0114,Certificação e acreditação,Evidência de conformidade e escopo,evidencia-de-conformidade-e-escopo,evidencia-de-conformidade-e-escopo,"[""G"", ""P""]",candidate_for_atomization,"[""SRC-ISO-45001"", ""SRC-ILO-OSH""]"
TOPIC-00743,OH27,"Sustentabilidade Empresarial, ESG e Saúde Ambiental",MOD-0115,Saúde ambiental e trabalho,Interface saúde ambiental e saúde do trabalhador,interface-saude-ambiental-e-saude-do-trabalhador,interface-saude-ambiental-e-saude-do-trabalhador,"[""G"", ""P""]",candidate_for_atomization,"[""SRC-WHO-OH"", ""SRC-ILO-OSH""]"
TOPIC-00744,OH27,"Sustentabilidade Empresarial, ESG e Saúde Ambiental",MOD-0115,Saúde ambiental e trabalho,Poluição ambiental e exposição ocupacional,poluicao-ambiental-e-exposicao-ocupacional,poluicao-ambiental-e-exposicao-ocupacional,"[""G"", ""P""]",candidate_for_atomization,"[""SRC-WHO-OH"", ""SRC-ILO-OSH""]"
TOPIC-00745,OH27,"Sustentabilidade Empresarial, ESG e Saúde Ambiental",MOD-0115,Saúde ambiental e trabalho,Resíduos e saúde do trabalhador,residuos-e-saude-do-trabalhador,residuos-e-saude-do-trabalhador,"[""G"", ""P""]",candidate_for_atomization,"[""SRC-WHO-OH"", ""SRC-ILO-OSH""]"
TOPIC-00746,OH27,"Sustentabilidade Empresarial, ESG e Saúde Ambiental",MOD-0115,Saúde ambiental e trabalho,Água e saneamento no ambiente de trabalho,agua-e-saneamento-no-ambiente-de-trabalho,agua-e-saneamento-no-ambiente-de-trabalho,"[""G"", ""P""]",candidate_for_atomization,"[""SRC-WHO-OH"", ""SRC-ILO-OSH""]"
TOPIC-00747,OH27,"Sustentabilidade Empresarial, ESG e Saúde Ambiental",MOD-0115,Saúde ambiental e trabalho,Qualidade do ar interno,qualidade-do-ar-interno,qualidade-do-ar-interno,"[""G"", ""P""]",candidate_for_atomization,"[""SRC-WHO-OH"", ""SRC-ILO-OSH""]"
TOPIC-00748,OH27,"Sustentabilidade Empresarial, ESG e Saúde Ambiental",MOD-0116,Mudanças climáticas,Mudanças climáticas e saúde do trabalhador,mudancas-climaticas-e-saude-do-trabalhador,mudancas-climaticas-e-saude-do-trabalhador,"[""G"", ""P""]",candidate_for_atomization,"[""SRC-WHO-OH"", ""SRC-ILO-OSH""]"
TOPIC-00749,OH27,"Sustentabilidade Empresarial, ESG e Saúde Ambiental",MOD-0116,Mudanças climáticas,Ondas de calor e trabalho,ondas-de-calor-e-trabalho,ondas-de-calor-e-trabalho,"[""G"", ""P""]",candidate_for_atomization,"[""SRC-WHO-OH"", ""SRC-ILO-OSH""]"
TOPIC-00750,OH27,"Sustentabilidade Empresarial, ESG e Saúde Ambiental",MOD-0116,Mudanças climáticas,Eventos extremos e continuidade operacional,eventos-extremos-e-continuidade-operacional,eventos-extremos-e-continuidade-operacional,"[""G"", ""P""]",candidate_for_atomization,"[""SRC-WHO-OH"", ""SRC-ILO-OSH""]"
TOPIC-00751,OH27,"Sustentabilidade Empresarial, ESG e Saúde Ambiental",MOD-0116,Mudanças climáticas,Vetores e doenças ocupacionais emergentes,vetores-e-doencas-ocupacionais-emergentes,vetores-e-doencas-ocupacionais-emergentes,"[""G"", ""P""]",candidate_for_atomization,"[""SRC-WHO-OH"", ""SRC-ILO-OSH""]"
TOPIC-00752,OH27,"Sustentabilidade Empresarial, ESG e Saúde Ambiental",MOD-0116,Mudanças climáticas,Adaptação climática no trabalho,adaptacao-climatica-no-trabalho,adaptacao-climatica-no-trabalho,"[""G"", ""P""]",candidate_for_atomization,"[""SRC-WHO-OH"", ""SRC-ILO-OSH""]"
TOPIC-00753,OH27,"Sustentabilidade Empresarial, ESG e Saúde Ambiental",MOD-0117,ESG e trabalho,Dimensão social do ESG e saúde do trabalhador,dimensao-social-do-esg-e-saude-do-trabalhador,dimensao-social-do-esg-e-saude-do-trabalhador,"[""G"", ""P""]",candidate_for_atomization,"[""SRC-WHO-OH"", ""SRC-ILO-OSH""]"
TOPIC-00754,OH27,"Sustentabilidade Empresarial, ESG e Saúde Ambiental",MOD-0117,ESG e trabalho,Indicadores ESG de saúde e segurança,indicadores-esg-de-saude-e-seguranca,indicadores-esg-de-saude-e-seguranca,"[""G"", ""P""]",candidate_for_atomization,"[""SRC-WHO-OH"", ""SRC-ILO-OSH""]"
TOPIC-00755,OH27,"Sustentabilidade Empresarial, ESG e Saúde Ambiental",MOD-0117,ESG e trabalho,Cadeia de fornecedores e SST,cadeia-de-fornecedores-e-sst,cadeia-de-fornecedores-e-sst,"[""G"", ""P""]",candidate_for_atomization,"[""SRC-WHO-OH"", ""SRC-ILO-OSH""]"
TOPIC-00756,OH27,"Sustentabilidade Empresarial, ESG e Saúde Ambiental",MOD-0117,ESG e trabalho,Due diligence social e SST,due-diligence-social-e-sst,due-diligence-social-e-sst,"[""G"", ""P""]",candidate_for_atomization,"[""SRC-WHO-OH"", ""SRC-ILO-OSH""]"
TOPIC-00757,OH27,"Sustentabilidade Empresarial, ESG e Saúde Ambiental",MOD-0117,ESG e trabalho,Transparência e relato de desempenho,transparencia-e-relato-de-desempenho,transparencia-e-relato-de-desempenho,"[""G"", ""P""]",candidate_for_atomization,"[""SRC-WHO-OH"", ""SRC-ILO-OSH""]"
TOPIC-00758,OH27,"Sustentabilidade Empresarial, ESG e Saúde Ambiental",MOD-0117,ESG e trabalho,Greenwashing e healthwashing,greenwashing-e-healthwashing,greenwashing-e-healthwashing,"[""G"", ""P""]",candidate_for_atomization,"[""SRC-WHO-OH"", ""SRC-ILO-OSH""]"
TOPIC-00759,OH27,"Sustentabilidade Empresarial, ESG e Saúde Ambiental",MOD-0118,Sustentabilidade operacional,Gestão de resíduos de serviços de saúde,gestao-de-residuos-de-servicos-de-saude,gestao-de-residuos-de-servicos-de-saude,"[""G"", ""P""]",candidate_for_atomization,"[""SRC-WHO-OH"", ""SRC-ILO-OSH""]"
TOPIC-00760,OH27,"Sustentabilidade Empresarial, ESG e Saúde Ambiental",MOD-0118,Sustentabilidade operacional,Compras sustentáveis em saúde ocupacional,compras-sustentaveis-em-saude-ocupacional,compras-sustentaveis-em-saude-ocupacional,"[""G"", ""P""]",candidate_for_atomization,"[""SRC-WHO-OH"", ""SRC-ILO-OSH""]"
TOPIC-00761,OH27,"Sustentabilidade Empresarial, ESG e Saúde Ambiental",MOD-0118,Sustentabilidade operacional,Eficiência energética em serviços de saúde ocupacional,eficiencia-energetica-em-servicos-de-saude-ocupacional,eficiencia-energetica-em-servicos-de-saude-ocupacional,"[""G"", ""P""]",candidate_for_atomization,"[""SRC-WHO-OH"", ""SRC-ILO-OSH""]"
TOPIC-00762,OH27,"Sustentabilidade Empresarial, ESG e Saúde Ambiental",MOD-0118,Sustentabilidade operacional,Mobilidade e saúde do trabalhador,mobilidade-e-saude-do-trabalhador,mobilidade-e-saude-do-trabalhador,"[""G"", ""P""]",candidate_for_atomization,"[""SRC-WHO-OH"", ""SRC-ILO-OSH""]"
TOPIC-00763,OH28,"Bioética, Ética Empresarial, Privacidade e LGPD",MOD-0119,Bioética aplicada,Autonomia do trabalhador,autonomia-do-trabalhador,autonomia-do-trabalhador,"[""G"", ""P""]",candidate_for_atomization,"[""SRC-COFEN-581"", ""SRC-MTE-NR01""]"
TOPIC-00764,OH28,"Bioética, Ética Empresarial, Privacidade e LGPD",MOD-0119,Bioética aplicada,Beneficência e não maleficência em saúde ocupacional,beneficencia-e-nao-maleficencia-em-saude-ocupacional,beneficencia-e-nao-maleficencia-em-saude-ocupacional,"[""G"", ""P""]",candidate_for_atomization,"[""SRC-COFEN-581"", ""SRC-MTE-NR01""]"
TOPIC-00765,OH28,"Bioética, Ética Empresarial, Privacidade e LGPD",MOD-0119,Bioética aplicada,Justiça e equidade no trabalho,justica-e-equidade-no-trabalho,justica-e-equidade-no-trabalho,"[""G"", ""P""]",candidate_for_atomization,"[""SRC-COFEN-581"", ""SRC-MTE-NR01""]"
TOPIC-00766,OH28,"Bioética, Ética Empresarial, Privacidade e LGPD",MOD-0119,Bioética aplicada,Conflito de interesses em saúde ocupacional,conflito-de-interesses-em-saude-ocupacional,conflito-de-interesses-em-saude-ocupacional,"[""G"", ""P""]",candidate_for_atomization,"[""SRC-COFEN-581"", ""SRC-MTE-NR01""]"
TOPIC-00767,OH28,"Bioética, Ética Empresarial, Privacidade e LGPD",MOD-0119,Bioética aplicada,Independência técnica do profissional de saúde,independencia-tecnica-do-profissional-de-saude,independencia-tecnica-do-profissional-de-saude,"[""G"", ""P""]",candidate_for_atomization,"[""SRC-COFEN-581"", ""SRC-MTE-NR01""]"
TOPIC-00768,OH28,"Bioética, Ética Empresarial, Privacidade e LGPD",MOD-0120,Sigilo e privacidade,Sigilo profissional em saúde ocupacional,sigilo-profissional-em-saude-ocupacional,sigilo-profissional-em-saude-ocupacional,"[""T"", ""G"", ""P""]",candidate_for_atomization,"[""SRC-COFEN-581"", ""SRC-MTE-NR01""]"
TOPIC-00769,OH28,"Bioética, Ética Empresarial, Privacidade e LGPD",MOD-0120,Sigilo e privacidade,Confidencialidade de resultados clínicos,confidencialidade-de-resultados-clinicos,confidencialidade-de-resultados-clinicos,"[""T"", ""G"", ""P""]",candidate_for_atomization,"[""SRC-COFEN-581"", ""SRC-MTE-NR01""]"
TOPIC-00770,OH28,"Bioética, Ética Empresarial, Privacidade e LGPD",MOD-0120,Sigilo e privacidade,Separação entre dado clínico e dado administrativo,separacao-entre-dado-clinico-e-dado-administrativo,separacao-entre-dado-clinico-e-dado-administrativo,"[""T"", ""G"", ""P""]",candidate_for_atomization,"[""SRC-COFEN-581"", ""SRC-MTE-NR01""]"
TOPIC-00771,OH28,"Bioética, Ética Empresarial, Privacidade e LGPD",MOD-0120,Sigilo e privacidade,Compartilhamento mínimo necessário de informações,compartilhamento-minimo-necessario-de-informacoes,compartilhamento-minimo-necessario-de-informacoes,"[""T"", ""G"", ""P""]",candidate_for_atomization,"[""SRC-COFEN-581"", ""SRC-MTE-NR01""]"
TOPIC-00772,OH28,"Bioética, Ética Empresarial, Privacidade e LGPD",MOD-0120,Sigilo e privacidade,Consentimento e bases legais em saúde ocupacional,consentimento-e-bases-legais-em-saude-ocupacional,consentimento-e-bases-legais-em-saude-ocupacional,"[""T"", ""G"", ""P""]",candidate_for_atomization,"[""SRC-COFEN-581"", ""SRC-MTE-NR01""]"
TOPIC-00773,OH28,"Bioética, Ética Empresarial, Privacidade e LGPD",MOD-0121,LGPD,Dado pessoal de saúde como dado sensível,dado-pessoal-de-saude-como-dado-sensivel,dado-pessoal-de-saude-como-dado-sensivel,"[""G"", ""P""]",candidate_for_atomization,"[""SRC-COFEN-581"", ""SRC-MTE-NR01""]"
TOPIC-00774,OH28,"Bioética, Ética Empresarial, Privacidade e LGPD",MOD-0121,LGPD,Controlador e operador em saúde ocupacional,controlador-e-operador-em-saude-ocupacional,controlador-e-operador-em-saude-ocupacional,"[""G"", ""P""]",candidate_for_atomization,"[""SRC-COFEN-581"", ""SRC-MTE-NR01""]"
TOPIC-00775,OH28,"Bioética, Ética Empresarial, Privacidade e LGPD",MOD-0121,LGPD,Finalidade e necessidade,finalidade-e-necessidade,finalidade-e-necessidade,"[""G"", ""P""]",candidate_for_atomization,"[""SRC-COFEN-581"", ""SRC-MTE-NR01""]"
TOPIC-00776,OH28,"Bioética, Ética Empresarial, Privacidade e LGPD",MOD-0121,LGPD,Segurança da informação em prontuários,seguranca-da-informacao-em-prontuarios,seguranca-da-informacao-em-prontuarios,"[""G"", ""P""]",candidate_for_atomization,"[""SRC-COFEN-581"", ""SRC-MTE-NR01""]"
TOPIC-00777,OH28,"Bioética, Ética Empresarial, Privacidade e LGPD",MOD-0121,LGPD,Incidente de segurança com dados de saúde,incidente-de-seguranca-com-dados-de-saude,incidente-de-seguranca-com-dados-de-saude,"[""G"", ""P""]",candidate_for_atomization,"[""SRC-COFEN-581"", ""SRC-MTE-NR01""]"
TOPIC-00778,OH28,"Bioética, Ética Empresarial, Privacidade e LGPD",MOD-0121,LGPD,Retenção e descarte de dados,retencao-e-descarte-de-dados,retencao-e-descarte-de-dados,"[""G"", ""P""]",candidate_for_atomization,"[""SRC-COFEN-581"", ""SRC-MTE-NR01""]"
TOPIC-00779,OH28,"Bioética, Ética Empresarial, Privacidade e LGPD",MOD-0122,Ética empresarial,Programa de integridade e saúde ocupacional,programa-de-integridade-e-saude-ocupacional,programa-de-integridade-e-saude-ocupacional,"[""G"", ""P""]",candidate_for_atomization,"[""SRC-COFEN-581"", ""SRC-MTE-NR01""]"
TOPIC-00780,OH28,"Bioética, Ética Empresarial, Privacidade e LGPD",MOD-0122,Ética empresarial,Canal de denúncia e saúde do trabalhador,canal-de-denuncia-e-saude-do-trabalhador,canal-de-denuncia-e-saude-do-trabalhador,"[""G"", ""P""]",candidate_for_atomization,"[""SRC-COFEN-581"", ""SRC-MTE-NR01""]"
TOPIC-00781,OH28,"Bioética, Ética Empresarial, Privacidade e LGPD",MOD-0122,Ética empresarial,Assédio e governança,assedio-e-governanca,assedio-e-governanca,"[""G"", ""P""]",candidate_for_atomization,"[""SRC-COFEN-581"", ""SRC-MTE-NR01""]"
TOPIC-00782,OH28,"Bioética, Ética Empresarial, Privacidade e LGPD",MOD-0122,Ética empresarial,Retaliação e proteção do trabalhador,retaliacao-e-protecao-do-trabalhador,retaliacao-e-protecao-do-trabalhador,"[""G"", ""P""]",candidate_for_atomization,"[""SRC-COFEN-581"", ""SRC-MTE-NR01""]"
TOPIC-00783,OH29,"Educação, Comunicação e Treinamento",MOD-0123,Educação de adultos,Andragogia em saúde do trabalhador,andragogia-em-saude-do-trabalhador,andragogia-em-saude-do-trabalhador,"[""T"", ""G"", ""P""]",candidate_for_atomization,"[""SRC-MTE-NR01"", ""SRC-WHO-OH""]"
TOPIC-00784,OH29,"Educação, Comunicação e Treinamento",MOD-0123,Educação de adultos,Objetivos de aprendizagem,objetivos-de-aprendizagem,objetivos-de-aprendizagem,"[""T"", ""G"", ""P""]",candidate_for_atomization,"[""SRC-MTE-NR01"", ""SRC-WHO-OH""]"
TOPIC-00785,OH29,"Educação, Comunicação e Treinamento",MOD-0123,Educação de adultos,Microlearning em SST,microlearning-em-sst,microlearning-em-sst,"[""T"", ""G"", ""P""]",candidate_for_atomization,"[""SRC-MTE-NR01"", ""SRC-WHO-OH""]"
TOPIC-00786,OH29,"Educação, Comunicação e Treinamento",MOD-0123,Educação de adultos,Treinamento prático,treinamento-pratico,treinamento-pratico,"[""T"", ""G"", ""P""]",candidate_for_atomization,"[""SRC-MTE-NR01"", ""SRC-WHO-OH""]"
TOPIC-00787,OH29,"Educação, Comunicação e Treinamento",MOD-0123,Educação de adultos,Simulação em saúde ocupacional,simulacao-em-saude-ocupacional,simulacao-em-saude-ocupacional,"[""T"", ""G"", ""P""]",candidate_for_atomization,"[""SRC-MTE-NR01"", ""SRC-WHO-OH""]"
TOPIC-00788,OH29,"Educação, Comunicação e Treinamento",MOD-0123,Educação de adultos,Avaliação de aprendizagem,avaliacao-de-aprendizagem,avaliacao-de-aprendizagem,"[""T"", ""G"", ""P""]",candidate_for_atomization,"[""SRC-MTE-NR01"", ""SRC-WHO-OH""]"
TOPIC-00789,OH29,"Educação, Comunicação e Treinamento",MOD-0124,Comunicação de risco,Princípios de comunicação de risco,principios-de-comunicacao-de-risco,principios-de-comunicacao-de-risco,"[""T"", ""G"", ""P""]",candidate_for_atomization,"[""SRC-MTE-NR01"", ""SRC-WHO-OH""]"
TOPIC-00790,OH29,"Educação, Comunicação e Treinamento",MOD-0124,Comunicação de risco,Linguagem clara em SST,linguagem-clara-em-sst,linguagem-clara-em-sst,"[""T"", ""G"", ""P""]",candidate_for_atomization,"[""SRC-MTE-NR01"", ""SRC-WHO-OH""]"
TOPIC-00791,OH29,"Educação, Comunicação e Treinamento",MOD-0124,Comunicação de risco,Comunicação de risco químico,comunicacao-de-risco-quimico,comunicacao-de-risco-quimico-oh29,"[""T"", ""G"", ""P""]",candidate_for_atomization,"[""SRC-MTE-NR01"", ""SRC-WHO-OH""]"
TOPIC-00792,OH29,"Educação, Comunicação e Treinamento",MOD-0124,Comunicação de risco,Comunicação de risco biológico,comunicacao-de-risco-biologico,comunicacao-de-risco-biologico,"[""T"", ""G"", ""P""]",candidate_for_atomization,"[""SRC-MTE-NR01"", ""SRC-WHO-OH""]"
TOPIC-00793,OH29,"Educação, Comunicação e Treinamento",MOD-0124,Comunicação de risco,Comunicação em crise,comunicacao-em-crise,comunicacao-em-crise,"[""T"", ""G"", ""P""]",candidate_for_atomization,"[""SRC-MTE-NR01"", ""SRC-WHO-OH""]"
TOPIC-00794,OH29,"Educação, Comunicação e Treinamento",MOD-0125,Campanhas e materiais,Planejamento de campanha de saúde,planejamento-de-campanha-de-saude,planejamento-de-campanha-de-saude,"[""T"", ""G"", ""P""]",candidate_for_atomization,"[""SRC-MTE-NR01"", ""SRC-WHO-OH""]"
TOPIC-00795,OH29,"Educação, Comunicação e Treinamento",MOD-0125,Campanhas e materiais,Infográfico em saúde ocupacional,infografico-em-saude-ocupacional,infografico-em-saude-ocupacional,"[""T"", ""G"", ""P""]",candidate_for_atomization,"[""SRC-MTE-NR01"", ""SRC-WHO-OH""]"
TOPIC-00796,OH29,"Educação, Comunicação e Treinamento",MOD-0125,Campanhas e materiais,Guia de bolso,guia-de-bolso,guia-de-bolso,"[""T"", ""G"", ""P""]",candidate_for_atomization,"[""SRC-MTE-NR01"", ""SRC-WHO-OH""]"
TOPIC-00797,OH29,"Educação, Comunicação e Treinamento",MOD-0125,Campanhas e materiais,Checklist educacional,checklist-educacional,checklist-educacional,"[""T"", ""G"", ""P""]",candidate_for_atomization,"[""SRC-MTE-NR01"", ""SRC-WHO-OH""]"
TOPIC-00798,OH29,"Educação, Comunicação e Treinamento",MOD-0125,Campanhas e materiais,Flashcards em saúde ocupacional,flashcards-em-saude-ocupacional,flashcards-em-saude-ocupacional,"[""T"", ""G"", ""P""]",candidate_for_atomization,"[""SRC-MTE-NR01"", ""SRC-WHO-OH""]"
TOPIC-00799,OH29,"Educação, Comunicação e Treinamento",MOD-0125,Campanhas e materiais,Quiz e questões comentadas,quiz-e-questoes-comentadas,quiz-e-questoes-comentadas,"[""T"", ""G"", ""P""]",candidate_for_atomization,"[""SRC-MTE-NR01"", ""SRC-WHO-OH""]"
TOPIC-00800,OH29,"Educação, Comunicação e Treinamento",MOD-0125,Campanhas e materiais,Acessibilidade em materiais educativos,acessibilidade-em-materiais-educativos,acessibilidade-em-materiais-educativos,"[""T"", ""G"", ""P""]",candidate_for_atomization,"[""SRC-MTE-NR01"", ""SRC-WHO-OH""]"
TOPIC-00801,OH29,"Educação, Comunicação e Treinamento",MOD-0126,Competência e matriz de treinamento,Levantamento de necessidades de treinamento,levantamento-de-necessidades-de-treinamento,levantamento-de-necessidades-de-treinamento,"[""G"", ""P""]",candidate_for_atomization,"[""SRC-MTE-NR01"", ""SRC-WHO-OH""]"
TOPIC-00802,OH29,"Educação, Comunicação e Treinamento",MOD-0126,Competência e matriz de treinamento,Matriz de competências,matriz-de-competencias,matriz-de-competencias,"[""G"", ""P""]",candidate_for_atomization,"[""SRC-MTE-NR01"", ""SRC-WHO-OH""]"
TOPIC-00803,OH29,"Educação, Comunicação e Treinamento",MOD-0126,Competência e matriz de treinamento,Reciclagem periódica,reciclagem-periodica,reciclagem-periodica,"[""G"", ""P""]",candidate_for_atomization,"[""SRC-MTE-NR01"", ""SRC-WHO-OH""]"
TOPIC-00804,OH29,"Educação, Comunicação e Treinamento",MOD-0126,Competência e matriz de treinamento,Avaliação de efetividade do treinamento,avaliacao-de-efetividade-do-treinamento,avaliacao-de-efetividade-do-treinamento,"[""G"", ""P""]",candidate_for_atomization,"[""SRC-MTE-NR01"", ""SRC-WHO-OH""]"
TOPIC-00805,OH29,"Educação, Comunicação e Treinamento",MOD-0126,Competência e matriz de treinamento,Evidência documental de capacitação,evidencia-documental-de-capacitacao,evidencia-documental-de-capacitacao,"[""G"", ""P""]",candidate_for_atomization,"[""SRC-MTE-NR01"", ""SRC-WHO-OH""]"
TOPIC-00806,OH30,"Empreendedorismo, Consultoria e Inovação em Saúde Ocupacional",MOD-0127,Empreendedorismo,Modelos de negócio em saúde ocupacional,modelos-de-negocio-em-saude-ocupacional,modelos-de-negocio-em-saude-ocupacional,"[""P""]",candidate_for_atomization,"[""SRC-WHO-OH"", ""SRC-COFEN-581""]"
TOPIC-00807,OH30,"Empreendedorismo, Consultoria e Inovação em Saúde Ocupacional",MOD-0127,Empreendedorismo,Proposta de valor,proposta-de-valor,proposta-de-valor,"[""P""]",candidate_for_atomization,"[""SRC-WHO-OH"", ""SRC-COFEN-581""]"
TOPIC-00808,OH30,"Empreendedorismo, Consultoria e Inovação em Saúde Ocupacional",MOD-0127,Empreendedorismo,Segmentação de clientes,segmentacao-de-clientes,segmentacao-de-clientes,"[""P""]",candidate_for_atomization,"[""SRC-WHO-OH"", ""SRC-COFEN-581""]"
TOPIC-00809,OH30,"Empreendedorismo, Consultoria e Inovação em Saúde Ocupacional",MOD-0127,Empreendedorismo,Precificação de serviços,precificacao-de-servicos,precificacao-de-servicos,"[""P""]",candidate_for_atomization,"[""SRC-WHO-OH"", ""SRC-COFEN-581""]"
TOPIC-00810,OH30,"Empreendedorismo, Consultoria e Inovação em Saúde Ocupacional",MOD-0127,Empreendedorismo,Custos e margem,custos-e-margem,custos-e-margem,"[""P""]",candidate_for_atomization,"[""SRC-WHO-OH"", ""SRC-COFEN-581""]"
TOPIC-00811,OH30,"Empreendedorismo, Consultoria e Inovação em Saúde Ocupacional",MOD-0127,Empreendedorismo,Contratos de prestação de serviços,contratos-de-prestacao-de-servicos,contratos-de-prestacao-de-servicos,"[""P""]",candidate_for_atomization,"[""SRC-WHO-OH"", ""SRC-COFEN-581""]"
TOPIC-00812,OH30,"Empreendedorismo, Consultoria e Inovação em Saúde Ocupacional",MOD-0128,Consultoria,Diagnóstico organizacional em saúde ocupacional,diagnostico-organizacional-em-saude-ocupacional,diagnostico-organizacional-em-saude-ocupacional,"[""P""]",candidate_for_atomization,"[""SRC-WHO-OH"", ""SRC-COFEN-581""]"
TOPIC-00813,OH30,"Empreendedorismo, Consultoria e Inovação em Saúde Ocupacional",MOD-0128,Consultoria,Escopo de projeto de consultoria,escopo-de-projeto-de-consultoria,escopo-de-projeto-de-consultoria,"[""P""]",candidate_for_atomization,"[""SRC-WHO-OH"", ""SRC-COFEN-581""]"
TOPIC-00814,OH30,"Empreendedorismo, Consultoria e Inovação em Saúde Ocupacional",MOD-0128,Consultoria,Entregáveis de consultoria,entregaveis-de-consultoria,entregaveis-de-consultoria,"[""P""]",candidate_for_atomization,"[""SRC-WHO-OH"", ""SRC-COFEN-581""]"
TOPIC-00815,OH30,"Empreendedorismo, Consultoria e Inovação em Saúde Ocupacional",MOD-0128,Consultoria,Gestão de stakeholders,gestao-de-stakeholders,gestao-de-stakeholders,"[""P""]",candidate_for_atomization,"[""SRC-WHO-OH"", ""SRC-COFEN-581""]"
TOPIC-00816,OH30,"Empreendedorismo, Consultoria e Inovação em Saúde Ocupacional",MOD-0128,Consultoria,Limites profissionais e responsabilidade técnica,limites-profissionais-e-responsabilidade-tecnica,limites-profissionais-e-responsabilidade-tecnica,"[""P""]",candidate_for_atomization,"[""SRC-WHO-OH"", ""SRC-COFEN-581""]"
TOPIC-00817,OH30,"Empreendedorismo, Consultoria e Inovação em Saúde Ocupacional",MOD-0128,Consultoria,Proposta técnica e comercial,proposta-tecnica-e-comercial,proposta-tecnica-e-comercial,"[""P""]",candidate_for_atomization,"[""SRC-WHO-OH"", ""SRC-COFEN-581""]"
TOPIC-00818,OH30,"Empreendedorismo, Consultoria e Inovação em Saúde Ocupacional",MOD-0129,Tecnologia,Teleatendimento em saúde ocupacional,teleatendimento-em-saude-ocupacional,teleatendimento-em-saude-ocupacional,"[""G"", ""P""]",candidate_for_atomization,"[""SRC-WHO-OH"", ""SRC-COFEN-581""]"
TOPIC-00819,OH30,"Empreendedorismo, Consultoria e Inovação em Saúde Ocupacional",MOD-0129,Tecnologia,Sistemas de gestão de saúde ocupacional,sistemas-de-gestao-de-saude-ocupacional,sistemas-de-gestao-de-saude-ocupacional,"[""G"", ""P""]",candidate_for_atomization,"[""SRC-WHO-OH"", ""SRC-COFEN-581""]"
TOPIC-00820,OH30,"Empreendedorismo, Consultoria e Inovação em Saúde Ocupacional",MOD-0129,Tecnologia,Automação de processos SST,automacao-de-processos-sst,automacao-de-processos-sst,"[""G"", ""P""]",candidate_for_atomization,"[""SRC-WHO-OH"", ""SRC-COFEN-581""]"
TOPIC-00821,OH30,"Empreendedorismo, Consultoria e Inovação em Saúde Ocupacional",MOD-0129,Tecnologia,Inteligência artificial em saúde ocupacional,inteligencia-artificial-em-saude-ocupacional,inteligencia-artificial-em-saude-ocupacional,"[""G"", ""P""]",candidate_for_atomization,"[""SRC-WHO-OH"", ""SRC-COFEN-581""]"
TOPIC-00822,OH30,"Empreendedorismo, Consultoria e Inovação em Saúde Ocupacional",MOD-0129,Tecnologia,Ética algorítmica,etica-algoritmica,etica-algoritmica,"[""G"", ""P""]",candidate_for_atomization,"[""SRC-WHO-OH"", ""SRC-COFEN-581""]"
TOPIC-00823,OH30,"Empreendedorismo, Consultoria e Inovação em Saúde Ocupacional",MOD-0129,Tecnologia,Interoperabilidade de dados,interoperabilidade-de-dados,interoperabilidade-de-dados,"[""G"", ""P""]",candidate_for_atomization,"[""SRC-WHO-OH"", ""SRC-COFEN-581""]"
TOPIC-00824,OH30,"Empreendedorismo, Consultoria e Inovação em Saúde Ocupacional",MOD-0130,Inovação,Design thinking em saúde ocupacional,design-thinking-em-saude-ocupacional,design-thinking-em-saude-ocupacional,"[""P""]",candidate_for_atomization,"[""SRC-WHO-OH"", ""SRC-COFEN-581""]"
TOPIC-00825,OH30,"Empreendedorismo, Consultoria e Inovação em Saúde Ocupacional",MOD-0130,Inovação,Prototipagem de programas,prototipagem-de-programas,prototipagem-de-programas,"[""P""]",candidate_for_atomization,"[""SRC-WHO-OH"", ""SRC-COFEN-581""]"
TOPIC-00826,OH30,"Empreendedorismo, Consultoria e Inovação em Saúde Ocupacional",MOD-0130,Inovação,Avaliação de tecnologia,avaliacao-de-tecnologia,avaliacao-de-tecnologia,"[""P""]",candidate_for_atomization,"[""SRC-WHO-OH"", ""SRC-COFEN-581""]"
TOPIC-00827,OH30,"Empreendedorismo, Consultoria e Inovação em Saúde Ocupacional",MOD-0130,Inovação,Governança de inovação,governanca-de-inovacao,governanca-de-inovacao,"[""P""]",candidate_for_atomization,"[""SRC-WHO-OH"", ""SRC-COFEN-581""]"
TOPIC-00828,OH30,"Empreendedorismo, Consultoria e Inovação em Saúde Ocupacional",MOD-0130,Inovação,Escalabilidade e sustentabilidade de soluções,escalabilidade-e-sustentabilidade-de-solucoes,escalabilidade-e-sustentabilidade-de-solucoes,"[""P""]",candidate_for_atomization,"[""SRC-WHO-OH"", ""SRC-COFEN-581""]"
TOPIC-00829,OH31,"Setores, Populações e Contextos Específicos",MOD-0131,Trabalhadores da saúde,Riscos ocupacionais dos trabalhadores da saúde,riscos-ocupacionais-dos-trabalhadores-da-saude,riscos-ocupacionais-dos-trabalhadores-da-saude,"[""T"", ""G"", ""P""]",candidate_for_atomization,"[""SRC-MTE-NRS-INDEX"", ""SRC-WHO-HCW"", ""SRC-COFEN-581"", ""SRC-COFEN-609""]"
TOPIC-00830,OH31,"Setores, Populações e Contextos Específicos",MOD-0131,Trabalhadores da saúde,Violência contra trabalhadores da saúde,violencia-contra-trabalhadores-da-saude,violencia-contra-trabalhadores-da-saude,"[""T"", ""G"", ""P""]",candidate_for_atomization,"[""SRC-MTE-NRS-INDEX"", ""SRC-WHO-HCW"", ""SRC-COFEN-581"", ""SRC-COFEN-609""]"
TOPIC-00831,OH31,"Setores, Populações e Contextos Específicos",MOD-0131,Trabalhadores da saúde,Fadiga em profissionais de saúde,fadiga-em-profissionais-de-saude,fadiga-em-profissionais-de-saude,"[""T"", ""G"", ""P""]",candidate_for_atomization,"[""SRC-MTE-NRS-INDEX"", ""SRC-WHO-HCW"", ""SRC-COFEN-581"", ""SRC-COFEN-609""]"
TOPIC-00832,OH31,"Setores, Populações e Contextos Específicos",MOD-0131,Trabalhadores da saúde,Exposição a medicamentos perigosos,exposicao-a-medicamentos-perigosos,exposicao-a-medicamentos-perigosos,"[""T"", ""G"", ""P""]",candidate_for_atomization,"[""SRC-MTE-NRS-INDEX"", ""SRC-WHO-HCW"", ""SRC-COFEN-581"", ""SRC-COFEN-609""]"
TOPIC-00833,OH31,"Setores, Populações e Contextos Específicos",MOD-0131,Trabalhadores da saúde,Saúde mental de trabalhadores da saúde,saude-mental-de-trabalhadores-da-saude,saude-mental-de-trabalhadores-da-saude,"[""T"", ""G"", ""P""]",candidate_for_atomization,"[""SRC-MTE-NRS-INDEX"", ""SRC-WHO-HCW"", ""SRC-COFEN-581"", ""SRC-COFEN-609""]"
TOPIC-00834,OH31,"Setores, Populações e Contextos Específicos",MOD-0132,Indústria e construção,Riscos na indústria,riscos-na-industria,riscos-na-industria,"[""G"", ""P""]",candidate_for_atomization,"[""SRC-MTE-NRS-INDEX"", ""SRC-WHO-HCW"", ""SRC-COFEN-581"", ""SRC-COFEN-609""]"
TOPIC-00835,OH31,"Setores, Populações e Contextos Específicos",MOD-0132,Indústria e construção,Riscos na construção civil,riscos-na-construcao-civil,riscos-na-construcao-civil,"[""G"", ""P""]",candidate_for_atomization,"[""SRC-MTE-NRS-INDEX"", ""SRC-WHO-HCW"", ""SRC-COFEN-581"", ""SRC-COFEN-609""]"
TOPIC-00836,OH31,"Setores, Populações e Contextos Específicos",MOD-0132,Indústria e construção,Máquinas e equipamentos,maquinas-e-equipamentos,maquinas-e-equipamentos,"[""G"", ""P""]",candidate_for_atomization,"[""SRC-MTE-NRS-INDEX"", ""SRC-WHO-HCW"", ""SRC-COFEN-581"", ""SRC-COFEN-609""]"
TOPIC-00837,OH31,"Setores, Populações e Contextos Específicos",MOD-0132,Indústria e construção,Trabalho em altura,trabalho-em-altura,trabalho-em-altura,"[""G"", ""P""]",candidate_for_atomization,"[""SRC-MTE-NRS-INDEX"", ""SRC-WHO-HCW"", ""SRC-COFEN-581"", ""SRC-COFEN-609""]"
TOPIC-00838,OH31,"Setores, Populações e Contextos Específicos",MOD-0132,Indústria e construção,Espaços confinados,espacos-confinados,espacos-confinados,"[""G"", ""P""]",candidate_for_atomization,"[""SRC-MTE-NRS-INDEX"", ""SRC-WHO-HCW"", ""SRC-COFEN-581"", ""SRC-COFEN-609""]"
TOPIC-00839,OH31,"Setores, Populações e Contextos Específicos",MOD-0132,Indústria e construção,Ruído e poeiras na indústria,ruido-e-poeiras-na-industria,ruido-e-poeiras-na-industria,"[""G"", ""P""]",candidate_for_atomization,"[""SRC-MTE-NRS-INDEX"", ""SRC-WHO-HCW"", ""SRC-COFEN-581"", ""SRC-COFEN-609""]"
TOPIC-00840,OH31,"Setores, Populações e Contextos Específicos",MOD-0133,Agricultura e trabalho rural,Riscos no trabalho rural,riscos-no-trabalho-rural,riscos-no-trabalho-rural,"[""G"", ""P""]",candidate_for_atomization,"[""SRC-MTE-NRS-INDEX"", ""SRC-WHO-HCW"", ""SRC-COFEN-581"", ""SRC-COFEN-609""]"
TOPIC-00841,OH31,"Setores, Populações e Contextos Específicos",MOD-0133,Agricultura e trabalho rural,Agrotóxicos e trabalhadores rurais,agrotoxicos-e-trabalhadores-rurais,agrotoxicos-e-trabalhadores-rurais,"[""G"", ""P""]",candidate_for_atomization,"[""SRC-MTE-NRS-INDEX"", ""SRC-WHO-HCW"", ""SRC-COFEN-581"", ""SRC-COFEN-609""]"
TOPIC-00842,OH31,"Setores, Populações e Contextos Específicos",MOD-0133,Agricultura e trabalho rural,Calor no trabalho rural,calor-no-trabalho-rural,calor-no-trabalho-rural,"[""G"", ""P""]",candidate_for_atomization,"[""SRC-MTE-NRS-INDEX"", ""SRC-WHO-HCW"", ""SRC-COFEN-581"", ""SRC-COFEN-609""]"
TOPIC-00843,OH31,"Setores, Populações e Contextos Específicos",MOD-0133,Agricultura e trabalho rural,Acidentes com animais,acidentes-com-animais,acidentes-com-animais,"[""G"", ""P""]",candidate_for_atomization,"[""SRC-MTE-NRS-INDEX"", ""SRC-WHO-HCW"", ""SRC-COFEN-581"", ""SRC-COFEN-609""]"
TOPIC-00844,OH31,"Setores, Populações e Contextos Específicos",MOD-0133,Agricultura e trabalho rural,Máquinas agrícolas,maquinas-agricolas,maquinas-agricolas,"[""G"", ""P""]",candidate_for_atomization,"[""SRC-MTE-NRS-INDEX"", ""SRC-WHO-HCW"", ""SRC-COFEN-581"", ""SRC-COFEN-609""]"
TOPIC-00845,OH31,"Setores, Populações e Contextos Específicos",MOD-0134,Transporte e logística,Fadiga de motoristas,fadiga-de-motoristas,fadiga-de-motoristas,"[""G"", ""P""]",candidate_for_atomization,"[""SRC-MTE-NRS-INDEX"", ""SRC-WHO-HCW"", ""SRC-COFEN-581"", ""SRC-COFEN-609""]"
TOPIC-00846,OH31,"Setores, Populações e Contextos Específicos",MOD-0134,Transporte e logística,Exame toxicológico de motorista profissional,exame-toxicologico-de-motorista-profissional,exame-toxicologico-de-motorista-profissional,"[""G"", ""P""]",candidate_for_atomization,"[""SRC-MTE-NRS-INDEX"", ""SRC-WHO-HCW"", ""SRC-COFEN-581"", ""SRC-COFEN-609""]"
TOPIC-00847,OH31,"Setores, Populações e Contextos Específicos",MOD-0134,Transporte e logística,Riscos ergonômicos em logística,riscos-ergonomicos-em-logistica,riscos-ergonomicos-em-logistica,"[""G"", ""P""]",candidate_for_atomization,"[""SRC-MTE-NRS-INDEX"", ""SRC-WHO-HCW"", ""SRC-COFEN-581"", ""SRC-COFEN-609""]"
TOPIC-00848,OH31,"Setores, Populações e Contextos Específicos",MOD-0134,Transporte e logística,Movimentação manual de cargas,movimentacao-manual-de-cargas,movimentacao-manual-de-cargas,"[""G"", ""P""]",candidate_for_atomization,"[""SRC-MTE-NRS-INDEX"", ""SRC-WHO-HCW"", ""SRC-COFEN-581"", ""SRC-COFEN-609""]"
TOPIC-00849,OH31,"Setores, Populações e Contextos Específicos",MOD-0134,Transporte e logística,Acidentes no transporte,acidentes-no-transporte,acidentes-no-transporte,"[""G"", ""P""]",candidate_for_atomization,"[""SRC-MTE-NRS-INDEX"", ""SRC-WHO-HCW"", ""SRC-COFEN-581"", ""SRC-COFEN-609""]"
TOPIC-00850,OH31,"Setores, Populações e Contextos Específicos",MOD-0135,Trabalho offshore e aquaviário,Saúde ocupacional offshore,saude-ocupacional-offshore,saude-ocupacional-offshore,"[""G"", ""P""]",candidate_for_atomization,"[""SRC-MTE-NRS-INDEX"", ""SRC-WHO-HCW"", ""SRC-COFEN-581"", ""SRC-COFEN-609""]"
TOPIC-00851,OH31,"Setores, Populações e Contextos Específicos",MOD-0135,Trabalho offshore e aquaviário,Evacuação médica offshore,evacuacao-medica-offshore,evacuacao-medica-offshore,"[""G"", ""P""]",candidate_for_atomization,"[""SRC-MTE-NRS-INDEX"", ""SRC-WHO-HCW"", ""SRC-COFEN-581"", ""SRC-COFEN-609""]"
TOPIC-00852,OH31,"Setores, Populações e Contextos Específicos",MOD-0135,Trabalho offshore e aquaviário,Fadiga e confinamento,fadiga-e-confinamento,fadiga-e-confinamento,"[""G"", ""P""]",candidate_for_atomization,"[""SRC-MTE-NRS-INDEX"", ""SRC-WHO-HCW"", ""SRC-COFEN-581"", ""SRC-COFEN-609""]"
TOPIC-00853,OH31,"Setores, Populações e Contextos Específicos",MOD-0135,Trabalho offshore e aquaviário,Riscos em plataformas,riscos-em-plataformas,riscos-em-plataformas,"[""G"", ""P""]",candidate_for_atomization,"[""SRC-MTE-NRS-INDEX"", ""SRC-WHO-HCW"", ""SRC-COFEN-581"", ""SRC-COFEN-609""]"
TOPIC-00854,OH31,"Setores, Populações e Contextos Específicos",MOD-0135,Trabalho offshore e aquaviário,Enfermagem offshore,enfermagem-offshore,enfermagem-offshore,"[""G"", ""P""]",candidate_for_atomization,"[""SRC-MTE-NRS-INDEX"", ""SRC-WHO-HCW"", ""SRC-COFEN-581"", ""SRC-COFEN-609""]"
TOPIC-00855,OH31,"Setores, Populações e Contextos Específicos",MOD-0136,Trabalho administrativo e digital,Sedentarismo ocupacional,sedentarismo-ocupacional,sedentarismo-ocupacional,"[""T"", ""G"", ""P""]",candidate_for_atomization,"[""SRC-MTE-NRS-INDEX"", ""SRC-WHO-HCW"", ""SRC-COFEN-581"", ""SRC-COFEN-609""]"
TOPIC-00856,OH31,"Setores, Populações e Contextos Específicos",MOD-0136,Trabalho administrativo e digital,Ergonomia de escritório,ergonomia-de-escritorio,ergonomia-de-escritorio,"[""T"", ""G"", ""P""]",candidate_for_atomization,"[""SRC-MTE-NRS-INDEX"", ""SRC-WHO-HCW"", ""SRC-COFEN-581"", ""SRC-COFEN-609""]"
TOPIC-00857,OH31,"Setores, Populações e Contextos Específicos",MOD-0136,Trabalho administrativo e digital,Teletrabalho,teletrabalho,teletrabalho,"[""T"", ""G"", ""P""]",candidate_for_atomization,"[""SRC-MTE-NRS-INDEX"", ""SRC-WHO-HCW"", ""SRC-COFEN-581"", ""SRC-COFEN-609""]"
TOPIC-00858,OH31,"Setores, Populações e Contextos Específicos",MOD-0136,Trabalho administrativo e digital,Fadiga digital,fadiga-digital,fadiga-digital,"[""T"", ""G"", ""P""]",candidate_for_atomization,"[""SRC-MTE-NRS-INDEX"", ""SRC-WHO-HCW"", ""SRC-COFEN-581"", ""SRC-COFEN-609""]"
TOPIC-00859,OH31,"Setores, Populações e Contextos Específicos",MOD-0136,Trabalho administrativo e digital,Riscos psicossociais no trabalho remoto,riscos-psicossociais-no-trabalho-remoto,riscos-psicossociais-no-trabalho-remoto,"[""T"", ""G"", ""P""]",candidate_for_atomization,"[""SRC-MTE-NRS-INDEX"", ""SRC-WHO-HCW"", ""SRC-COFEN-581"", ""SRC-COFEN-609""]"
TOPIC-00860,OH32,"Pesquisa, Evidências e Produção Científica",MOD-0137,Prática baseada em evidências,Pergunta PICO em saúde ocupacional,pergunta-pico-em-saude-ocupacional,pergunta-pico-em-saude-ocupacional,"[""G"", ""P""]",candidate_for_atomization,"[""SRC-WHO-OH"", ""SRC-NIOSH-HOC"", ""SRC-IARC-MONOGRAPHS"", ""SRC-FUNDACENTRO-NHO""]"
TOPIC-00861,OH32,"Pesquisa, Evidências e Produção Científica",MOD-0137,Prática baseada em evidências,Busca bibliográfica,busca-bibliografica,busca-bibliografica,"[""G"", ""P""]",candidate_for_atomization,"[""SRC-WHO-OH"", ""SRC-NIOSH-HOC"", ""SRC-IARC-MONOGRAPHS"", ""SRC-FUNDACENTRO-NHO""]"
TOPIC-00862,OH32,"Pesquisa, Evidências e Produção Científica",MOD-0137,Prática baseada em evidências,Hierarquia de evidências,hierarquia-de-evidencias,hierarquia-de-evidencias,"[""G"", ""P""]",candidate_for_atomization,"[""SRC-WHO-OH"", ""SRC-NIOSH-HOC"", ""SRC-IARC-MONOGRAPHS"", ""SRC-FUNDACENTRO-NHO""]"
TOPIC-00863,OH32,"Pesquisa, Evidências e Produção Científica",MOD-0137,Prática baseada em evidências,Avaliação crítica de estudos,avaliacao-critica-de-estudos,avaliacao-critica-de-estudos,"[""G"", ""P""]",candidate_for_atomization,"[""SRC-WHO-OH"", ""SRC-NIOSH-HOC"", ""SRC-IARC-MONOGRAPHS"", ""SRC-FUNDACENTRO-NHO""]"
TOPIC-00864,OH32,"Pesquisa, Evidências e Produção Científica",MOD-0137,Prática baseada em evidências,Aplicabilidade da evidência,aplicabilidade-da-evidencia,aplicabilidade-da-evidencia,"[""G"", ""P""]",candidate_for_atomization,"[""SRC-WHO-OH"", ""SRC-NIOSH-HOC"", ""SRC-IARC-MONOGRAPHS"", ""SRC-FUNDACENTRO-NHO""]"
TOPIC-00865,OH32,"Pesquisa, Evidências e Produção Científica",MOD-0137,Prática baseada em evidências,Certeza da evidência,certeza-da-evidencia,certeza-da-evidencia,"[""G"", ""P""]",candidate_for_atomization,"[""SRC-WHO-OH"", ""SRC-NIOSH-HOC"", ""SRC-IARC-MONOGRAPHS"", ""SRC-FUNDACENTRO-NHO""]"
TOPIC-00866,OH32,"Pesquisa, Evidências e Produção Científica",MOD-0138,Fontes e bases,PubMed em saúde ocupacional,pubmed-em-saude-ocupacional,pubmed-em-saude-ocupacional,"[""G"", ""P""]",candidate_for_atomization,"[""SRC-WHO-OH"", ""SRC-NIOSH-HOC"", ""SRC-IARC-MONOGRAPHS"", ""SRC-FUNDACENTRO-NHO""]"
TOPIC-00867,OH32,"Pesquisa, Evidências e Produção Científica",MOD-0138,Fontes e bases,BVS e LILACS,bvs-e-lilacs,bvs-e-lilacs,"[""G"", ""P""]",candidate_for_atomization,"[""SRC-WHO-OH"", ""SRC-NIOSH-HOC"", ""SRC-IARC-MONOGRAPHS"", ""SRC-FUNDACENTRO-NHO""]"
TOPIC-00868,OH32,"Pesquisa, Evidências e Produção Científica",MOD-0138,Fontes e bases,SciELO,scielo,scielo,"[""G"", ""P""]",candidate_for_atomization,"[""SRC-WHO-OH"", ""SRC-NIOSH-HOC"", ""SRC-IARC-MONOGRAPHS"", ""SRC-FUNDACENTRO-NHO""]"
TOPIC-00869,OH32,"Pesquisa, Evidências e Produção Científica",MOD-0138,Fontes e bases,Cochrane Library,cochrane-library,cochrane-library,"[""G"", ""P""]",candidate_for_atomization,"[""SRC-WHO-OH"", ""SRC-NIOSH-HOC"", ""SRC-IARC-MONOGRAPHS"", ""SRC-FUNDACENTRO-NHO""]"
TOPIC-00870,OH32,"Pesquisa, Evidências e Produção Científica",MOD-0138,Fontes e bases,IARC Monographs,iarc-monographs,iarc-monographs,"[""G"", ""P""]",candidate_for_atomization,"[""SRC-WHO-OH"", ""SRC-NIOSH-HOC"", ""SRC-IARC-MONOGRAPHS"", ""SRC-FUNDACENTRO-NHO""]"
TOPIC-00871,OH32,"Pesquisa, Evidências e Produção Científica",MOD-0138,Fontes e bases,NIOSH resources,niosh-resources,niosh-resources,"[""G"", ""P""]",candidate_for_atomization,"[""SRC-WHO-OH"", ""SRC-NIOSH-HOC"", ""SRC-IARC-MONOGRAPHS"", ""SRC-FUNDACENTRO-NHO""]"
TOPIC-00872,OH32,"Pesquisa, Evidências e Produção Científica",MOD-0138,Fontes e bases,WHO occupational health,who-occupational-health,who-occupational-health,"[""G"", ""P""]",candidate_for_atomization,"[""SRC-WHO-OH"", ""SRC-NIOSH-HOC"", ""SRC-IARC-MONOGRAPHS"", ""SRC-FUNDACENTRO-NHO""]"
TOPIC-00873,OH32,"Pesquisa, Evidências e Produção Científica",MOD-0138,Fontes e bases,Fundacentro e RBSO,fundacentro-e-rbso,fundacentro-e-rbso,"[""G"", ""P""]",candidate_for_atomization,"[""SRC-WHO-OH"", ""SRC-NIOSH-HOC"", ""SRC-IARC-MONOGRAPHS"", ""SRC-FUNDACENTRO-NHO""]"
TOPIC-00874,OH32,"Pesquisa, Evidências e Produção Científica",MOD-0139,Métodos de síntese,Revisão narrativa,revisao-narrativa,revisao-narrativa,"[""P""]",candidate_for_atomization,"[""SRC-WHO-OH"", ""SRC-NIOSH-HOC"", ""SRC-IARC-MONOGRAPHS"", ""SRC-FUNDACENTRO-NHO""]"
TOPIC-00875,OH32,"Pesquisa, Evidências e Produção Científica",MOD-0139,Métodos de síntese,Revisão integrativa,revisao-integrativa,revisao-integrativa,"[""P""]",candidate_for_atomization,"[""SRC-WHO-OH"", ""SRC-NIOSH-HOC"", ""SRC-IARC-MONOGRAPHS"", ""SRC-FUNDACENTRO-NHO""]"
TOPIC-00876,OH32,"Pesquisa, Evidências e Produção Científica",MOD-0139,Métodos de síntese,Revisão sistemática,revisao-sistematica,revisao-sistematica,"[""P""]",candidate_for_atomization,"[""SRC-WHO-OH"", ""SRC-NIOSH-HOC"", ""SRC-IARC-MONOGRAPHS"", ""SRC-FUNDACENTRO-NHO""]"
TOPIC-00877,OH32,"Pesquisa, Evidências e Produção Científica",MOD-0139,Métodos de síntese,Scoping review,scoping-review,scoping-review,"[""P""]",candidate_for_atomization,"[""SRC-WHO-OH"", ""SRC-NIOSH-HOC"", ""SRC-IARC-MONOGRAPHS"", ""SRC-FUNDACENTRO-NHO""]"
TOPIC-00878,OH32,"Pesquisa, Evidências e Produção Científica",MOD-0139,Métodos de síntese,Metanálise,metanalise,metanalise,"[""P""]",candidate_for_atomization,"[""SRC-WHO-OH"", ""SRC-NIOSH-HOC"", ""SRC-IARC-MONOGRAPHS"", ""SRC-FUNDACENTRO-NHO""]"
TOPIC-00879,OH32,"Pesquisa, Evidências e Produção Científica",MOD-0139,Métodos de síntese,Diretriz de prática,diretriz-de-pratica,diretriz-de-pratica,"[""P""]",candidate_for_atomization,"[""SRC-WHO-OH"", ""SRC-NIOSH-HOC"", ""SRC-IARC-MONOGRAPHS"", ""SRC-FUNDACENTRO-NHO""]"
TOPIC-00880,OH32,"Pesquisa, Evidências e Produção Científica",MOD-0140,Pesquisa aplicada,Protocolo de pesquisa ocupacional,protocolo-de-pesquisa-ocupacional,protocolo-de-pesquisa-ocupacional,"[""G"", ""P""]",candidate_for_atomization,"[""SRC-WHO-OH"", ""SRC-NIOSH-HOC"", ""SRC-IARC-MONOGRAPHS"", ""SRC-FUNDACENTRO-NHO""]"
TOPIC-00881,OH32,"Pesquisa, Evidências e Produção Científica",MOD-0140,Pesquisa aplicada,Ética em pesquisa com trabalhadores,etica-em-pesquisa-com-trabalhadores,etica-em-pesquisa-com-trabalhadores,"[""G"", ""P""]",candidate_for_atomization,"[""SRC-WHO-OH"", ""SRC-NIOSH-HOC"", ""SRC-IARC-MONOGRAPHS"", ""SRC-FUNDACENTRO-NHO""]"
TOPIC-00882,OH32,"Pesquisa, Evidências e Produção Científica",MOD-0140,Pesquisa aplicada,Questionários e instrumentos,questionarios-e-instrumentos,questionarios-e-instrumentos,"[""G"", ""P""]",candidate_for_atomization,"[""SRC-WHO-OH"", ""SRC-NIOSH-HOC"", ""SRC-IARC-MONOGRAPHS"", ""SRC-FUNDACENTRO-NHO""]"
TOPIC-00883,OH32,"Pesquisa, Evidências e Produção Científica",MOD-0140,Pesquisa aplicada,Pesquisa de campo em empresas,pesquisa-de-campo-em-empresas,pesquisa-de-campo-em-empresas,"[""G"", ""P""]",candidate_for_atomization,"[""SRC-WHO-OH"", ""SRC-NIOSH-HOC"", ""SRC-IARC-MONOGRAPHS"", ""SRC-FUNDACENTRO-NHO""]"
TOPIC-00884,OH32,"Pesquisa, Evidências e Produção Científica",MOD-0140,Pesquisa aplicada,Disseminação de resultados,disseminacao-de-resultados,disseminacao-de-resultados,"[""G"", ""P""]",candidate_for_atomization,"[""SRC-WHO-OH"", ""SRC-NIOSH-HOC"", ""SRC-IARC-MONOGRAPHS"", ""SRC-FUNDACENTRO-NHO""]"
TOPIC-00885,OH32,"Pesquisa, Evidências e Produção Científica",MOD-0140,Pesquisa aplicada,Ciência aberta e reprodutibilidade,ciencia-aberta-e-reprodutibilidade,ciencia-aberta-e-reprodutibilidade,"[""G"", ""P""]",candidate_for_atomization,"[""SRC-WHO-OH"", ""SRC-NIOSH-HOC"", ""SRC-IARC-MONOGRAPHS"", ""SRC-FUNDACENTRO-NHO""]"
