origem,tipo_origem,destino,tipo_destino,relacao,peso
quiz,recurso,Biblioteca de Provas,ferramenta,renderiza,2
simulado,recurso,Biblioteca de Provas,ferramenta,renderiza,3
flashcards,recurso,Biblioteca de Provas,ferramenta,renderiza,1
biblioteca,recurso,Biblioteca de Provas,ferramenta,renderiza,2
calculadora,recurso,COPSOQ II,ferramenta,renderiza,3
artigo,recurso,COPSOQ II,ferramenta,renderiza,1
quiz,recurso,COPSOQ II,ferramenta,renderiza,2
guia_bolso,recurso,COPSOQ II,ferramenta,renderiza,1
flashcards,recurso,COPSOQ II,ferramenta,renderiza,1
caso_clinico,recurso,COPSOQ II,ferramenta,renderiza,2
checklist,recurso,COPSOQ II,ferramenta,renderiza,2
slides,recurso,COPSOQ II,ferramenta,renderiza,1
infografico,recurso,COPSOQ II,ferramenta,renderiza,1
biblioteca,recurso,COPSOQ II,ferramenta,renderiza,2
calculadora,recurso,COPSOQ III,ferramenta,renderiza,3
artigo,recurso,COPSOQ III,ferramenta,renderiza,1
quiz,recurso,COPSOQ III,ferramenta,renderiza,2
guia_bolso,recurso,COPSOQ III,ferramenta,renderiza,1
flashcards,recurso,COPSOQ III,ferramenta,renderiza,1
caso_clinico,recurso,COPSOQ III,ferramenta,renderiza,2
checklist,recurso,COPSOQ III,ferramenta,renderiza,2
slides,recurso,COPSOQ III,ferramenta,renderiza,1
infografico,recurso,COPSOQ III,ferramenta,renderiza,1
biblioteca,recurso,COPSOQ III,ferramenta,renderiza,2
calculadora,recurso,Calculadora Adicional Noturno,ferramenta,renderiza,3
artigo,recurso,Calculadora Adicional Noturno,ferramenta,renderiza,1
quiz,recurso,Calculadora Adicional Noturno,ferramenta,renderiza,2
guia_bolso,recurso,Calculadora Adicional Noturno,ferramenta,renderiza,1
flashcards,recurso,Calculadora Adicional Noturno,ferramenta,renderiza,1
checklist,recurso,Calculadora Adicional Noturno,ferramenta,renderiza,2
caso_clinico,recurso,Calculadora Adicional Noturno,ferramenta,renderiza,2
slides,recurso,Calculadora Adicional Noturno,ferramenta,renderiza,1
infografico,recurso,Calculadora Adicional Noturno,ferramenta,renderiza,1
mapa_mental,recurso,Calculadora Adicional Noturno,ferramenta,renderiza,1
simulado,recurso,Calculadora Adicional Noturno,ferramenta,renderiza,3
biblioteca,recurso,Calculadora Adicional Noturno,ferramenta,renderiza,2
calculadora,recurso,Calculadora Horas Extras,ferramenta,renderiza,3
artigo,recurso,Calculadora Horas Extras,ferramenta,renderiza,1
quiz,recurso,Calculadora Horas Extras,ferramenta,renderiza,2
guia_bolso,recurso,Calculadora Horas Extras,ferramenta,renderiza,1
flashcards,recurso,Calculadora Horas Extras,ferramenta,renderiza,1
checklist,recurso,Calculadora Horas Extras,ferramenta,renderiza,2
caso_clinico,recurso,Calculadora Horas Extras,ferramenta,renderiza,2
slides,recurso,Calculadora Horas Extras,ferramenta,renderiza,1
infografico,recurso,Calculadora Horas Extras,ferramenta,renderiza,1
mapa_mental,recurso,Calculadora Horas Extras,ferramenta,renderiza,1
simulado,recurso,Calculadora Horas Extras,ferramenta,renderiza,3
biblioteca,recurso,Calculadora Horas Extras,ferramenta,renderiza,2
calculadora,recurso,Calculadora Rescisao,ferramenta,renderiza,3
artigo,recurso,Calculadora Rescisao,ferramenta,renderiza,1
quiz,recurso,Calculadora Rescisao,ferramenta,renderiza,2
guia_bolso,recurso,Calculadora Rescisao,ferramenta,renderiza,1
flashcards,recurso,Calculadora Rescisao,ferramenta,renderiza,1
checklist,recurso,Calculadora Rescisao,ferramenta,renderiza,2
caso_clinico,recurso,Calculadora Rescisao,ferramenta,renderiza,2
slides,recurso,Calculadora Rescisao,ferramenta,renderiza,1
infografico,recurso,Calculadora Rescisao,ferramenta,renderiza,1
mapa_mental,recurso,Calculadora Rescisao,ferramenta,renderiza,1
simulado,recurso,Calculadora Rescisao,ferramenta,renderiza,3
biblioteca,recurso,Calculadora Rescisao,ferramenta,renderiza,2
calculadora,recurso,Calculadora de Exames Laboratoriais,ferramenta,renderiza,3
artigo,recurso,Calculadora de Exames Laboratoriais,ferramenta,renderiza,1
quiz,recurso,Calculadora de Exames Laboratoriais,ferramenta,renderiza,2
guia_bolso,recurso,Calculadora de Exames Laboratoriais,ferramenta,renderiza,1
flashcards,recurso,Calculadora de Exames Laboratoriais,ferramenta,renderiza,1
checklist,recurso,Calculadora de Exames Laboratoriais,ferramenta,renderiza,2
caso_clinico,recurso,Calculadora de Exames Laboratoriais,ferramenta,renderiza,2
slides,recurso,Calculadora de Exames Laboratoriais,ferramenta,renderiza,1
infografico,recurso,Calculadora de Exames Laboratoriais,ferramenta,renderiza,1
mapa_mental,recurso,Calculadora de Exames Laboratoriais,ferramenta,renderiza,1
simulado,recurso,Calculadora de Exames Laboratoriais,ferramenta,renderiza,3
biblioteca,recurso,Calculadora de Exames Laboratoriais,ferramenta,renderiza,2
calculadora,recurso,Calculadora de Ferias,ferramenta,renderiza,3
artigo,recurso,Calculadora de Ferias,ferramenta,renderiza,1
quiz,recurso,Calculadora de Ferias,ferramenta,renderiza,2
guia_bolso,recurso,Calculadora de Ferias,ferramenta,renderiza,1
flashcards,recurso,Calculadora de Ferias,ferramenta,renderiza,1
checklist,recurso,Calculadora de Ferias,ferramenta,renderiza,2
caso_clinico,recurso,Calculadora de Ferias,ferramenta,renderiza,2
slides,recurso,Calculadora de Ferias,ferramenta,renderiza,1
infografico,recurso,Calculadora de Ferias,ferramenta,renderiza,1
mapa_mental,recurso,Calculadora de Ferias,ferramenta,renderiza,1
simulado,recurso,Calculadora de Ferias,ferramenta,renderiza,3
biblioteca,recurso,Calculadora de Ferias,ferramenta,renderiza,2
calculadora,recurso,Calculo de Medicamentos,ferramenta,renderiza,3
artigo,recurso,Calculo de Medicamentos,ferramenta,renderiza,1
quiz,recurso,Calculo de Medicamentos,ferramenta,renderiza,2
guia_bolso,recurso,Calculo de Medicamentos,ferramenta,renderiza,1
flashcards,recurso,Calculo de Medicamentos,ferramenta,renderiza,1
checklist,recurso,Calculo de Medicamentos,ferramenta,renderiza,2
caso_clinico,recurso,Calculo de Medicamentos,ferramenta,renderiza,2
slides,recurso,Calculo de Medicamentos,ferramenta,renderiza,1
infografico,recurso,Calculo de Medicamentos,ferramenta,renderiza,1
mapa_mental,recurso,Calculo de Medicamentos,ferramenta,renderiza,1
simulado,recurso,Calculo de Medicamentos,ferramenta,renderiza,3
biblioteca,recurso,Calculo de Medicamentos,ferramenta,renderiza,2
calculadora,recurso,Classif. Perroca (SCP),ferramenta,renderiza,3
artigo,recurso,Classif. Perroca (SCP),ferramenta,renderiza,1
quiz,recurso,Classif. Perroca (SCP),ferramenta,renderiza,2
guia_bolso,recurso,Classif. Perroca (SCP),ferramenta,renderiza,1
flashcards,recurso,Classif. Perroca (SCP),ferramenta,renderiza,1
caso_clinico,recurso,Classif. Perroca (SCP),ferramenta,renderiza,2
checklist,recurso,Classif. Perroca (SCP),ferramenta,renderiza,2
slides,recurso,Classif. Perroca (SCP),ferramenta,renderiza,1
infografico,recurso,Classif. Perroca (SCP),ferramenta,renderiza,1
biblioteca,recurso,Classif. Perroca (SCP),ferramenta,renderiza,2
artigo,recurso,Diagnosticos NANDA,ferramenta,renderiza,1
guia_bolso,recurso,Diagnosticos NANDA,ferramenta,renderiza,1
checklist,recurso,Diagnosticos NANDA,ferramenta,renderiza,2
biblioteca,recurso,Diagnosticos NANDA,ferramenta,renderiza,2
calculadora,recurso,Dimensionamento de Enfermagem,ferramenta,renderiza,3
artigo,recurso,Dimensionamento de Enfermagem,ferramenta,renderiza,1
quiz,recurso,Dimensionamento de Enfermagem,ferramenta,renderiza,2
guia_bolso,recurso,Dimensionamento de Enfermagem,ferramenta,renderiza,1
flashcards,recurso,Dimensionamento de Enfermagem,ferramenta,renderiza,1
checklist,recurso,Dimensionamento de Enfermagem,ferramenta,renderiza,2
caso_clinico,recurso,Dimensionamento de Enfermagem,ferramenta,renderiza,2
slides,recurso,Dimensionamento de Enfermagem,ferramenta,renderiza,1
infografico,recurso,Dimensionamento de Enfermagem,ferramenta,renderiza,1
mapa_mental,recurso,Dimensionamento de Enfermagem,ferramenta,renderiza,1
simulado,recurso,Dimensionamento de Enfermagem,ferramenta,renderiza,3
biblioteca,recurso,Dimensionamento de Enfermagem,ferramenta,renderiza,2
artigo,recurso,Doencas de Notificacao Compulsoria,ferramenta,renderiza,1
guia_bolso,recurso,Doencas de Notificacao Compulsoria,ferramenta,renderiza,1
checklist,recurso,Doencas de Notificacao Compulsoria,ferramenta,renderiza,2
biblioteca,recurso,Doencas de Notificacao Compulsoria,ferramenta,renderiza,2
calculadora,recurso,Escala BERG (BBS),ferramenta,renderiza,3
artigo,recurso,Escala BERG (BBS),ferramenta,renderiza,1
quiz,recurso,Escala BERG (BBS),ferramenta,renderiza,2
guia_bolso,recurso,Escala BERG (BBS),ferramenta,renderiza,1
flashcards,recurso,Escala BERG (BBS),ferramenta,renderiza,1
caso_clinico,recurso,Escala BERG (BBS),ferramenta,renderiza,2
checklist,recurso,Escala BERG (BBS),ferramenta,renderiza,2
slides,recurso,Escala BERG (BBS),ferramenta,renderiza,1
infografico,recurso,Escala BERG (BBS),ferramenta,renderiza,1
biblioteca,recurso,Escala BERG (BBS),ferramenta,renderiza,2
calculadora,recurso,Escala BPS,ferramenta,renderiza,3
artigo,recurso,Escala BPS,ferramenta,renderiza,1
quiz,recurso,Escala BPS,ferramenta,renderiza,2
guia_bolso,recurso,Escala BPS,ferramenta,renderiza,1
flashcards,recurso,Escala BPS,ferramenta,renderiza,1
caso_clinico,recurso,Escala BPS,ferramenta,renderiza,2
checklist,recurso,Escala BPS,ferramenta,renderiza,2
slides,recurso,Escala BPS,ferramenta,renderiza,1
infografico,recurso,Escala BPS,ferramenta,renderiza,1
biblioteca,recurso,Escala BPS,ferramenta,renderiza,2
calculadora,recurso,Escala CAM-ICU,ferramenta,renderiza,3
artigo,recurso,Escala CAM-ICU,ferramenta,renderiza,1
quiz,recurso,Escala CAM-ICU,ferramenta,renderiza,2
guia_bolso,recurso,Escala CAM-ICU,ferramenta,renderiza,1
flashcards,recurso,Escala CAM-ICU,ferramenta,renderiza,1
caso_clinico,recurso,Escala CAM-ICU,ferramenta,renderiza,2
checklist,recurso,Escala CAM-ICU,ferramenta,renderiza,2
slides,recurso,Escala CAM-ICU,ferramenta,renderiza,1
infografico,recurso,Escala CAM-ICU,ferramenta,renderiza,1
biblioteca,recurso,Escala CAM-ICU,ferramenta,renderiza,2
calculadora,recurso,Escala CURB-65,ferramenta,renderiza,3
artigo,recurso,Escala CURB-65,ferramenta,renderiza,1
quiz,recurso,Escala CURB-65,ferramenta,renderiza,2
guia_bolso,recurso,Escala CURB-65,ferramenta,renderiza,1
flashcards,recurso,Escala CURB-65,ferramenta,renderiza,1
caso_clinico,recurso,Escala CURB-65,ferramenta,renderiza,2
checklist,recurso,Escala CURB-65,ferramenta,renderiza,2
slides,recurso,Escala CURB-65,ferramenta,renderiza,1
infografico,recurso,Escala CURB-65,ferramenta,renderiza,1
biblioteca,recurso,Escala CURB-65,ferramenta,renderiza,2
calculadora,recurso,Escala ELPO,ferramenta,renderiza,3
artigo,recurso,Escala ELPO,ferramenta,renderiza,1
quiz,recurso,Escala ELPO,ferramenta,renderiza,2
guia_bolso,recurso,Escala ELPO,ferramenta,renderiza,1
flashcards,recurso,Escala ELPO,ferramenta,renderiza,1
caso_clinico,recurso,Escala ELPO,ferramenta,renderiza,2
checklist,recurso,Escala ELPO,ferramenta,renderiza,2
slides,recurso,Escala ELPO,ferramenta,renderiza,1
infografico,recurso,Escala ELPO,ferramenta,renderiza,1
biblioteca,recurso,Escala ELPO,ferramenta,renderiza,2
calculadora,recurso,Escala FAST,ferramenta,renderiza,3
artigo,recurso,Escala FAST,ferramenta,renderiza,1
quiz,recurso,Escala FAST,ferramenta,renderiza,2
guia_bolso,recurso,Escala FAST,ferramenta,renderiza,1
flashcards,recurso,Escala FAST,ferramenta,renderiza,1
caso_clinico,recurso,Escala FAST,ferramenta,renderiza,2
checklist,recurso,Escala FAST,ferramenta,renderiza,2
slides,recurso,Escala FAST,ferramenta,renderiza,1
infografico,recurso,Escala FAST,ferramenta,renderiza,1
biblioteca,recurso,Escala FAST,ferramenta,renderiza,2
calculadora,recurso,Escala FLACC,ferramenta,renderiza,3
artigo,recurso,Escala FLACC,ferramenta,renderiza,1
quiz,recurso,Escala FLACC,ferramenta,renderiza,2
guia_bolso,recurso,Escala FLACC,ferramenta,renderiza,1
flashcards,recurso,Escala FLACC,ferramenta,renderiza,1
caso_clinico,recurso,Escala FLACC,ferramenta,renderiza,2
checklist,recurso,Escala FLACC,ferramenta,renderiza,2
slides,recurso,Escala FLACC,ferramenta,renderiza,1
infografico,recurso,Escala FLACC,ferramenta,renderiza,1
biblioteca,recurso,Escala FLACC,ferramenta,renderiza,2
calculadora,recurso,Escala FOUR,ferramenta,renderiza,3
artigo,recurso,Escala FOUR,ferramenta,renderiza,1
quiz,recurso,Escala FOUR,ferramenta,renderiza,2
guia_bolso,recurso,Escala FOUR,ferramenta,renderiza,1
flashcards,recurso,Escala FOUR,ferramenta,renderiza,1
caso_clinico,recurso,Escala FOUR,ferramenta,renderiza,2
checklist,recurso,Escala FOUR,ferramenta,renderiza,2
slides,recurso,Escala FOUR,ferramenta,renderiza,1
infografico,recurso,Escala FOUR,ferramenta,renderiza,1
biblioteca,recurso,Escala FOUR,ferramenta,renderiza,2
calculadora,recurso,Escala Fugulin (SCP),ferramenta,renderiza,3
artigo,recurso,Escala Fugulin (SCP),ferramenta,renderiza,1
quiz,recurso,Escala Fugulin (SCP),ferramenta,renderiza,2
guia_bolso,recurso,Escala Fugulin (SCP),ferramenta,renderiza,1
flashcards,recurso,Escala Fugulin (SCP),ferramenta,renderiza,1
caso_clinico,recurso,Escala Fugulin (SCP),ferramenta,renderiza,2
checklist,recurso,Escala Fugulin (SCP),ferramenta,renderiza,2
slides,recurso,Escala Fugulin (SCP),ferramenta,renderiza,1
infografico,recurso,Escala Fugulin (SCP),ferramenta,renderiza,1
biblioteca,recurso,Escala Fugulin (SCP),ferramenta,renderiza,2
calculadora,recurso,Escala GDS,ferramenta,renderiza,3
artigo,recurso,Escala GDS,ferramenta,renderiza,1
quiz,recurso,Escala GDS,ferramenta,renderiza,2
guia_bolso,recurso,Escala GDS,ferramenta,renderiza,1
flashcards,recurso,Escala GDS,ferramenta,renderiza,1
caso_clinico,recurso,Escala GDS,ferramenta,renderiza,2
checklist,recurso,Escala GDS,ferramenta,renderiza,2
slides,recurso,Escala GDS,ferramenta,renderiza,1
infografico,recurso,Escala GDS,ferramenta,renderiza,1
biblioteca,recurso,Escala GDS,ferramenta,renderiza,2
calculadora,recurso,Escala Hamilton,ferramenta,renderiza,3
artigo,recurso,Escala Hamilton,ferramenta,renderiza,1
quiz,recurso,Escala Hamilton,ferramenta,renderiza,2
guia_bolso,recurso,Escala Hamilton,ferramenta,renderiza,1
flashcards,recurso,Escala Hamilton,ferramenta,renderiza,1
caso_clinico,recurso,Escala Hamilton,ferramenta,renderiza,2
checklist,recurso,Escala Hamilton,ferramenta,renderiza,2
slides,recurso,Escala Hamilton,ferramenta,renderiza,1
infografico,recurso,Escala Hamilton,ferramenta,renderiza,1
biblioteca,recurso,Escala Hamilton,ferramenta,renderiza,2
calculadora,recurso,Escala Hendrich II,ferramenta,renderiza,3
artigo,recurso,Escala Hendrich II,ferramenta,renderiza,1
quiz,recurso,Escala Hendrich II,ferramenta,renderiza,2
guia_bolso,recurso,Escala Hendrich II,ferramenta,renderiza,1
flashcards,recurso,Escala Hendrich II,ferramenta,renderiza,1
caso_clinico,recurso,Escala Hendrich II,ferramenta,renderiza,2
checklist,recurso,Escala Hendrich II,ferramenta,renderiza,2
slides,recurso,Escala Hendrich II,ferramenta,renderiza,1
infografico,recurso,Escala Hendrich II,ferramenta,renderiza,1
biblioteca,recurso,Escala Hendrich II,ferramenta,renderiza,2
calculadora,recurso,Escala Humpty-Dumpty,ferramenta,renderiza,3
artigo,recurso,Escala Humpty-Dumpty,ferramenta,renderiza,1
quiz,recurso,Escala Humpty-Dumpty,ferramenta,renderiza,2
guia_bolso,recurso,Escala Humpty-Dumpty,ferramenta,renderiza,1
flashcards,recurso,Escala Humpty-Dumpty,ferramenta,renderiza,1
caso_clinico,recurso,Escala Humpty-Dumpty,ferramenta,renderiza,2
checklist,recurso,Escala Humpty-Dumpty,ferramenta,renderiza,2
slides,recurso,Escala Humpty-Dumpty,ferramenta,renderiza,1
infografico,recurso,Escala Humpty-Dumpty,ferramenta,renderiza,1
biblioteca,recurso,Escala Humpty-Dumpty,ferramenta,renderiza,2
calculadora,recurso,Escala LANSS,ferramenta,renderiza,3
artigo,recurso,Escala LANSS,ferramenta,renderiza,1
quiz,recurso,Escala LANSS,ferramenta,renderiza,2
guia_bolso,recurso,Escala LANSS,ferramenta,renderiza,1
flashcards,recurso,Escala LANSS,ferramenta,renderiza,1
caso_clinico,recurso,Escala LANSS,ferramenta,renderiza,2
checklist,recurso,Escala LANSS,ferramenta,renderiza,2
slides,recurso,Escala LANSS,ferramenta,renderiza,1
infografico,recurso,Escala LANSS,ferramenta,renderiza,1
biblioteca,recurso,Escala LANSS,ferramenta,renderiza,2
calculadora,recurso,Escala Lawton,ferramenta,renderiza,3
artigo,recurso,Escala Lawton,ferramenta,renderiza,1
quiz,recurso,Escala Lawton,ferramenta,renderiza,2
guia_bolso,recurso,Escala Lawton,ferramenta,renderiza,1
flashcards,recurso,Escala Lawton,ferramenta,renderiza,1
caso_clinico,recurso,Escala Lawton,ferramenta,renderiza,2
checklist,recurso,Escala Lawton,ferramenta,renderiza,2
slides,recurso,Escala Lawton,ferramenta,renderiza,1
infografico,recurso,Escala Lawton,ferramenta,renderiza,1
biblioteca,recurso,Escala Lawton,ferramenta,renderiza,2
calculadora,recurso,Escala MEEM,ferramenta,renderiza,3
artigo,recurso,Escala MEEM,ferramenta,renderiza,1
quiz,recurso,Escala MEEM,ferramenta,renderiza,2
guia_bolso,recurso,Escala MEEM,ferramenta,renderiza,1
flashcards,recurso,Escala MEEM,ferramenta,renderiza,1
caso_clinico,recurso,Escala MEEM,ferramenta,renderiza,2
checklist,recurso,Escala MEEM,ferramenta,renderiza,2
slides,recurso,Escala MEEM,ferramenta,renderiza,1
infografico,recurso,Escala MEEM,ferramenta,renderiza,1
biblioteca,recurso,Escala MEEM,ferramenta,renderiza,2
calculadora,recurso,Escala MEOWS,ferramenta,renderiza,3
artigo,recurso,Escala MEOWS,ferramenta,renderiza,1
quiz,recurso,Escala MEOWS,ferramenta,renderiza,2
guia_bolso,recurso,Escala MEOWS,ferramenta,renderiza,1
flashcards,recurso,Escala MEOWS,ferramenta,renderiza,1
caso_clinico,recurso,Escala MEOWS,ferramenta,renderiza,2
checklist,recurso,Escala MEOWS,ferramenta,renderiza,2
slides,recurso,Escala MEOWS,ferramenta,renderiza,1
infografico,recurso,Escala MEOWS,ferramenta,renderiza,1
biblioteca,recurso,Escala MEOWS,ferramenta,renderiza,2
calculadora,recurso,Escala Manchester,ferramenta,renderiza,3
artigo,recurso,Escala Manchester,ferramenta,renderiza,1
quiz,recurso,Escala Manchester,ferramenta,renderiza,2
guia_bolso,recurso,Escala Manchester,ferramenta,renderiza,1
flashcards,recurso,Escala Manchester,ferramenta,renderiza,1
caso_clinico,recurso,Escala Manchester,ferramenta,renderiza,2
checklist,recurso,Escala Manchester,ferramenta,renderiza,2
slides,recurso,Escala Manchester,ferramenta,renderiza,1
infografico,recurso,Escala Manchester,ferramenta,renderiza,1
biblioteca,recurso,Escala Manchester,ferramenta,renderiza,2
calculadora,recurso,Escala MoCA,ferramenta,renderiza,3
artigo,recurso,Escala MoCA,ferramenta,renderiza,1
quiz,recurso,Escala MoCA,ferramenta,renderiza,2
guia_bolso,recurso,Escala MoCA,ferramenta,renderiza,1
flashcards,recurso,Escala MoCA,ferramenta,renderiza,1
caso_clinico,recurso,Escala MoCA,ferramenta,renderiza,2
checklist,recurso,Escala MoCA,ferramenta,renderiza,2
slides,recurso,Escala MoCA,ferramenta,renderiza,1
infografico,recurso,Escala MoCA,ferramenta,renderiza,1
biblioteca,recurso,Escala MoCA,ferramenta,renderiza,2
calculadora,recurso,Escala NEWS,ferramenta,renderiza,3
artigo,recurso,Escala NEWS,ferramenta,renderiza,1
quiz,recurso,Escala NEWS,ferramenta,renderiza,2
guia_bolso,recurso,Escala NEWS,ferramenta,renderiza,1
flashcards,recurso,Escala NEWS,ferramenta,renderiza,1
caso_clinico,recurso,Escala NEWS,ferramenta,renderiza,2
checklist,recurso,Escala NEWS,ferramenta,renderiza,2
slides,recurso,Escala NEWS,ferramenta,renderiza,1
infografico,recurso,Escala NEWS,ferramenta,renderiza,1
biblioteca,recurso,Escala NEWS,ferramenta,renderiza,2
calculadora,recurso,Escala NIHSS,ferramenta,renderiza,3
artigo,recurso,Escala NIHSS,ferramenta,renderiza,1
quiz,recurso,Escala NIHSS,ferramenta,renderiza,2
guia_bolso,recurso,Escala NIHSS,ferramenta,renderiza,1
flashcards,recurso,Escala NIHSS,ferramenta,renderiza,1
caso_clinico,recurso,Escala NIHSS,ferramenta,renderiza,2
checklist,recurso,Escala NIHSS,ferramenta,renderiza,2
slides,recurso,Escala NIHSS,ferramenta,renderiza,1
infografico,recurso,Escala NIHSS,ferramenta,renderiza,1
biblioteca,recurso,Escala NIHSS,ferramenta,renderiza,2
calculadora,recurso,Escala NIPS,ferramenta,renderiza,3
artigo,recurso,Escala NIPS,ferramenta,renderiza,1
quiz,recurso,Escala NIPS,ferramenta,renderiza,2
guia_bolso,recurso,Escala NIPS,ferramenta,renderiza,1
flashcards,recurso,Escala NIPS,ferramenta,renderiza,1
caso_clinico,recurso,Escala NIPS,ferramenta,renderiza,2
checklist,recurso,Escala NIPS,ferramenta,renderiza,2
slides,recurso,Escala NIPS,ferramenta,renderiza,1
infografico,recurso,Escala NIPS,ferramenta,renderiza,1
biblioteca,recurso,Escala NIPS,ferramenta,renderiza,2
calculadora,recurso,Escala Norton,ferramenta,renderiza,3
artigo,recurso,Escala Norton,ferramenta,renderiza,1
quiz,recurso,Escala Norton,ferramenta,renderiza,2
guia_bolso,recurso,Escala Norton,ferramenta,renderiza,1
flashcards,recurso,Escala Norton,ferramenta,renderiza,1
caso_clinico,recurso,Escala Norton,ferramenta,renderiza,2
checklist,recurso,Escala Norton,ferramenta,renderiza,2
slides,recurso,Escala Norton,ferramenta,renderiza,1
infografico,recurso,Escala Norton,ferramenta,renderiza,1
biblioteca,recurso,Escala Norton,ferramenta,renderiza,2
calculadora,recurso,Escala Numerica Dor,ferramenta,renderiza,3
artigo,recurso,Escala Numerica Dor,ferramenta,renderiza,1
quiz,recurso,Escala Numerica Dor,ferramenta,renderiza,2
guia_bolso,recurso,Escala Numerica Dor,ferramenta,renderiza,1
flashcards,recurso,Escala Numerica Dor,ferramenta,renderiza,1
caso_clinico,recurso,Escala Numerica Dor,ferramenta,renderiza,2
checklist,recurso,Escala Numerica Dor,ferramenta,renderiza,2
slides,recurso,Escala Numerica Dor,ferramenta,renderiza,1
infografico,recurso,Escala Numerica Dor,ferramenta,renderiza,1
biblioteca,recurso,Escala Numerica Dor,ferramenta,renderiza,2
calculadora,recurso,Escala OFRAS,ferramenta,renderiza,3
artigo,recurso,Escala OFRAS,ferramenta,renderiza,1
quiz,recurso,Escala OFRAS,ferramenta,renderiza,2
guia_bolso,recurso,Escala OFRAS,ferramenta,renderiza,1
flashcards,recurso,Escala OFRAS,ferramenta,renderiza,1
caso_clinico,recurso,Escala OFRAS,ferramenta,renderiza,2
checklist,recurso,Escala OFRAS,ferramenta,renderiza,2
slides,recurso,Escala OFRAS,ferramenta,renderiza,1
infografico,recurso,Escala OFRAS,ferramenta,renderiza,1
biblioteca,recurso,Escala OFRAS,ferramenta,renderiza,2
calculadora,recurso,Escala PAINAD,ferramenta,renderiza,3
artigo,recurso,Escala PAINAD,ferramenta,renderiza,1
quiz,recurso,Escala PAINAD,ferramenta,renderiza,2
guia_bolso,recurso,Escala PAINAD,ferramenta,renderiza,1
flashcards,recurso,Escala PAINAD,ferramenta,renderiza,1
caso_clinico,recurso,Escala PAINAD,ferramenta,renderiza,2
checklist,recurso,Escala PAINAD,ferramenta,renderiza,2
slides,recurso,Escala PAINAD,ferramenta,renderiza,1
infografico,recurso,Escala PAINAD,ferramenta,renderiza,1
biblioteca,recurso,Escala PAINAD,ferramenta,renderiza,2
calculadora,recurso,Escala PELOD,ferramenta,renderiza,3
artigo,recurso,Escala PELOD,ferramenta,renderiza,1
quiz,recurso,Escala PELOD,ferramenta,renderiza,2
guia_bolso,recurso,Escala PELOD,ferramenta,renderiza,1
flashcards,recurso,Escala PELOD,ferramenta,renderiza,1
caso_clinico,recurso,Escala PELOD,ferramenta,renderiza,2
checklist,recurso,Escala PELOD,ferramenta,renderiza,2
slides,recurso,Escala PELOD,ferramenta,renderiza,1
infografico,recurso,Escala PELOD,ferramenta,renderiza,1
biblioteca,recurso,Escala PELOD,ferramenta,renderiza,2
calculadora,recurso,Escala PEWS,ferramenta,renderiza,3
artigo,recurso,Escala PEWS,ferramenta,renderiza,1
quiz,recurso,Escala PEWS,ferramenta,renderiza,2
guia_bolso,recurso,Escala PEWS,ferramenta,renderiza,1
flashcards,recurso,Escala PEWS,ferramenta,renderiza,1
caso_clinico,recurso,Escala PEWS,ferramenta,renderiza,2
checklist,recurso,Escala PEWS,ferramenta,renderiza,2
slides,recurso,Escala PEWS,ferramenta,renderiza,1
infografico,recurso,Escala PEWS,ferramenta,renderiza,1
biblioteca,recurso,Escala PEWS,ferramenta,renderiza,2
calculadora,recurso,Escala PRISM,ferramenta,renderiza,3
artigo,recurso,Escala PRISM,ferramenta,renderiza,1
quiz,recurso,Escala PRISM,ferramenta,renderiza,2
guia_bolso,recurso,Escala PRISM,ferramenta,renderiza,1
flashcards,recurso,Escala PRISM,ferramenta,renderiza,1
caso_clinico,recurso,Escala PRISM,ferramenta,renderiza,2
checklist,recurso,Escala PRISM,ferramenta,renderiza,2
slides,recurso,Escala PRISM,ferramenta,renderiza,1
infografico,recurso,Escala PRISM,ferramenta,renderiza,1
biblioteca,recurso,Escala PRISM,ferramenta,renderiza,2
calculadora,recurso,Escala Ramsay,ferramenta,renderiza,3
artigo,recurso,Escala Ramsay,ferramenta,renderiza,1
quiz,recurso,Escala Ramsay,ferramenta,renderiza,2
guia_bolso,recurso,Escala Ramsay,ferramenta,renderiza,1
flashcards,recurso,Escala Ramsay,ferramenta,renderiza,1
caso_clinico,recurso,Escala Ramsay,ferramenta,renderiza,2
checklist,recurso,Escala Ramsay,ferramenta,renderiza,2
slides,recurso,Escala Ramsay,ferramenta,renderiza,1
infografico,recurso,Escala Ramsay,ferramenta,renderiza,1
biblioteca,recurso,Escala Ramsay,ferramenta,renderiza,2
calculadora,recurso,Escala Richmond (RASS),ferramenta,renderiza,3
artigo,recurso,Escala Richmond (RASS),ferramenta,renderiza,1
quiz,recurso,Escala Richmond (RASS),ferramenta,renderiza,2
guia_bolso,recurso,Escala Richmond (RASS),ferramenta,renderiza,1
flashcards,recurso,Escala Richmond (RASS),ferramenta,renderiza,1
caso_clinico,recurso,Escala Richmond (RASS),ferramenta,renderiza,2
checklist,recurso,Escala Richmond (RASS),ferramenta,renderiza,2
slides,recurso,Escala Richmond (RASS),ferramenta,renderiza,1
infografico,recurso,Escala Richmond (RASS),ferramenta,renderiza,1
biblioteca,recurso,Escala Richmond (RASS),ferramenta,renderiza,2
calculadora,recurso,Escala SAPS III,ferramenta,renderiza,3
artigo,recurso,Escala SAPS III,ferramenta,renderiza,1
quiz,recurso,Escala SAPS III,ferramenta,renderiza,2
guia_bolso,recurso,Escala SAPS III,ferramenta,renderiza,1
flashcards,recurso,Escala SAPS III,ferramenta,renderiza,1
caso_clinico,recurso,Escala SAPS III,ferramenta,renderiza,2
checklist,recurso,Escala SAPS III,ferramenta,renderiza,2
slides,recurso,Escala SAPS III,ferramenta,renderiza,1
infografico,recurso,Escala SAPS III,ferramenta,renderiza,1
biblioteca,recurso,Escala SAPS III,ferramenta,renderiza,2
calculadora,recurso,Escala Tinetti (POMA),ferramenta,renderiza,3
artigo,recurso,Escala Tinetti (POMA),ferramenta,renderiza,1
quiz,recurso,Escala Tinetti (POMA),ferramenta,renderiza,2
guia_bolso,recurso,Escala Tinetti (POMA),ferramenta,renderiza,1
flashcards,recurso,Escala Tinetti (POMA),ferramenta,renderiza,1
caso_clinico,recurso,Escala Tinetti (POMA),ferramenta,renderiza,2
checklist,recurso,Escala Tinetti (POMA),ferramenta,renderiza,2
slides,recurso,Escala Tinetti (POMA),ferramenta,renderiza,1
infografico,recurso,Escala Tinetti (POMA),ferramenta,renderiza,1
biblioteca,recurso,Escala Tinetti (POMA),ferramenta,renderiza,2
calculadora,recurso,Escala Wood Downes,ferramenta,renderiza,3
artigo,recurso,Escala Wood Downes,ferramenta,renderiza,1
quiz,recurso,Escala Wood Downes,ferramenta,renderiza,2
guia_bolso,recurso,Escala Wood Downes,ferramenta,renderiza,1
flashcards,recurso,Escala Wood Downes,ferramenta,renderiza,1
caso_clinico,recurso,Escala Wood Downes,ferramenta,renderiza,2
checklist,recurso,Escala Wood Downes,ferramenta,renderiza,2
slides,recurso,Escala Wood Downes,ferramenta,renderiza,1
infografico,recurso,Escala Wood Downes,ferramenta,renderiza,1
biblioteca,recurso,Escala Wood Downes,ferramenta,renderiza,2
calculadora,recurso,Escala Zarit,ferramenta,renderiza,3
artigo,recurso,Escala Zarit,ferramenta,renderiza,1
quiz,recurso,Escala Zarit,ferramenta,renderiza,2
guia_bolso,recurso,Escala Zarit,ferramenta,renderiza,1
flashcards,recurso,Escala Zarit,ferramenta,renderiza,1
caso_clinico,recurso,Escala Zarit,ferramenta,renderiza,2
checklist,recurso,Escala Zarit,ferramenta,renderiza,2
slides,recurso,Escala Zarit,ferramenta,renderiza,1
infografico,recurso,Escala Zarit,ferramenta,renderiza,1
biblioteca,recurso,Escala Zarit,ferramenta,renderiza,2
calculadora,recurso,Escala de Ballard,ferramenta,renderiza,3
artigo,recurso,Escala de Ballard,ferramenta,renderiza,1
quiz,recurso,Escala de Ballard,ferramenta,renderiza,2
guia_bolso,recurso,Escala de Ballard,ferramenta,renderiza,1
flashcards,recurso,Escala de Ballard,ferramenta,renderiza,1
caso_clinico,recurso,Escala de Ballard,ferramenta,renderiza,2
checklist,recurso,Escala de Ballard,ferramenta,renderiza,2
slides,recurso,Escala de Ballard,ferramenta,renderiza,1
infografico,recurso,Escala de Ballard,ferramenta,renderiza,1
biblioteca,recurso,Escala de Ballard,ferramenta,renderiza,2
calculadora,recurso,Escala de Barthel,ferramenta,renderiza,3
artigo,recurso,Escala de Barthel,ferramenta,renderiza,1
quiz,recurso,Escala de Barthel,ferramenta,renderiza,2
guia_bolso,recurso,Escala de Barthel,ferramenta,renderiza,1
flashcards,recurso,Escala de Barthel,ferramenta,renderiza,1
caso_clinico,recurso,Escala de Barthel,ferramenta,renderiza,2
checklist,recurso,Escala de Barthel,ferramenta,renderiza,2
slides,recurso,Escala de Barthel,ferramenta,renderiza,1
infografico,recurso,Escala de Barthel,ferramenta,renderiza,1
biblioteca,recurso,Escala de Barthel,ferramenta,renderiza,2
calculadora,recurso,Escala de CRIES,ferramenta,renderiza,3
artigo,recurso,Escala de CRIES,ferramenta,renderiza,1
quiz,recurso,Escala de CRIES,ferramenta,renderiza,2
guia_bolso,recurso,Escala de CRIES,ferramenta,renderiza,1
flashcards,recurso,Escala de CRIES,ferramenta,renderiza,1
caso_clinico,recurso,Escala de CRIES,ferramenta,renderiza,2
checklist,recurso,Escala de CRIES,ferramenta,renderiza,2
slides,recurso,Escala de CRIES,ferramenta,renderiza,1
infografico,recurso,Escala de CRIES,ferramenta,renderiza,1
biblioteca,recurso,Escala de CRIES,ferramenta,renderiza,2
calculadora,recurso,Escala de Cincinnati,ferramenta,renderiza,3
artigo,recurso,Escala de Cincinnati,ferramenta,renderiza,1
quiz,recurso,Escala de Cincinnati,ferramenta,renderiza,2
guia_bolso,recurso,Escala de Cincinnati,ferramenta,renderiza,1
flashcards,recurso,Escala de Cincinnati,ferramenta,renderiza,1
caso_clinico,recurso,Escala de Cincinnati,ferramenta,renderiza,2
checklist,recurso,Escala de Cincinnati,ferramenta,renderiza,2
slides,recurso,Escala de Cincinnati,ferramenta,renderiza,1
infografico,recurso,Escala de Cincinnati,ferramenta,renderiza,1
biblioteca,recurso,Escala de Cincinnati,ferramenta,renderiza,2
calculadora,recurso,Escala de Cornell,ferramenta,renderiza,3
artigo,recurso,Escala de Cornell,ferramenta,renderiza,1
quiz,recurso,Escala de Cornell,ferramenta,renderiza,2
guia_bolso,recurso,Escala de Cornell,ferramenta,renderiza,1
flashcards,recurso,Escala de Cornell,ferramenta,renderiza,1
caso_clinico,recurso,Escala de Cornell,ferramenta,renderiza,2
checklist,recurso,Escala de Cornell,ferramenta,renderiza,2
slides,recurso,Escala de Cornell,ferramenta,renderiza,1
infografico,recurso,Escala de Cornell,ferramenta,renderiza,1
biblioteca,recurso,Escala de Cornell,ferramenta,renderiza,2
calculadora,recurso,Escala de Downton,ferramenta,renderiza,3
artigo,recurso,Escala de Downton,ferramenta,renderiza,1
quiz,recurso,Escala de Downton,ferramenta,renderiza,2
guia_bolso,recurso,Escala de Downton,ferramenta,renderiza,1
flashcards,recurso,Escala de Downton,ferramenta,renderiza,1
caso_clinico,recurso,Escala de Downton,ferramenta,renderiza,2
checklist,recurso,Escala de Downton,ferramenta,renderiza,2
slides,recurso,Escala de Downton,ferramenta,renderiza,1
infografico,recurso,Escala de Downton,ferramenta,renderiza,1
biblioteca,recurso,Escala de Downton,ferramenta,renderiza,2
calculadora,recurso,Escala de Gosnell,ferramenta,renderiza,3
artigo,recurso,Escala de Gosnell,ferramenta,renderiza,1
quiz,recurso,Escala de Gosnell,ferramenta,renderiza,2
guia_bolso,recurso,Escala de Gosnell,ferramenta,renderiza,1
flashcards,recurso,Escala de Gosnell,ferramenta,renderiza,1
caso_clinico,recurso,Escala de Gosnell,ferramenta,renderiza,2
checklist,recurso,Escala de Gosnell,ferramenta,renderiza,2
slides,recurso,Escala de Gosnell,ferramenta,renderiza,1
infografico,recurso,Escala de Gosnell,ferramenta,renderiza,1
biblioteca,recurso,Escala de Gosnell,ferramenta,renderiza,2
calculadora,recurso,Escala de Johns,ferramenta,renderiza,3
artigo,recurso,Escala de Johns,ferramenta,renderiza,1
quiz,recurso,Escala de Johns,ferramenta,renderiza,2
guia_bolso,recurso,Escala de Johns,ferramenta,renderiza,1
flashcards,recurso,Escala de Johns,ferramenta,renderiza,1
caso_clinico,recurso,Escala de Johns,ferramenta,renderiza,2
checklist,recurso,Escala de Johns,ferramenta,renderiza,2
slides,recurso,Escala de Johns,ferramenta,renderiza,1
infografico,recurso,Escala de Johns,ferramenta,renderiza,1
biblioteca,recurso,Escala de Johns,ferramenta,renderiza,2
calculadora,recurso,Escala de Jouvet,ferramenta,renderiza,3
artigo,recurso,Escala de Jouvet,ferramenta,renderiza,1
quiz,recurso,Escala de Jouvet,ferramenta,renderiza,2
guia_bolso,recurso,Escala de Jouvet,ferramenta,renderiza,1
flashcards,recurso,Escala de Jouvet,ferramenta,renderiza,1
caso_clinico,recurso,Escala de Jouvet,ferramenta,renderiza,2
checklist,recurso,Escala de Jouvet,ferramenta,renderiza,2
slides,recurso,Escala de Jouvet,ferramenta,renderiza,1
infografico,recurso,Escala de Jouvet,ferramenta,renderiza,1
biblioteca,recurso,Escala de Jouvet,ferramenta,renderiza,2
calculadora,recurso,Escala de Katz,ferramenta,renderiza,3
artigo,recurso,Escala de Katz,ferramenta,renderiza,1
quiz,recurso,Escala de Katz,ferramenta,renderiza,2
guia_bolso,recurso,Escala de Katz,ferramenta,renderiza,1
flashcards,recurso,Escala de Katz,ferramenta,renderiza,1
caso_clinico,recurso,Escala de Katz,ferramenta,renderiza,2
checklist,recurso,Escala de Katz,ferramenta,renderiza,2
slides,recurso,Escala de Katz,ferramenta,renderiza,1
infografico,recurso,Escala de Katz,ferramenta,renderiza,1
biblioteca,recurso,Escala de Katz,ferramenta,renderiza,2
calculadora,recurso,Escala de Lachs,ferramenta,renderiza,3
artigo,recurso,Escala de Lachs,ferramenta,renderiza,1
quiz,recurso,Escala de Lachs,ferramenta,renderiza,2
guia_bolso,recurso,Escala de Lachs,ferramenta,renderiza,1
flashcards,recurso,Escala de Lachs,ferramenta,renderiza,1
caso_clinico,recurso,Escala de Lachs,ferramenta,renderiza,2
checklist,recurso,Escala de Lachs,ferramenta,renderiza,2
slides,recurso,Escala de Lachs,ferramenta,renderiza,1
infografico,recurso,Escala de Lachs,ferramenta,renderiza,1
biblioteca,recurso,Escala de Lachs,ferramenta,renderiza,2
calculadora,recurso,Escala qSOFA,ferramenta,renderiza,3
artigo,recurso,Escala qSOFA,ferramenta,renderiza,1
quiz,recurso,Escala qSOFA,ferramenta,renderiza,2
guia_bolso,recurso,Escala qSOFA,ferramenta,renderiza,1
flashcards,recurso,Escala qSOFA,ferramenta,renderiza,1
caso_clinico,recurso,Escala qSOFA,ferramenta,renderiza,2
checklist,recurso,Escala qSOFA,ferramenta,renderiza,2
slides,recurso,Escala qSOFA,ferramenta,renderiza,1
infografico,recurso,Escala qSOFA,ferramenta,renderiza,1
biblioteca,recurso,Escala qSOFA,ferramenta,renderiza,2
artigo,recurso,Formulario SAEP,ferramenta,renderiza,1
guia_bolso,recurso,Formulario SAEP,ferramenta,renderiza,1
checklist,recurso,Formulario SAEP,ferramenta,renderiza,2
biblioteca,recurso,Formulario SAEP,ferramenta,renderiza,2
calculadora,recurso,Idade Gestacional e DPP,ferramenta,renderiza,3
artigo,recurso,Idade Gestacional e DPP,ferramenta,renderiza,1
quiz,recurso,Idade Gestacional e DPP,ferramenta,renderiza,2
guia_bolso,recurso,Idade Gestacional e DPP,ferramenta,renderiza,1
flashcards,recurso,Idade Gestacional e DPP,ferramenta,renderiza,1
checklist,recurso,Idade Gestacional e DPP,ferramenta,renderiza,2
caso_clinico,recurso,Idade Gestacional e DPP,ferramenta,renderiza,2
slides,recurso,Idade Gestacional e DPP,ferramenta,renderiza,1
infografico,recurso,Idade Gestacional e DPP,ferramenta,renderiza,1
mapa_mental,recurso,Idade Gestacional e DPP,ferramenta,renderiza,1
simulado,recurso,Idade Gestacional e DPP,ferramenta,renderiza,3
biblioteca,recurso,Idade Gestacional e DPP,ferramenta,renderiza,2
calculadora,recurso,Indice de Bishop,ferramenta,renderiza,3
artigo,recurso,Indice de Bishop,ferramenta,renderiza,1
quiz,recurso,Indice de Bishop,ferramenta,renderiza,2
guia_bolso,recurso,Indice de Bishop,ferramenta,renderiza,1
flashcards,recurso,Indice de Bishop,ferramenta,renderiza,1
caso_clinico,recurso,Indice de Bishop,ferramenta,renderiza,2
checklist,recurso,Indice de Bishop,ferramenta,renderiza,2
slides,recurso,Indice de Bishop,ferramenta,renderiza,1
infografico,recurso,Indice de Bishop,ferramenta,renderiza,1
biblioteca,recurso,Indice de Bishop,ferramenta,renderiza,2
quiz,recurso,Quiz Interativo,ferramenta,renderiza,2
simulado,recurso,Quiz Interativo,ferramenta,renderiza,3
flashcards,recurso,Quiz Interativo,ferramenta,renderiza,1
biblioteca,recurso,Quiz Interativo,ferramenta,renderiza,2
calculadora,recurso,Rancho Los Amigos,ferramenta,renderiza,3
artigo,recurso,Rancho Los Amigos,ferramenta,renderiza,1
quiz,recurso,Rancho Los Amigos,ferramenta,renderiza,2
guia_bolso,recurso,Rancho Los Amigos,ferramenta,renderiza,1
flashcards,recurso,Rancho Los Amigos,ferramenta,renderiza,1
caso_clinico,recurso,Rancho Los Amigos,ferramenta,renderiza,2
checklist,recurso,Rancho Los Amigos,ferramenta,renderiza,2
slides,recurso,Rancho Los Amigos,ferramenta,renderiza,1
infografico,recurso,Rancho Los Amigos,ferramenta,renderiza,1
biblioteca,recurso,Rancho Los Amigos,ferramenta,renderiza,2
artigo,recurso,SBAR Passagem de Plantao,ferramenta,renderiza,1
guia_bolso,recurso,SBAR Passagem de Plantao,ferramenta,renderiza,1
checklist,recurso,SBAR Passagem de Plantao,ferramenta,renderiza,2
biblioteca,recurso,SBAR Passagem de Plantao,ferramenta,renderiza,2
artigo,recurso,Silverman Anderson,ferramenta,renderiza,1
guia_bolso,recurso,Silverman Anderson,ferramenta,renderiza,1
checklist,recurso,Silverman Anderson,ferramenta,renderiza,2
biblioteca,recurso,Silverman Anderson,ferramenta,renderiza,2
simulado,recurso,Simulado Bloco Operat.,ferramenta,renderiza,3
quiz,recurso,Simulado Bloco Operat.,ferramenta,renderiza,2
caso_clinico,recurso,Simulado Bloco Operat.,ferramenta,renderiza,2
biblioteca,recurso,Simulado Bloco Operat.,ferramenta,renderiza,2
simulado,recurso,Simulado DNC,ferramenta,renderiza,3
quiz,recurso,Simulado DNC,ferramenta,renderiza,2
caso_clinico,recurso,Simulado DNC,ferramenta,renderiza,2
biblioteca,recurso,Simulado DNC,ferramenta,renderiza,2
simulado,recurso,Simulado Enfermeiros 1,ferramenta,renderiza,3
quiz,recurso,Simulado Enfermeiros 1,ferramenta,renderiza,2
caso_clinico,recurso,Simulado Enfermeiros 1,ferramenta,renderiza,2
biblioteca,recurso,Simulado Enfermeiros 1,ferramenta,renderiza,2
simulado,recurso,Simulado Enfermeiros 2,ferramenta,renderiza,3
quiz,recurso,Simulado Enfermeiros 2,ferramenta,renderiza,2
caso_clinico,recurso,Simulado Enfermeiros 2,ferramenta,renderiza,2
biblioteca,recurso,Simulado Enfermeiros 2,ferramenta,renderiza,2
simulado,recurso,Simulado PCR,ferramenta,renderiza,3
quiz,recurso,Simulado PCR,ferramenta,renderiza,2
caso_clinico,recurso,Simulado PCR,ferramenta,renderiza,2
biblioteca,recurso,Simulado PCR,ferramenta,renderiza,2
simulado,recurso,Simulado Seguranca Paciente,ferramenta,renderiza,3
quiz,recurso,Simulado Seguranca Paciente,ferramenta,renderiza,2
caso_clinico,recurso,Simulado Seguranca Paciente,ferramenta,renderiza,2
biblioteca,recurso,Simulado Seguranca Paciente,ferramenta,renderiza,2
simulado,recurso,Simulado Tecnicos 1,ferramenta,renderiza,3
quiz,recurso,Simulado Tecnicos 1,ferramenta,renderiza,2
caso_clinico,recurso,Simulado Tecnicos 1,ferramenta,renderiza,2
biblioteca,recurso,Simulado Tecnicos 1,ferramenta,renderiza,2
simulado,recurso,Simulado Tecnicos 2,ferramenta,renderiza,3
quiz,recurso,Simulado Tecnicos 2,ferramenta,renderiza,2
caso_clinico,recurso,Simulado Tecnicos 2,ferramenta,renderiza,2
biblioteca,recurso,Simulado Tecnicos 2,ferramenta,renderiza,2
simulado,recurso,Simulado Vacinas,ferramenta,renderiza,3
quiz,recurso,Simulado Vacinas,ferramenta,renderiza,2
caso_clinico,recurso,Simulado Vacinas,ferramenta,renderiza,2
biblioteca,recurso,Simulado Vacinas,ferramenta,renderiza,2
artigo,recurso,Vacinas da Crianca,ferramenta,renderiza,1
guia_bolso,recurso,Vacinas da Crianca,ferramenta,renderiza,1
checklist,recurso,Vacinas da Crianca,ferramenta,renderiza,2
biblioteca,recurso,Vacinas da Crianca,ferramenta,renderiza,2
Calculadora de Exames Laboratoriais,ferramenta,Sinais Vitais,biblioteca,complementar,2
Calculadora de Exames Laboratoriais,ferramenta,Exames Lab.,biblioteca,direto,3
Calculadora de Exames Laboratoriais,ferramenta,Anatomia/Fisiol.,biblioteca,complementar,2
Calculadora de Exames Laboratoriais,ferramenta,Doencas,biblioteca,direto,3
Calculadora de Exames Laboratoriais,ferramenta,Protocolos,biblioteca,complementar,2
Calculadora de Exames Laboratoriais,ferramenta,SAE/NANDA/NIC/NOC,biblioteca,complementar,2
Calculadora de Exames Laboratoriais,ferramenta,Seguranca Paciente,biblioteca,complementar,2
Calculadora de Exames Laboratoriais,ferramenta,Educacao/Avaliacao,biblioteca,complementar,2
Calculadora de Exames Laboratoriais,ferramenta,UTI/Emerg.,biblioteca,complementar,2
Dimensionamento de Enfermagem,ferramenta,Sinais Vitais,biblioteca,direto,3
Dimensionamento de Enfermagem,ferramenta,Doencas,biblioteca,complementar,2
Dimensionamento de Enfermagem,ferramenta,Protocolos,biblioteca,direto,3
Dimensionamento de Enfermagem,ferramenta,SAE/NANDA/NIC/NOC,biblioteca,direto,3
Dimensionamento de Enfermagem,ferramenta,Seguranca Paciente,biblioteca,direto,3
Dimensionamento de Enfermagem,ferramenta,Legislacao/CLT,biblioteca,direto,3
Dimensionamento de Enfermagem,ferramenta,Educacao/Avaliacao,biblioteca,complementar,2
Dimensionamento de Enfermagem,ferramenta,Bloco Operat.,biblioteca,complementar,2
Dimensionamento de Enfermagem,ferramenta,UTI/Emerg.,biblioteca,direto,3
Idade Gestacional e DPP,ferramenta,Medicamentos,biblioteca,complementar,2
Idade Gestacional e DPP,ferramenta,Sinais Vitais,biblioteca,complementar,2
Idade Gestacional e DPP,ferramenta,Anatomia/Fisiol.,biblioteca,direto,3
Idade Gestacional e DPP,ferramenta,Doencas,biblioteca,direto,3
Idade Gestacional e DPP,ferramenta,Protocolos,biblioteca,direto,3
Idade Gestacional e DPP,ferramenta,SAE/NANDA/NIC/NOC,biblioteca,direto,3
Idade Gestacional e DPP,ferramenta,Seguranca Paciente,biblioteca,complementar,2
Idade Gestacional e DPP,ferramenta,Educacao/Avaliacao,biblioteca,complementar,2
Idade Gestacional e DPP,ferramenta,Pediatria/Neo.,biblioteca,direto,3
Idade Gestacional e DPP,ferramenta,UTI/Emerg.,biblioteca,complementar,2
Idade Gestacional e DPP,ferramenta,Nutricao,biblioteca,complementar,2
Calculo de Medicamentos,ferramenta,Medicamentos,biblioteca,direto,3
Calculo de Medicamentos,ferramenta,Dispositivos,biblioteca,direto,3
Calculo de Medicamentos,ferramenta,Seringas,biblioteca,direto,3
Calculo de Medicamentos,ferramenta,Exames Lab.,biblioteca,complementar,2
Calculo de Medicamentos,ferramenta,Anatomia/Fisiol.,biblioteca,direto,3
Calculo de Medicamentos,ferramenta,Doencas,biblioteca,complementar,2
Calculo de Medicamentos,ferramenta,Protocolos,biblioteca,direto,3
Calculo de Medicamentos,ferramenta,SAE/NANDA/NIC/NOC,biblioteca,complementar,2
Calculo de Medicamentos,ferramenta,Seguranca Paciente,biblioteca,direto,3
Calculo de Medicamentos,ferramenta,Educacao/Avaliacao,biblioteca,complementar,2
Calculo de Medicamentos,ferramenta,Pediatria/Neo.,biblioteca,direto,3
Calculo de Medicamentos,ferramenta,UTI/Emerg.,biblioteca,complementar,2
Vacinas da Crianca,ferramenta,Medicamentos,biblioteca,direto,3
Vacinas da Crianca,ferramenta,Anatomia/Fisiol.,biblioteca,direto,3
Vacinas da Crianca,ferramenta,Doencas,biblioteca,direto,3
Vacinas da Crianca,ferramenta,Protocolos,biblioteca,direto,3
Vacinas da Crianca,ferramenta,SAE/NANDA/NIC/NOC,biblioteca,complementar,2
Vacinas da Crianca,ferramenta,Seguranca Paciente,biblioteca,complementar,2
Vacinas da Crianca,ferramenta,Educacao/Avaliacao,biblioteca,complementar,2
Vacinas da Crianca,ferramenta,Pediatria/Neo.,biblioteca,direto,3
Vacinas da Crianca,ferramenta,Vacinas/Epidem.,biblioteca,direto,3
Vacinas da Crianca,ferramenta,Nutricao,biblioteca,complementar,2
Doencas de Notificacao Compulsoria,ferramenta,Anatomia/Fisiol.,biblioteca,complementar,2
Doencas de Notificacao Compulsoria,ferramenta,Doencas,biblioteca,direto,3
Doencas de Notificacao Compulsoria,ferramenta,Protocolos,biblioteca,direto,3
Doencas de Notificacao Compulsoria,ferramenta,SAE/NANDA/NIC/NOC,biblioteca,complementar,2
Doencas de Notificacao Compulsoria,ferramenta,Seguranca Paciente,biblioteca,direto,3
Doencas de Notificacao Compulsoria,ferramenta,Legislacao/CLT,biblioteca,direto,3
Doencas de Notificacao Compulsoria,ferramenta,Educacao/Avaliacao,biblioteca,complementar,2
Doencas de Notificacao Compulsoria,ferramenta,Pediatria/Neo.,biblioteca,complementar,2
Doencas de Notificacao Compulsoria,ferramenta,UTI/Emerg.,biblioteca,direto,3
Diagnosticos NANDA,ferramenta,Medicamentos,biblioteca,complementar,2
Diagnosticos NANDA,ferramenta,Dispositivos,biblioteca,complementar,2
Diagnosticos NANDA,ferramenta,Feridas,biblioteca,direto,3
Diagnosticos NANDA,ferramenta,Curativos,biblioteca,complementar,2
Diagnosticos NANDA,ferramenta,Sinais Vitais,biblioteca,complementar,2
Diagnosticos NANDA,ferramenta,Exames Lab.,biblioteca,complementar,2
Diagnosticos NANDA,ferramenta,Anatomia/Fisiol.,biblioteca,direto,3
Diagnosticos NANDA,ferramenta,Doencas,biblioteca,direto,3
Diagnosticos NANDA,ferramenta,Protocolos,biblioteca,direto,3
Diagnosticos NANDA,ferramenta,SAE/NANDA/NIC/NOC,biblioteca,direto,3
Diagnosticos NANDA,ferramenta,Seguranca Paciente,biblioteca,direto,3
Diagnosticos NANDA,ferramenta,Educacao/Avaliacao,biblioteca,direto,3
Diagnosticos NANDA,ferramenta,Geriatria,biblioteca,complementar,2
Diagnosticos NANDA,ferramenta,Pediatria/Neo.,biblioteca,complementar,2
Diagnosticos NANDA,ferramenta,Saude Mental,biblioteca,complementar,2
Diagnosticos NANDA,ferramenta,UTI/Emerg.,biblioteca,complementar,2
Diagnosticos NANDA,ferramenta,Nutricao,biblioteca,complementar,2
Formulario SAEP,ferramenta,Medicamentos,biblioteca,direto,3
Formulario SAEP,ferramenta,Dispositivos,biblioteca,direto,3
Formulario SAEP,ferramenta,Sinais Vitais,biblioteca,direto,3
Formulario SAEP,ferramenta,Anatomia/Fisiol.,biblioteca,direto,3
Formulario SAEP,ferramenta,Doencas,biblioteca,complementar,2
Formulario SAEP,ferramenta,Protocolos,biblioteca,direto,3
Formulario SAEP,ferramenta,SAE/NANDA/NIC/NOC,biblioteca,direto,3
Formulario SAEP,ferramenta,Seguranca Paciente,biblioteca,direto,3
Formulario SAEP,ferramenta,Educacao/Avaliacao,biblioteca,complementar,2
Formulario SAEP,ferramenta,Bloco Operat.,biblioteca,direto,3
Formulario SAEP,ferramenta,UTI/Emerg.,biblioteca,complementar,2
SBAR Passagem de Plantao,ferramenta,Medicamentos,biblioteca,complementar,2
SBAR Passagem de Plantao,ferramenta,Dispositivos,biblioteca,complementar,2
SBAR Passagem de Plantao,ferramenta,Feridas,biblioteca,complementar,2
SBAR Passagem de Plantao,ferramenta,Curativos,biblioteca,complementar,2
SBAR Passagem de Plantao,ferramenta,Sinais Vitais,biblioteca,direto,3
SBAR Passagem de Plantao,ferramenta,Exames Lab.,biblioteca,complementar,2
SBAR Passagem de Plantao,ferramenta,Anatomia/Fisiol.,biblioteca,direto,3
SBAR Passagem de Plantao,ferramenta,Doencas,biblioteca,direto,3
SBAR Passagem de Plantao,ferramenta,Protocolos,biblioteca,direto,3
SBAR Passagem de Plantao,ferramenta,SAE/NANDA/NIC/NOC,biblioteca,direto,3
SBAR Passagem de Plantao,ferramenta,Seguranca Paciente,biblioteca,direto,3
SBAR Passagem de Plantao,ferramenta,Educacao/Avaliacao,biblioteca,direto,3
SBAR Passagem de Plantao,ferramenta,Geriatria,biblioteca,complementar,2
SBAR Passagem de Plantao,ferramenta,Pediatria/Neo.,biblioteca,complementar,2
SBAR Passagem de Plantao,ferramenta,Vent. Mecanica,biblioteca,complementar,2
SBAR Passagem de Plantao,ferramenta,UTI/Emerg.,biblioteca,complementar,2
Calculadora de Ferias,ferramenta,Legislacao/CLT,biblioteca,direto,3
Calculadora Adicional Noturno,ferramenta,Legislacao/CLT,biblioteca,direto,3
Calculadora Horas Extras,ferramenta,Legislacao/CLT,biblioteca,direto,3
Calculadora Rescisao,ferramenta,Legislacao/CLT,biblioteca,direto,3
Simulado Tecnicos 1,ferramenta,Medicamentos,biblioteca,complementar,2
Simulado Tecnicos 1,ferramenta,Dispositivos,biblioteca,complementar,2
Simulado Tecnicos 1,ferramenta,Seringas,biblioteca,complementar,2
Simulado Tecnicos 1,ferramenta,Feridas,biblioteca,complementar,2
Simulado Tecnicos 1,ferramenta,Curativos,biblioteca,complementar,2
Simulado Tecnicos 1,ferramenta,Sinais Vitais,biblioteca,complementar,2
Simulado Tecnicos 1,ferramenta,Exames Lab.,biblioteca,complementar,2
Simulado Tecnicos 1,ferramenta,Anatomia/Fisiol.,biblioteca,complementar,2
Simulado Tecnicos 1,ferramenta,Doencas,biblioteca,complementar,2
Simulado Tecnicos 1,ferramenta,Protocolos,biblioteca,complementar,2
Simulado Tecnicos 1,ferramenta,SAE/NANDA/NIC/NOC,biblioteca,complementar,2
Simulado Tecnicos 1,ferramenta,Seguranca Paciente,biblioteca,complementar,2
Simulado Tecnicos 1,ferramenta,Legislacao/CLT,biblioteca,complementar,2
Simulado Tecnicos 1,ferramenta,Educacao/Avaliacao,biblioteca,direto,3
Simulado Tecnicos 1,ferramenta,Bloco Operat.,biblioteca,complementar,2
Simulado Tecnicos 1,ferramenta,Geriatria,biblioteca,complementar,2
Simulado Tecnicos 1,ferramenta,Pediatria/Neo.,biblioteca,complementar,2
Simulado Tecnicos 1,ferramenta,Saude Mental,biblioteca,complementar,2
Simulado Tecnicos 1,ferramenta,Vent. Mecanica,biblioteca,complementar,2
Simulado Tecnicos 1,ferramenta,UTI/Emerg.,biblioteca,complementar,2
Simulado Tecnicos 1,ferramenta,Vacinas/Epidem.,biblioteca,complementar,2
Simulado Tecnicos 1,ferramenta,Nutricao,biblioteca,complementar,2
Simulado Tecnicos 2,ferramenta,Medicamentos,biblioteca,complementar,2
Simulado Tecnicos 2,ferramenta,Dispositivos,biblioteca,complementar,2
Simulado Tecnicos 2,ferramenta,Seringas,biblioteca,complementar,2
Simulado Tecnicos 2,ferramenta,Feridas,biblioteca,complementar,2
Simulado Tecnicos 2,ferramenta,Curativos,biblioteca,complementar,2
Simulado Tecnicos 2,ferramenta,Sinais Vitais,biblioteca,complementar,2
Simulado Tecnicos 2,ferramenta,Exames Lab.,biblioteca,complementar,2
Simulado Tecnicos 2,ferramenta,Anatomia/Fisiol.,biblioteca,complementar,2
Simulado Tecnicos 2,ferramenta,Doencas,biblioteca,complementar,2
Simulado Tecnicos 2,ferramenta,Protocolos,biblioteca,complementar,2
Simulado Tecnicos 2,ferramenta,SAE/NANDA/NIC/NOC,biblioteca,complementar,2
Simulado Tecnicos 2,ferramenta,Seguranca Paciente,biblioteca,complementar,2
Simulado Tecnicos 2,ferramenta,Legislacao/CLT,biblioteca,complementar,2
Simulado Tecnicos 2,ferramenta,Educacao/Avaliacao,biblioteca,direto,3
Simulado Tecnicos 2,ferramenta,Bloco Operat.,biblioteca,complementar,2
Simulado Tecnicos 2,ferramenta,Geriatria,biblioteca,complementar,2
Simulado Tecnicos 2,ferramenta,Pediatria/Neo.,biblioteca,complementar,2
Simulado Tecnicos 2,ferramenta,Saude Mental,biblioteca,complementar,2
Simulado Tecnicos 2,ferramenta,Vent. Mecanica,biblioteca,complementar,2
Simulado Tecnicos 2,ferramenta,UTI/Emerg.,biblioteca,complementar,2
Simulado Tecnicos 2,ferramenta,Vacinas/Epidem.,biblioteca,complementar,2
Simulado Tecnicos 2,ferramenta,Nutricao,biblioteca,complementar,2
Simulado Enfermeiros 1,ferramenta,Medicamentos,biblioteca,complementar,2
Simulado Enfermeiros 1,ferramenta,Dispositivos,biblioteca,complementar,2
Simulado Enfermeiros 1,ferramenta,Seringas,biblioteca,complementar,2
Simulado Enfermeiros 1,ferramenta,Feridas,biblioteca,complementar,2
Simulado Enfermeiros 1,ferramenta,Curativos,biblioteca,complementar,2
Simulado Enfermeiros 1,ferramenta,Sinais Vitais,biblioteca,complementar,2
Simulado Enfermeiros 1,ferramenta,Exames Lab.,biblioteca,complementar,2
Simulado Enfermeiros 1,ferramenta,Anatomia/Fisiol.,biblioteca,complementar,2
Simulado Enfermeiros 1,ferramenta,Doencas,biblioteca,complementar,2
Simulado Enfermeiros 1,ferramenta,Protocolos,biblioteca,complementar,2
Simulado Enfermeiros 1,ferramenta,SAE/NANDA/NIC/NOC,biblioteca,complementar,2
Simulado Enfermeiros 1,ferramenta,Seguranca Paciente,biblioteca,complementar,2
Simulado Enfermeiros 1,ferramenta,Legislacao/CLT,biblioteca,complementar,2
Simulado Enfermeiros 1,ferramenta,Educacao/Avaliacao,biblioteca,direto,3
Simulado Enfermeiros 1,ferramenta,Bloco Operat.,biblioteca,complementar,2
Simulado Enfermeiros 1,ferramenta,Geriatria,biblioteca,complementar,2
Simulado Enfermeiros 1,ferramenta,Pediatria/Neo.,biblioteca,complementar,2
Simulado Enfermeiros 1,ferramenta,Saude Mental,biblioteca,complementar,2
Simulado Enfermeiros 1,ferramenta,Vent. Mecanica,biblioteca,complementar,2
Simulado Enfermeiros 1,ferramenta,UTI/Emerg.,biblioteca,complementar,2
Simulado Enfermeiros 1,ferramenta,Vacinas/Epidem.,biblioteca,complementar,2
Simulado Enfermeiros 1,ferramenta,Nutricao,biblioteca,complementar,2
Simulado Enfermeiros 2,ferramenta,Medicamentos,biblioteca,complementar,2
Simulado Enfermeiros 2,ferramenta,Dispositivos,biblioteca,complementar,2
Simulado Enfermeiros 2,ferramenta,Seringas,biblioteca,complementar,2
Simulado Enfermeiros 2,ferramenta,Feridas,biblioteca,complementar,2
Simulado Enfermeiros 2,ferramenta,Curativos,biblioteca,complementar,2
Simulado Enfermeiros 2,ferramenta,Sinais Vitais,biblioteca,complementar,2
Simulado Enfermeiros 2,ferramenta,Exames Lab.,biblioteca,complementar,2
Simulado Enfermeiros 2,ferramenta,Anatomia/Fisiol.,biblioteca,complementar,2
Simulado Enfermeiros 2,ferramenta,Doencas,biblioteca,complementar,2
Simulado Enfermeiros 2,ferramenta,Protocolos,biblioteca,complementar,2
Simulado Enfermeiros 2,ferramenta,SAE/NANDA/NIC/NOC,biblioteca,complementar,2
Simulado Enfermeiros 2,ferramenta,Seguranca Paciente,biblioteca,complementar,2
Simulado Enfermeiros 2,ferramenta,Legislacao/CLT,biblioteca,complementar,2
Simulado Enfermeiros 2,ferramenta,Educacao/Avaliacao,biblioteca,direto,3
Simulado Enfermeiros 2,ferramenta,Bloco Operat.,biblioteca,complementar,2
Simulado Enfermeiros 2,ferramenta,Geriatria,biblioteca,complementar,2
Simulado Enfermeiros 2,ferramenta,Pediatria/Neo.,biblioteca,complementar,2
Simulado Enfermeiros 2,ferramenta,Saude Mental,biblioteca,complementar,2
Simulado Enfermeiros 2,ferramenta,Vent. Mecanica,biblioteca,complementar,2
Simulado Enfermeiros 2,ferramenta,UTI/Emerg.,biblioteca,complementar,2
Simulado Enfermeiros 2,ferramenta,Vacinas/Epidem.,biblioteca,complementar,2
Simulado Enfermeiros 2,ferramenta,Nutricao,biblioteca,complementar,2
Simulado Seguranca Paciente,ferramenta,Sinais Vitais,biblioteca,complementar,2
Simulado Seguranca Paciente,ferramenta,Doencas,biblioteca,complementar,2
Simulado Seguranca Paciente,ferramenta,Protocolos,biblioteca,direto,3
Simulado Seguranca Paciente,ferramenta,SAE/NANDA/NIC/NOC,biblioteca,complementar,2
Simulado Seguranca Paciente,ferramenta,Seguranca Paciente,biblioteca,direto,3
Simulado Seguranca Paciente,ferramenta,Educacao/Avaliacao,biblioteca,direto,3
Simulado DNC,ferramenta,Doencas,biblioteca,direto,3
Simulado DNC,ferramenta,Protocolos,biblioteca,direto,3
Simulado DNC,ferramenta,SAE/NANDA/NIC/NOC,biblioteca,complementar,2
Simulado DNC,ferramenta,Seguranca Paciente,biblioteca,complementar,2
Simulado DNC,ferramenta,Legislacao/CLT,biblioteca,direto,3
Simulado DNC,ferramenta,Educacao/Avaliacao,biblioteca,direto,3
Simulado DNC,ferramenta,Pediatria/Neo.,biblioteca,complementar,2
Simulado DNC,ferramenta,UTI/Emerg.,biblioteca,direto,3
Simulado Vacinas,ferramenta,Medicamentos,biblioteca,direto,3
Simulado Vacinas,ferramenta,Anatomia/Fisiol.,biblioteca,complementar,2
Simulado Vacinas,ferramenta,Doencas,biblioteca,direto,3
Simulado Vacinas,ferramenta,Protocolos,biblioteca,direto,3
Simulado Vacinas,ferramenta,SAE/NANDA/NIC/NOC,biblioteca,complementar,2
Simulado Vacinas,ferramenta,Seguranca Paciente,biblioteca,complementar,2
Simulado Vacinas,ferramenta,Educacao/Avaliacao,biblioteca,direto,3
Simulado Vacinas,ferramenta,Pediatria/Neo.,biblioteca,direto,3
Simulado Vacinas,ferramenta,UTI/Emerg.,biblioteca,direto,3
Simulado Vacinas,ferramenta,Vacinas/Epidem.,biblioteca,complementar,2
Simulado PCR,ferramenta,Medicamentos,biblioteca,direto,3
Simulado PCR,ferramenta,Dispositivos,biblioteca,direto,3
Simulado PCR,ferramenta,Sinais Vitais,biblioteca,direto,3
Simulado PCR,ferramenta,Exames Lab.,biblioteca,direto,3
Simulado PCR,ferramenta,Anatomia/Fisiol.,biblioteca,direto,3
Simulado PCR,ferramenta,Doencas,biblioteca,complementar,2
Simulado PCR,ferramenta,Protocolos,biblioteca,direto,3
Simulado PCR,ferramenta,SAE/NANDA/NIC/NOC,biblioteca,direto,3
Simulado PCR,ferramenta,Seguranca Paciente,biblioteca,direto,3
Simulado PCR,ferramenta,Educacao/Avaliacao,biblioteca,direto,3
Simulado PCR,ferramenta,Saude Mental,biblioteca,direto,3
Simulado PCR,ferramenta,Vent. Mecanica,biblioteca,direto,3
Simulado Bloco Operat.,ferramenta,Medicamentos,biblioteca,direto,3
Simulado Bloco Operat.,ferramenta,Dispositivos,biblioteca,direto,3
Simulado Bloco Operat.,ferramenta,Seringas,biblioteca,direto,3
Simulado Bloco Operat.,ferramenta,Sinais Vitais,biblioteca,direto,3
Simulado Bloco Operat.,ferramenta,Anatomia/Fisiol.,biblioteca,direto,3
Simulado Bloco Operat.,ferramenta,Doencas,biblioteca,complementar,2
Simulado Bloco Operat.,ferramenta,Protocolos,biblioteca,direto,3
Simulado Bloco Operat.,ferramenta,SAE/NANDA/NIC/NOC,biblioteca,direto,3
Simulado Bloco Operat.,ferramenta,Seguranca Paciente,biblioteca,direto,3
Simulado Bloco Operat.,ferramenta,Educacao/Avaliacao,biblioteca,direto,3
Simulado Bloco Operat.,ferramenta,Bloco Operat.,biblioteca,direto,3
Simulado Bloco Operat.,ferramenta,Vent. Mecanica,biblioteca,complementar,2
Quiz Interativo,ferramenta,Medicamentos,biblioteca,complementar,2
Quiz Interativo,ferramenta,Dispositivos,biblioteca,complementar,2
Quiz Interativo,ferramenta,Seringas,biblioteca,complementar,2
Quiz Interativo,ferramenta,Feridas,biblioteca,complementar,2
Quiz Interativo,ferramenta,Curativos,biblioteca,complementar,2
Quiz Interativo,ferramenta,Sinais Vitais,biblioteca,complementar,2
Quiz Interativo,ferramenta,Exames Lab.,biblioteca,complementar,2
Quiz Interativo,ferramenta,Anatomia/Fisiol.,biblioteca,complementar,2
Quiz Interativo,ferramenta,Doencas,biblioteca,complementar,2
Quiz Interativo,ferramenta,Protocolos,biblioteca,complementar,2
Quiz Interativo,ferramenta,SAE/NANDA/NIC/NOC,biblioteca,complementar,2
Quiz Interativo,ferramenta,Seguranca Paciente,biblioteca,complementar,2
Quiz Interativo,ferramenta,Legislacao/CLT,biblioteca,complementar,2
Quiz Interativo,ferramenta,Educacao/Avaliacao,biblioteca,direto,3
Quiz Interativo,ferramenta,Bloco Operat.,biblioteca,complementar,2
Quiz Interativo,ferramenta,Geriatria,biblioteca,complementar,2
Quiz Interativo,ferramenta,Pediatria/Neo.,biblioteca,complementar,2
Quiz Interativo,ferramenta,Saude Mental,biblioteca,complementar,2
Quiz Interativo,ferramenta,Vent. Mecanica,biblioteca,complementar,2
Quiz Interativo,ferramenta,UTI/Emerg.,biblioteca,complementar,2
Quiz Interativo,ferramenta,Vacinas/Epidem.,biblioteca,complementar,2
Quiz Interativo,ferramenta,Nutricao,biblioteca,complementar,2
Biblioteca de Provas,ferramenta,Medicamentos,biblioteca,complementar,2
Biblioteca de Provas,ferramenta,Dispositivos,biblioteca,complementar,2
Biblioteca de Provas,ferramenta,Seringas,biblioteca,complementar,2
Biblioteca de Provas,ferramenta,Feridas,biblioteca,complementar,2
Biblioteca de Provas,ferramenta,Curativos,biblioteca,complementar,2
Biblioteca de Provas,ferramenta,Sinais Vitais,biblioteca,complementar,2
Biblioteca de Provas,ferramenta,Exames Lab.,biblioteca,complementar,2
Biblioteca de Provas,ferramenta,Anatomia/Fisiol.,biblioteca,complementar,2
Biblioteca de Provas,ferramenta,Doencas,biblioteca,complementar,2
Biblioteca de Provas,ferramenta,Protocolos,biblioteca,complementar,2
Biblioteca de Provas,ferramenta,SAE/NANDA/NIC/NOC,biblioteca,complementar,2
Biblioteca de Provas,ferramenta,Seguranca Paciente,biblioteca,complementar,2
Biblioteca de Provas,ferramenta,Legislacao/CLT,biblioteca,complementar,2
Biblioteca de Provas,ferramenta,Educacao/Avaliacao,biblioteca,direto,3
Biblioteca de Provas,ferramenta,Bloco Operat.,biblioteca,complementar,2
Biblioteca de Provas,ferramenta,Geriatria,biblioteca,complementar,2
Biblioteca de Provas,ferramenta,Pediatria/Neo.,biblioteca,complementar,2
Biblioteca de Provas,ferramenta,Saude Mental,biblioteca,complementar,2
Biblioteca de Provas,ferramenta,Vent. Mecanica,biblioteca,complementar,2
Biblioteca de Provas,ferramenta,UTI/Emerg.,biblioteca,complementar,2
Biblioteca de Provas,ferramenta,Vacinas/Epidem.,biblioteca,complementar,2
Biblioteca de Provas,ferramenta,Nutricao,biblioteca,complementar,2
Escala de Ballard,ferramenta,Sinais Vitais,biblioteca,direto,3
Escala de Ballard,ferramenta,Anatomia/Fisiol.,biblioteca,direto,3
Escala de Ballard,ferramenta,Doencas,biblioteca,complementar,2
Escala de Ballard,ferramenta,Protocolos,biblioteca,complementar,2
Escala de Ballard,ferramenta,SAE/NANDA/NIC/NOC,biblioteca,direto,3
Escala de Ballard,ferramenta,Seguranca Paciente,biblioteca,complementar,2
Escala de Ballard,ferramenta,Educacao/Avaliacao,biblioteca,complementar,2
Escala de Ballard,ferramenta,Pediatria/Neo.,biblioteca,direto,3
Escala de Ballard,ferramenta,UTI/Emerg.,biblioteca,complementar,2
Escala de Ballard,ferramenta,Nutricao,biblioteca,complementar,2
Escala de Barthel,ferramenta,Dispositivos,biblioteca,complementar,2
Escala de Barthel,ferramenta,Sinais Vitais,biblioteca,complementar,2
Escala de Barthel,ferramenta,Anatomia/Fisiol.,biblioteca,direto,3
Escala de Barthel,ferramenta,Doencas,biblioteca,complementar,2
Escala de Barthel,ferramenta,Protocolos,biblioteca,complementar,2
Escala de Barthel,ferramenta,SAE/NANDA/NIC/NOC,biblioteca,direto,3
Escala de Barthel,ferramenta,Seguranca Paciente,biblioteca,direto,3
Escala de Barthel,ferramenta,Educacao/Avaliacao,biblioteca,complementar,2
Escala de Barthel,ferramenta,Geriatria,biblioteca,direto,3
Escala BPS,ferramenta,Medicamentos,biblioteca,complementar,2
Escala BPS,ferramenta,Sinais Vitais,biblioteca,direto,3
Escala BPS,ferramenta,Anatomia/Fisiol.,biblioteca,direto,3
Escala BPS,ferramenta,Doencas,biblioteca,complementar,2
Escala BPS,ferramenta,Protocolos,biblioteca,complementar,2
Escala BPS,ferramenta,SAE/NANDA/NIC/NOC,biblioteca,complementar,2
Escala BPS,ferramenta,Seguranca Paciente,biblioteca,direto,3
Escala BPS,ferramenta,Educacao/Avaliacao,biblioteca,complementar,2
Escala BPS,ferramenta,Saude Mental,biblioteca,direto,3
Escala BPS,ferramenta,Vent. Mecanica,biblioteca,direto,3
Escala BERG (BBS),ferramenta,Dispositivos,biblioteca,complementar,2
Escala BERG (BBS),ferramenta,Sinais Vitais,biblioteca,complementar,2
Escala BERG (BBS),ferramenta,Anatomia/Fisiol.,biblioteca,direto,3
Escala BERG (BBS),ferramenta,Doencas,biblioteca,complementar,2
Escala BERG (BBS),ferramenta,Protocolos,biblioteca,complementar,2
Escala BERG (BBS),ferramenta,SAE/NANDA/NIC/NOC,biblioteca,direto,3
Escala BERG (BBS),ferramenta,Seguranca Paciente,biblioteca,direto,3
Escala BERG (BBS),ferramenta,Educacao/Avaliacao,biblioteca,complementar,2
Escala BERG (BBS),ferramenta,Geriatria,biblioteca,direto,3
Indice de Bishop,ferramenta,Medicamentos,biblioteca,complementar,2
Indice de Bishop,ferramenta,Sinais Vitais,biblioteca,direto,3
Indice de Bishop,ferramenta,Anatomia/Fisiol.,biblioteca,direto,3
Indice de Bishop,ferramenta,Doencas,biblioteca,complementar,2
Indice de Bishop,ferramenta,Protocolos,biblioteca,direto,3
Indice de Bishop,ferramenta,SAE/NANDA/NIC/NOC,biblioteca,direto,3
Indice de Bishop,ferramenta,Seguranca Paciente,biblioteca,complementar,2
Indice de Bishop,ferramenta,Educacao/Avaliacao,biblioteca,complementar,2
Indice de Bishop,ferramenta,Pediatria/Neo.,biblioteca,direto,3
Indice de Bishop,ferramenta,Vent. Mecanica,biblioteca,complementar,2
Escala CAM-ICU,ferramenta,Medicamentos,biblioteca,complementar,2
Escala CAM-ICU,ferramenta,Sinais Vitais,biblioteca,direto,3
Escala CAM-ICU,ferramenta,Anatomia/Fisiol.,biblioteca,direto,3
Escala CAM-ICU,ferramenta,Doencas,biblioteca,direto,3
Escala CAM-ICU,ferramenta,Protocolos,biblioteca,complementar,2
Escala CAM-ICU,ferramenta,SAE/NANDA/NIC/NOC,biblioteca,direto,3
Escala CAM-ICU,ferramenta,Seguranca Paciente,biblioteca,direto,3
Escala CAM-ICU,ferramenta,Educacao/Avaliacao,biblioteca,complementar,2
Escala CAM-ICU,ferramenta,Pediatria/Neo.,biblioteca,complementar,2
Escala CAM-ICU,ferramenta,Vent. Mecanica,biblioteca,direto,3
Escala de Cincinnati,ferramenta,Sinais Vitais,biblioteca,direto,3
Escala de Cincinnati,ferramenta,Exames Lab.,biblioteca,complementar,2
Escala de Cincinnati,ferramenta,Anatomia/Fisiol.,biblioteca,direto,3
Escala de Cincinnati,ferramenta,Doencas,biblioteca,direto,3
Escala de Cincinnati,ferramenta,Protocolos,biblioteca,direto,3
Escala de Cincinnati,ferramenta,SAE/NANDA/NIC/NOC,biblioteca,direto,3
Escala de Cincinnati,ferramenta,Seguranca Paciente,biblioteca,direto,3
Escala de Cincinnati,ferramenta,Educacao/Avaliacao,biblioteca,complementar,2
Escala de Cincinnati,ferramenta,Vent. Mecanica,biblioteca,complementar,2
COPSOQ II,ferramenta,Anatomia/Fisiol.,biblioteca,complementar,2
COPSOQ II,ferramenta,Doencas,biblioteca,complementar,2
COPSOQ II,ferramenta,Protocolos,biblioteca,complementar,2
COPSOQ II,ferramenta,SAE/NANDA/NIC/NOC,biblioteca,complementar,2
COPSOQ II,ferramenta,Seguranca Paciente,biblioteca,direto,3
COPSOQ II,ferramenta,Legislacao/CLT,biblioteca,direto,3
COPSOQ II,ferramenta,Educacao/Avaliacao,biblioteca,direto,3
COPSOQ II,ferramenta,Saude Mental,biblioteca,direto,3
COPSOQ III,ferramenta,Anatomia/Fisiol.,biblioteca,complementar,2
COPSOQ III,ferramenta,Doencas,biblioteca,complementar,2
COPSOQ III,ferramenta,Protocolos,biblioteca,complementar,2
COPSOQ III,ferramenta,SAE/NANDA/NIC/NOC,biblioteca,complementar,2
COPSOQ III,ferramenta,Seguranca Paciente,biblioteca,direto,3
COPSOQ III,ferramenta,Legislacao/CLT,biblioteca,direto,3
COPSOQ III,ferramenta,Educacao/Avaliacao,biblioteca,direto,3
COPSOQ III,ferramenta,Saude Mental,biblioteca,direto,3
Escala de Cornell,ferramenta,Medicamentos,biblioteca,complementar,2
Escala de Cornell,ferramenta,Anatomia/Fisiol.,biblioteca,complementar,2
Escala de Cornell,ferramenta,Doencas,biblioteca,direto,3
Escala de Cornell,ferramenta,Protocolos,biblioteca,complementar,2
Escala de Cornell,ferramenta,SAE/NANDA/NIC/NOC,biblioteca,complementar,2
Escala de Cornell,ferramenta,Seguranca Paciente,biblioteca,complementar,2
Escala de Cornell,ferramenta,Educacao/Avaliacao,biblioteca,complementar,2
Escala de Cornell,ferramenta,Geriatria,biblioteca,direto,3
Escala de Cornell,ferramenta,Pediatria/Neo.,biblioteca,direto,3
Escala de CRIES,ferramenta,Medicamentos,biblioteca,complementar,2
Escala de CRIES,ferramenta,Sinais Vitais,biblioteca,direto,3
Escala de CRIES,ferramenta,Anatomia/Fisiol.,biblioteca,direto,3
Escala de CRIES,ferramenta,Doencas,biblioteca,complementar,2
Escala de CRIES,ferramenta,Protocolos,biblioteca,complementar,2
Escala de CRIES,ferramenta,SAE/NANDA/NIC/NOC,biblioteca,complementar,2
Escala de CRIES,ferramenta,Seguranca Paciente,biblioteca,complementar,2
Escala de CRIES,ferramenta,Educacao/Avaliacao,biblioteca,complementar,2
Escala de CRIES,ferramenta,Pediatria/Neo.,biblioteca,direto,3
Escala de CRIES,ferramenta,Vent. Mecanica,biblioteca,complementar,2
Escala CURB-65,ferramenta,Medicamentos,biblioteca,direto,3
Escala CURB-65,ferramenta,Sinais Vitais,biblioteca,direto,3
Escala CURB-65,ferramenta,Exames Lab.,biblioteca,direto,3
Escala CURB-65,ferramenta,Anatomia/Fisiol.,biblioteca,direto,3
Escala CURB-65,ferramenta,Doencas,biblioteca,direto,3
Escala CURB-65,ferramenta,Protocolos,biblioteca,direto,3
Escala CURB-65,ferramenta,SAE/NANDA/NIC/NOC,biblioteca,complementar,2
Escala CURB-65,ferramenta,Seguranca Paciente,biblioteca,direto,3
Escala CURB-65,ferramenta,Educacao/Avaliacao,biblioteca,complementar,2
Escala CURB-65,ferramenta,Vent. Mecanica,biblioteca,complementar,2
Escala de Downton,ferramenta,Medicamentos,biblioteca,complementar,2
Escala de Downton,ferramenta,Dispositivos,biblioteca,complementar,2
Escala de Downton,ferramenta,Sinais Vitais,biblioteca,complementar,2
Escala de Downton,ferramenta,Anatomia/Fisiol.,biblioteca,direto,3
Escala de Downton,ferramenta,Doencas,biblioteca,complementar,2
Escala de Downton,ferramenta,Protocolos,biblioteca,complementar,2
Escala de Downton,ferramenta,SAE/NANDA/NIC/NOC,biblioteca,direto,3
Escala de Downton,ferramenta,Seguranca Paciente,biblioteca,direto,3
Escala de Downton,ferramenta,Educacao/Avaliacao,biblioteca,complementar,2
Escala de Downton,ferramenta,Geriatria,biblioteca,direto,3
Escala ELPO,ferramenta,Dispositivos,biblioteca,complementar,2
Escala ELPO,ferramenta,Feridas,biblioteca,direto,3
Escala ELPO,ferramenta,Curativos,biblioteca,direto,3
Escala ELPO,ferramenta,Sinais Vitais,biblioteca,complementar,2
Escala ELPO,ferramenta,Anatomia/Fisiol.,biblioteca,direto,3
Escala ELPO,ferramenta,Doencas,biblioteca,complementar,2
Escala ELPO,ferramenta,Protocolos,biblioteca,direto,3
Escala ELPO,ferramenta,SAE/NANDA/NIC/NOC,biblioteca,direto,3
Escala ELPO,ferramenta,Seguranca Paciente,biblioteca,direto,3
Escala ELPO,ferramenta,Educacao/Avaliacao,biblioteca,complementar,2
Escala ELPO,ferramenta,Bloco Operat.,biblioteca,direto,3
Escala ELPO,ferramenta,Vent. Mecanica,biblioteca,complementar,2
Escala FAST,ferramenta,Sinais Vitais,biblioteca,direto,3
Escala FAST,ferramenta,Anatomia/Fisiol.,biblioteca,direto,3
Escala FAST,ferramenta,Doencas,biblioteca,direto,3
Escala FAST,ferramenta,Protocolos,biblioteca,direto,3
Escala FAST,ferramenta,SAE/NANDA/NIC/NOC,biblioteca,complementar,2
Escala FAST,ferramenta,Seguranca Paciente,biblioteca,direto,3
Escala FAST,ferramenta,Educacao/Avaliacao,biblioteca,complementar,2
Escala FAST,ferramenta,Vent. Mecanica,biblioteca,complementar,2
Escala FLACC,ferramenta,Medicamentos,biblioteca,complementar,2
Escala FLACC,ferramenta,Sinais Vitais,biblioteca,direto,3
Escala FLACC,ferramenta,Anatomia/Fisiol.,biblioteca,direto,3
Escala FLACC,ferramenta,Doencas,biblioteca,complementar,2
Escala FLACC,ferramenta,Protocolos,biblioteca,complementar,2
Escala FLACC,ferramenta,SAE/NANDA/NIC/NOC,biblioteca,complementar,2
Escala FLACC,ferramenta,Seguranca Paciente,biblioteca,complementar,2
Escala FLACC,ferramenta,Educacao/Avaliacao,biblioteca,complementar,2
Escala FLACC,ferramenta,Pediatria/Neo.,biblioteca,direto,3
Escala FLACC,ferramenta,Vent. Mecanica,biblioteca,complementar,2
Escala FOUR,ferramenta,Sinais Vitais,biblioteca,direto,3
Escala FOUR,ferramenta,Exames Lab.,biblioteca,complementar,2
Escala FOUR,ferramenta,Anatomia/Fisiol.,biblioteca,direto,3
Escala FOUR,ferramenta,Doencas,biblioteca,direto,3
Escala FOUR,ferramenta,Protocolos,biblioteca,complementar,2
Escala FOUR,ferramenta,SAE/NANDA/NIC/NOC,biblioteca,direto,3
Escala FOUR,ferramenta,Seguranca Paciente,biblioteca,direto,3
Escala FOUR,ferramenta,Educacao/Avaliacao,biblioteca,complementar,2
Escala FOUR,ferramenta,Saude Mental,biblioteca,direto,3
Escala FOUR,ferramenta,Vent. Mecanica,biblioteca,direto,3
Escala Fugulin (SCP),ferramenta,Medicamentos,biblioteca,complementar,2
Escala Fugulin (SCP),ferramenta,Dispositivos,biblioteca,complementar,2
Escala Fugulin (SCP),ferramenta,Feridas,biblioteca,complementar,2
Escala Fugulin (SCP),ferramenta,Curativos,biblioteca,complementar,2
Escala Fugulin (SCP),ferramenta,Sinais Vitais,biblioteca,direto,3
Escala Fugulin (SCP),ferramenta,Anatomia/Fisiol.,biblioteca,direto,3
Escala Fugulin (SCP),ferramenta,Doencas,biblioteca,complementar,2
Escala Fugulin (SCP),ferramenta,Protocolos,biblioteca,direto,3
Escala Fugulin (SCP),ferramenta,SAE/NANDA/NIC/NOC,biblioteca,direto,3
Escala Fugulin (SCP),ferramenta,Seguranca Paciente,biblioteca,direto,3
Escala Fugulin (SCP),ferramenta,Legislacao/CLT,biblioteca,direto,3
Escala Fugulin (SCP),ferramenta,Educacao/Avaliacao,biblioteca,complementar,2
Escala Fugulin (SCP),ferramenta,Bloco Operat.,biblioteca,complementar,2
Escala Fugulin (SCP),ferramenta,Vent. Mecanica,biblioteca,complementar,2
Escala GDS,ferramenta,Medicamentos,biblioteca,complementar,2
Escala GDS,ferramenta,Anatomia/Fisiol.,biblioteca,direto,3
Escala GDS,ferramenta,Doencas,biblioteca,complementar,2
Escala GDS,ferramenta,Protocolos,biblioteca,complementar,2
Escala GDS,ferramenta,SAE/NANDA/NIC/NOC,biblioteca,direto,3
Escala GDS,ferramenta,Seguranca Paciente,biblioteca,complementar,2
Escala GDS,ferramenta,Educacao/Avaliacao,biblioteca,complementar,2
Escala GDS,ferramenta,Geriatria,biblioteca,direto,3
Escala GDS,ferramenta,Pediatria/Neo.,biblioteca,direto,3
Escala de Gosnell,ferramenta,Feridas,biblioteca,direto,3
Escala de Gosnell,ferramenta,Curativos,biblioteca,direto,3
Escala de Gosnell,ferramenta,Sinais Vitais,biblioteca,complementar,2
Escala de Gosnell,ferramenta,Anatomia/Fisiol.,biblioteca,direto,3
Escala de Gosnell,ferramenta,Doencas,biblioteca,complementar,2
Escala de Gosnell,ferramenta,Protocolos,biblioteca,direto,3
Escala de Gosnell,ferramenta,SAE/NANDA/NIC/NOC,biblioteca,direto,3
Escala de Gosnell,ferramenta,Seguranca Paciente,biblioteca,direto,3
Escala de Gosnell,ferramenta,Educacao/Avaliacao,biblioteca,complementar,2
Escala de Gosnell,ferramenta,Vent. Mecanica,biblioteca,complementar,2
Escala Hamilton,ferramenta,Medicamentos,biblioteca,direto,3
Escala Hamilton,ferramenta,Anatomia/Fisiol.,biblioteca,direto,3
Escala Hamilton,ferramenta,Doencas,biblioteca,direto,3
Escala Hamilton,ferramenta,Protocolos,biblioteca,complementar,2
Escala Hamilton,ferramenta,SAE/NANDA/NIC/NOC,biblioteca,complementar,2
Escala Hamilton,ferramenta,Seguranca Paciente,biblioteca,complementar,2
Escala Hamilton,ferramenta,Educacao/Avaliacao,biblioteca,complementar,2
Escala Hamilton,ferramenta,Pediatria/Neo.,biblioteca,direto,3
Escala Hendrich II,ferramenta,Medicamentos,biblioteca,complementar,2
Escala Hendrich II,ferramenta,Dispositivos,biblioteca,complementar,2
Escala Hendrich II,ferramenta,Sinais Vitais,biblioteca,complementar,2
Escala Hendrich II,ferramenta,Anatomia/Fisiol.,biblioteca,direto,3
Escala Hendrich II,ferramenta,Doencas,biblioteca,complementar,2
Escala Hendrich II,ferramenta,Protocolos,biblioteca,complementar,2
Escala Hendrich II,ferramenta,SAE/NANDA/NIC/NOC,biblioteca,direto,3
Escala Hendrich II,ferramenta,Seguranca Paciente,biblioteca,direto,3
Escala Hendrich II,ferramenta,Educacao/Avaliacao,biblioteca,complementar,2
Escala Hendrich II,ferramenta,Geriatria,biblioteca,complementar,2
Escala Humpty-Dumpty,ferramenta,Medicamentos,biblioteca,complementar,2
Escala Humpty-Dumpty,ferramenta,Sinais Vitais,biblioteca,complementar,2
Escala Humpty-Dumpty,ferramenta,Anatomia/Fisiol.,biblioteca,direto,3
Escala Humpty-Dumpty,ferramenta,Doencas,biblioteca,complementar,2
Escala Humpty-Dumpty,ferramenta,Protocolos,biblioteca,complementar,2
Escala Humpty-Dumpty,ferramenta,SAE/NANDA/NIC/NOC,biblioteca,direto,3
Escala Humpty-Dumpty,ferramenta,Seguranca Paciente,biblioteca,direto,3
Escala Humpty-Dumpty,ferramenta,Educacao/Avaliacao,biblioteca,complementar,2
Escala Humpty-Dumpty,ferramenta,Pediatria/Neo.,biblioteca,direto,3
Escala de Johns,ferramenta,Dispositivos,biblioteca,complementar,2
Escala de Johns,ferramenta,Sinais Vitais,biblioteca,complementar,2
Escala de Johns,ferramenta,Anatomia/Fisiol.,biblioteca,direto,3
Escala de Johns,ferramenta,Doencas,biblioteca,complementar,2
Escala de Johns,ferramenta,Protocolos,biblioteca,complementar,2
Escala de Johns,ferramenta,SAE/NANDA/NIC/NOC,biblioteca,direto,3
Escala de Johns,ferramenta,Seguranca Paciente,biblioteca,direto,3
Escala de Johns,ferramenta,Educacao/Avaliacao,biblioteca,complementar,2
Escala de Johns,ferramenta,Geriatria,biblioteca,complementar,2
Escala de Jouvet,ferramenta,Sinais Vitais,biblioteca,direto,3
Escala de Jouvet,ferramenta,Exames Lab.,biblioteca,complementar,2
Escala de Jouvet,ferramenta,Anatomia/Fisiol.,biblioteca,direto,3
Escala de Jouvet,ferramenta,Doencas,biblioteca,direto,3
Escala de Jouvet,ferramenta,Protocolos,biblioteca,complementar,2
Escala de Jouvet,ferramenta,SAE/NANDA/NIC/NOC,biblioteca,direto,3
Escala de Jouvet,ferramenta,Seguranca Paciente,biblioteca,direto,3
Escala de Jouvet,ferramenta,Educacao/Avaliacao,biblioteca,complementar,2
Escala de Jouvet,ferramenta,Pediatria/Neo.,biblioteca,complementar,2
Escala de Jouvet,ferramenta,Vent. Mecanica,biblioteca,direto,3
Escala de Katz,ferramenta,Dispositivos,biblioteca,complementar,2
Escala de Katz,ferramenta,Sinais Vitais,biblioteca,complementar,2
Escala de Katz,ferramenta,Anatomia/Fisiol.,biblioteca,direto,3
Escala de Katz,ferramenta,Doencas,biblioteca,complementar,2
Escala de Katz,ferramenta,Protocolos,biblioteca,complementar,2
Escala de Katz,ferramenta,SAE/NANDA/NIC/NOC,biblioteca,direto,3
Escala de Katz,ferramenta,Seguranca Paciente,biblioteca,direto,3
Escala de Katz,ferramenta,Educacao/Avaliacao,biblioteca,complementar,2
Escala de Katz,ferramenta,Geriatria,biblioteca,direto,3
Escala de Lachs,ferramenta,Medicamentos,biblioteca,complementar,2
Escala de Lachs,ferramenta,Sinais Vitais,biblioteca,complementar,2
Escala de Lachs,ferramenta,Anatomia/Fisiol.,biblioteca,direto,3
Escala de Lachs,ferramenta,Doencas,biblioteca,complementar,2
Escala de Lachs,ferramenta,Protocolos,biblioteca,complementar,2
Escala de Lachs,ferramenta,SAE/NANDA/NIC/NOC,biblioteca,direto,3
Escala de Lachs,ferramenta,Seguranca Paciente,biblioteca,complementar,2
Escala de Lachs,ferramenta,Educacao/Avaliacao,biblioteca,complementar,2
Escala de Lachs,ferramenta,Geriatria,biblioteca,direto,3
Escala LANSS,ferramenta,Medicamentos,biblioteca,direto,3
Escala LANSS,ferramenta,Sinais Vitais,biblioteca,complementar,2
Escala LANSS,ferramenta,Anatomia/Fisiol.,biblioteca,direto,3
Escala LANSS,ferramenta,Doencas,biblioteca,direto,3
Escala LANSS,ferramenta,Protocolos,biblioteca,complementar,2
Escala LANSS,ferramenta,SAE/NANDA/NIC/NOC,biblioteca,complementar,2
Escala LANSS,ferramenta,Seguranca Paciente,biblioteca,complementar,2
Escala LANSS,ferramenta,Educacao/Avaliacao,biblioteca,complementar,2
Escala Lawton,ferramenta,Dispositivos,biblioteca,complementar,2
Escala Lawton,ferramenta,Sinais Vitais,biblioteca,complementar,2
Escala Lawton,ferramenta,Anatomia/Fisiol.,biblioteca,direto,3
Escala Lawton,ferramenta,Doencas,biblioteca,complementar,2
Escala Lawton,ferramenta,Protocolos,biblioteca,complementar,2
Escala Lawton,ferramenta,SAE/NANDA/NIC/NOC,biblioteca,direto,3
Escala Lawton,ferramenta,Seguranca Paciente,biblioteca,complementar,2
Escala Lawton,ferramenta,Educacao/Avaliacao,biblioteca,complementar,2
Escala Lawton,ferramenta,Geriatria,biblioteca,direto,3
Escala Manchester,ferramenta,Sinais Vitais,biblioteca,direto,3
Escala Manchester,ferramenta,Exames Lab.,biblioteca,complementar,2
Escala Manchester,ferramenta,Anatomia/Fisiol.,biblioteca,direto,3
Escala Manchester,ferramenta,Doencas,biblioteca,direto,3
Escala Manchester,ferramenta,Protocolos,biblioteca,direto,3
Escala Manchester,ferramenta,SAE/NANDA/NIC/NOC,biblioteca,direto,3
Escala Manchester,ferramenta,Seguranca Paciente,biblioteca,direto,3
Escala Manchester,ferramenta,Educacao/Avaliacao,biblioteca,complementar,2
Escala Manchester,ferramenta,Vent. Mecanica,biblioteca,direto,3
Escala MEEM,ferramenta,Sinais Vitais,biblioteca,complementar,2
Escala MEEM,ferramenta,Anatomia/Fisiol.,biblioteca,direto,3
Escala MEEM,ferramenta,Doencas,biblioteca,complementar,2
Escala MEEM,ferramenta,Protocolos,biblioteca,complementar,2
Escala MEEM,ferramenta,SAE/NANDA/NIC/NOC,biblioteca,direto,3
Escala MEEM,ferramenta,Seguranca Paciente,biblioteca,complementar,2
Escala MEEM,ferramenta,Educacao/Avaliacao,biblioteca,complementar,2
Escala MEEM,ferramenta,Geriatria,biblioteca,direto,3
Escala MEEM,ferramenta,Pediatria/Neo.,biblioteca,direto,3
Escala MEOWS,ferramenta,Medicamentos,biblioteca,complementar,2
Escala MEOWS,ferramenta,Sinais Vitais,biblioteca,direto,3
Escala MEOWS,ferramenta,Anatomia/Fisiol.,biblioteca,direto,3
Escala MEOWS,ferramenta,Doencas,biblioteca,direto,3
Escala MEOWS,ferramenta,Protocolos,biblioteca,direto,3
Escala MEOWS,ferramenta,SAE/NANDA/NIC/NOC,biblioteca,direto,3
Escala MEOWS,ferramenta,Seguranca Paciente,biblioteca,direto,3
Escala MEOWS,ferramenta,Educacao/Avaliacao,biblioteca,complementar,2
Escala MEOWS,ferramenta,Pediatria/Neo.,biblioteca,direto,3
Escala MEOWS,ferramenta,Vent. Mecanica,biblioteca,complementar,2
Escala MoCA,ferramenta,Sinais Vitais,biblioteca,complementar,2
Escala MoCA,ferramenta,Anatomia/Fisiol.,biblioteca,direto,3
Escala MoCA,ferramenta,Doencas,biblioteca,direto,3
Escala MoCA,ferramenta,Protocolos,biblioteca,complementar,2
Escala MoCA,ferramenta,SAE/NANDA/NIC/NOC,biblioteca,direto,3
Escala MoCA,ferramenta,Seguranca Paciente,biblioteca,complementar,2
Escala MoCA,ferramenta,Educacao/Avaliacao,biblioteca,complementar,2
Escala MoCA,ferramenta,Geriatria,biblioteca,direto,3
Escala MoCA,ferramenta,Pediatria/Neo.,biblioteca,direto,3
Escala NEWS,ferramenta,Sinais Vitais,biblioteca,direto,3
Escala NEWS,ferramenta,Exames Lab.,biblioteca,complementar,2
Escala NEWS,ferramenta,Anatomia/Fisiol.,biblioteca,direto,3
Escala NEWS,ferramenta,Doencas,biblioteca,direto,3
Escala NEWS,ferramenta,Protocolos,biblioteca,direto,3
Escala NEWS,ferramenta,SAE/NANDA/NIC/NOC,biblioteca,direto,3
Escala NEWS,ferramenta,Seguranca Paciente,biblioteca,direto,3
Escala NEWS,ferramenta,Educacao/Avaliacao,biblioteca,complementar,2
Escala NEWS,ferramenta,Vent. Mecanica,biblioteca,direto,3
Escala NIHSS,ferramenta,Sinais Vitais,biblioteca,direto,3
Escala NIHSS,ferramenta,Exames Lab.,biblioteca,complementar,2
Escala NIHSS,ferramenta,Anatomia/Fisiol.,biblioteca,direto,3
Escala NIHSS,ferramenta,Doencas,biblioteca,direto,3
Escala NIHSS,ferramenta,Protocolos,biblioteca,direto,3
Escala NIHSS,ferramenta,SAE/NANDA/NIC/NOC,biblioteca,direto,3
Escala NIHSS,ferramenta,Seguranca Paciente,biblioteca,direto,3
Escala NIHSS,ferramenta,Educacao/Avaliacao,biblioteca,complementar,2
Escala NIHSS,ferramenta,Pediatria/Neo.,biblioteca,complementar,2
Escala NIHSS,ferramenta,Vent. Mecanica,biblioteca,direto,3
Escala NIPS,ferramenta,Medicamentos,biblioteca,complementar,2
Escala NIPS,ferramenta,Sinais Vitais,biblioteca,direto,3
Escala NIPS,ferramenta,Anatomia/Fisiol.,biblioteca,direto,3
Escala NIPS,ferramenta,Doencas,biblioteca,complementar,2
Escala NIPS,ferramenta,Protocolos,biblioteca,complementar,2
Escala NIPS,ferramenta,SAE/NANDA/NIC/NOC,biblioteca,complementar,2
Escala NIPS,ferramenta,Seguranca Paciente,biblioteca,complementar,2
Escala NIPS,ferramenta,Educacao/Avaliacao,biblioteca,complementar,2
Escala NIPS,ferramenta,Pediatria/Neo.,biblioteca,direto,3
Escala NIPS,ferramenta,Vent. Mecanica,biblioteca,complementar,2
Escala Norton,ferramenta,Feridas,biblioteca,direto,3
Escala Norton,ferramenta,Curativos,biblioteca,direto,3
Escala Norton,ferramenta,Sinais Vitais,biblioteca,complementar,2
Escala Norton,ferramenta,Anatomia/Fisiol.,biblioteca,direto,3
Escala Norton,ferramenta,Doencas,biblioteca,complementar,2
Escala Norton,ferramenta,Protocolos,biblioteca,direto,3
Escala Norton,ferramenta,SAE/NANDA/NIC/NOC,biblioteca,direto,3
Escala Norton,ferramenta,Seguranca Paciente,biblioteca,direto,3
Escala Norton,ferramenta,Educacao/Avaliacao,biblioteca,complementar,2
Escala Norton,ferramenta,Vent. Mecanica,biblioteca,complementar,2
Escala Numerica Dor,ferramenta,Medicamentos,biblioteca,complementar,2
Escala Numerica Dor,ferramenta,Feridas,biblioteca,complementar,2
Escala Numerica Dor,ferramenta,Curativos,biblioteca,complementar,2
Escala Numerica Dor,ferramenta,Sinais Vitais,biblioteca,direto,3
Escala Numerica Dor,ferramenta,Anatomia/Fisiol.,biblioteca,direto,3
Escala Numerica Dor,ferramenta,Doencas,biblioteca,direto,3
Escala Numerica Dor,ferramenta,Protocolos,biblioteca,direto,3
Escala Numerica Dor,ferramenta,SAE/NANDA/NIC/NOC,biblioteca,direto,3
Escala Numerica Dor,ferramenta,Seguranca Paciente,biblioteca,direto,3
Escala Numerica Dor,ferramenta,Educacao/Avaliacao,biblioteca,complementar,2
Escala Numerica Dor,ferramenta,Geriatria,biblioteca,complementar,2
Escala Numerica Dor,ferramenta,Pediatria/Neo.,biblioteca,complementar,2
Escala Numerica Dor,ferramenta,Vent. Mecanica,biblioteca,complementar,2
Escala OFRAS,ferramenta,Sinais Vitais,biblioteca,complementar,2
Escala OFRAS,ferramenta,Anatomia/Fisiol.,biblioteca,direto,3
Escala OFRAS,ferramenta,Doencas,biblioteca,complementar,2
Escala OFRAS,ferramenta,Protocolos,biblioteca,complementar,2
Escala OFRAS,ferramenta,SAE/NANDA/NIC/NOC,biblioteca,direto,3
Escala OFRAS,ferramenta,Seguranca Paciente,biblioteca,direto,3
Escala OFRAS,ferramenta,Educacao/Avaliacao,biblioteca,complementar,2
Escala OFRAS,ferramenta,Pediatria/Neo.,biblioteca,direto,3
Escala PAINAD,ferramenta,Medicamentos,biblioteca,complementar,2
Escala PAINAD,ferramenta,Feridas,biblioteca,complementar,2
Escala PAINAD,ferramenta,Curativos,biblioteca,complementar,2
Escala PAINAD,ferramenta,Sinais Vitais,biblioteca,complementar,2
Escala PAINAD,ferramenta,Anatomia/Fisiol.,biblioteca,direto,3
Escala PAINAD,ferramenta,Doencas,biblioteca,direto,3
Escala PAINAD,ferramenta,Protocolos,biblioteca,complementar,2
Escala PAINAD,ferramenta,SAE/NANDA/NIC/NOC,biblioteca,complementar,2
Escala PAINAD,ferramenta,Seguranca Paciente,biblioteca,complementar,2
Escala PAINAD,ferramenta,Educacao/Avaliacao,biblioteca,complementar,2
Escala PAINAD,ferramenta,Geriatria,biblioteca,direto,3
Escala PAINAD,ferramenta,Pediatria/Neo.,biblioteca,direto,3
Escala PELOD,ferramenta,Medicamentos,biblioteca,direto,3
Escala PELOD,ferramenta,Dispositivos,biblioteca,complementar,2
Escala PELOD,ferramenta,Sinais Vitais,biblioteca,direto,3
Escala PELOD,ferramenta,Exames Lab.,biblioteca,direto,3
Escala PELOD,ferramenta,Anatomia/Fisiol.,biblioteca,direto,3
Escala PELOD,ferramenta,Doencas,biblioteca,direto,3
Escala PELOD,ferramenta,Protocolos,biblioteca,direto,3
Escala PELOD,ferramenta,SAE/NANDA/NIC/NOC,biblioteca,direto,3
Escala PELOD,ferramenta,Seguranca Paciente,biblioteca,direto,3
Escala PELOD,ferramenta,Educacao/Avaliacao,biblioteca,complementar,2
Escala PELOD,ferramenta,Pediatria/Neo.,biblioteca,direto,3
Escala PELOD,ferramenta,Vent. Mecanica,biblioteca,direto,3
Escala PEWS,ferramenta,Medicamentos,biblioteca,complementar,2
Escala PEWS,ferramenta,Sinais Vitais,biblioteca,direto,3
Escala PEWS,ferramenta,Exames Lab.,biblioteca,complementar,2
Escala PEWS,ferramenta,Anatomia/Fisiol.,biblioteca,direto,3
Escala PEWS,ferramenta,Doencas,biblioteca,direto,3
Escala PEWS,ferramenta,Protocolos,biblioteca,direto,3
Escala PEWS,ferramenta,SAE/NANDA/NIC/NOC,biblioteca,direto,3
Escala PEWS,ferramenta,Seguranca Paciente,biblioteca,direto,3
Escala PEWS,ferramenta,Educacao/Avaliacao,biblioteca,complementar,2
Escala PEWS,ferramenta,Geriatria,biblioteca,direto,3
Escala PEWS,ferramenta,Vent. Mecanica,biblioteca,direto,3
Classif. Perroca (SCP),ferramenta,Medicamentos,biblioteca,complementar,2
Classif. Perroca (SCP),ferramenta,Dispositivos,biblioteca,complementar,2
Classif. Perroca (SCP),ferramenta,Feridas,biblioteca,complementar,2
Classif. Perroca (SCP),ferramenta,Curativos,biblioteca,complementar,2
Classif. Perroca (SCP),ferramenta,Sinais Vitais,biblioteca,direto,3
Classif. Perroca (SCP),ferramenta,Anatomia/Fisiol.,biblioteca,direto,3
Classif. Perroca (SCP),ferramenta,Doencas,biblioteca,complementar,2
Classif. Perroca (SCP),ferramenta,Protocolos,biblioteca,direto,3
Classif. Perroca (SCP),ferramenta,SAE/NANDA/NIC/NOC,biblioteca,direto,3
Classif. Perroca (SCP),ferramenta,Seguranca Paciente,biblioteca,direto,3
Classif. Perroca (SCP),ferramenta,Legislacao/CLT,biblioteca,direto,3
Classif. Perroca (SCP),ferramenta,Educacao/Avaliacao,biblioteca,complementar,2
Classif. Perroca (SCP),ferramenta,Bloco Operat.,biblioteca,complementar,2
Classif. Perroca (SCP),ferramenta,Vent. Mecanica,biblioteca,complementar,2
Escala PRISM,ferramenta,Medicamentos,biblioteca,direto,3
Escala PRISM,ferramenta,Dispositivos,biblioteca,complementar,2
Escala PRISM,ferramenta,Sinais Vitais,biblioteca,direto,3
Escala PRISM,ferramenta,Exames Lab.,biblioteca,direto,3
Escala PRISM,ferramenta,Anatomia/Fisiol.,biblioteca,direto,3
Escala PRISM,ferramenta,Doencas,biblioteca,direto,3
Escala PRISM,ferramenta,Protocolos,biblioteca,direto,3
Escala PRISM,ferramenta,SAE/NANDA/NIC/NOC,biblioteca,direto,3
Escala PRISM,ferramenta,Seguranca Paciente,biblioteca,direto,3
Escala PRISM,ferramenta,Educacao/Avaliacao,biblioteca,complementar,2
Escala PRISM,ferramenta,Pediatria/Neo.,biblioteca,direto,3
Escala PRISM,ferramenta,Vent. Mecanica,biblioteca,direto,3
Escala qSOFA,ferramenta,Medicamentos,biblioteca,direto,3
Escala qSOFA,ferramenta,Sinais Vitais,biblioteca,direto,3
Escala qSOFA,ferramenta,Exames Lab.,biblioteca,complementar,2
Escala qSOFA,ferramenta,Anatomia/Fisiol.,biblioteca,direto,3
Escala qSOFA,ferramenta,Doencas,biblioteca,direto,3
Escala qSOFA,ferramenta,Protocolos,biblioteca,direto,3
Escala qSOFA,ferramenta,SAE/NANDA/NIC/NOC,biblioteca,direto,3
Escala qSOFA,ferramenta,Seguranca Paciente,biblioteca,direto,3
Escala qSOFA,ferramenta,Educacao/Avaliacao,biblioteca,complementar,2
Escala qSOFA,ferramenta,Vent. Mecanica,biblioteca,direto,3
Escala Ramsay,ferramenta,Medicamentos,biblioteca,direto,3
Escala Ramsay,ferramenta,Sinais Vitais,biblioteca,direto,3
Escala Ramsay,ferramenta,Anatomia/Fisiol.,biblioteca,direto,3
Escala Ramsay,ferramenta,Doencas,biblioteca,complementar,2
Escala Ramsay,ferramenta,Protocolos,biblioteca,complementar,2
Escala Ramsay,ferramenta,SAE/NANDA/NIC/NOC,biblioteca,direto,3
Escala Ramsay,ferramenta,Seguranca Paciente,biblioteca,direto,3
Escala Ramsay,ferramenta,Educacao/Avaliacao,biblioteca,complementar,2
Escala Ramsay,ferramenta,Pediatria/Neo.,biblioteca,complementar,2
Escala Ramsay,ferramenta,Saude Mental,biblioteca,direto,3
Escala Ramsay,ferramenta,Vent. Mecanica,biblioteca,direto,3
Rancho Los Amigos,ferramenta,Sinais Vitais,biblioteca,complementar,2
Rancho Los Amigos,ferramenta,Anatomia/Fisiol.,biblioteca,direto,3
Rancho Los Amigos,ferramenta,Doencas,biblioteca,direto,3
Rancho Los Amigos,ferramenta,Protocolos,biblioteca,complementar,2
Rancho Los Amigos,ferramenta,SAE/NANDA/NIC/NOC,biblioteca,direto,3
Rancho Los Amigos,ferramenta,Seguranca Paciente,biblioteca,complementar,2
Rancho Los Amigos,ferramenta,Educacao/Avaliacao,biblioteca,complementar,2
Rancho Los Amigos,ferramenta,Pediatria/Neo.,biblioteca,direto,3
Rancho Los Amigos,ferramenta,Vent. Mecanica,biblioteca,complementar,2
Escala Richmond (RASS),ferramenta,Medicamentos,biblioteca,direto,3
Escala Richmond (RASS),ferramenta,Sinais Vitais,biblioteca,direto,3
Escala Richmond (RASS),ferramenta,Anatomia/Fisiol.,biblioteca,direto,3
Escala Richmond (RASS),ferramenta,Doencas,biblioteca,complementar,2
Escala Richmond (RASS),ferramenta,Protocolos,biblioteca,complementar,2
Escala Richmond (RASS),ferramenta,SAE/NANDA/NIC/NOC,biblioteca,direto,3
Escala Richmond (RASS),ferramenta,Seguranca Paciente,biblioteca,direto,3
Escala Richmond (RASS),ferramenta,Educacao/Avaliacao,biblioteca,complementar,2
Escala Richmond (RASS),ferramenta,Pediatria/Neo.,biblioteca,complementar,2
Escala Richmond (RASS),ferramenta,Saude Mental,biblioteca,direto,3
Escala Richmond (RASS),ferramenta,Vent. Mecanica,biblioteca,direto,3
Escala SAPS III,ferramenta,Medicamentos,biblioteca,direto,3
Escala SAPS III,ferramenta,Dispositivos,biblioteca,complementar,2
Escala SAPS III,ferramenta,Sinais Vitais,biblioteca,direto,3
Escala SAPS III,ferramenta,Exames Lab.,biblioteca,direto,3
Escala SAPS III,ferramenta,Anatomia/Fisiol.,biblioteca,direto,3
Escala SAPS III,ferramenta,Doencas,biblioteca,direto,3
Escala SAPS III,ferramenta,Protocolos,biblioteca,direto,3
Escala SAPS III,ferramenta,SAE/NANDA/NIC/NOC,biblioteca,direto,3
Escala SAPS III,ferramenta,Seguranca Paciente,biblioteca,direto,3
Escala SAPS III,ferramenta,Educacao/Avaliacao,biblioteca,complementar,2
Escala SAPS III,ferramenta,Vent. Mecanica,biblioteca,direto,3
Silverman Anderson,ferramenta,Sinais Vitais,biblioteca,direto,3
Silverman Anderson,ferramenta,Anatomia/Fisiol.,biblioteca,direto,3
Silverman Anderson,ferramenta,Doencas,biblioteca,complementar,2
Silverman Anderson,ferramenta,Protocolos,biblioteca,complementar,2
Silverman Anderson,ferramenta,SAE/NANDA/NIC/NOC,biblioteca,direto,3
Silverman Anderson,ferramenta,Seguranca Paciente,biblioteca,complementar,2
Silverman Anderson,ferramenta,Educacao/Avaliacao,biblioteca,complementar,2
Silverman Anderson,ferramenta,Pediatria/Neo.,biblioteca,direto,3
Silverman Anderson,ferramenta,Vent. Mecanica,biblioteca,complementar,2
Escala Tinetti (POMA),ferramenta,Medicamentos,biblioteca,complementar,2
Escala Tinetti (POMA),ferramenta,Dispositivos,biblioteca,complementar,2
Escala Tinetti (POMA),ferramenta,Sinais Vitais,biblioteca,complementar,2
Escala Tinetti (POMA),ferramenta,Anatomia/Fisiol.,biblioteca,direto,3
Escala Tinetti (POMA),ferramenta,Doencas,biblioteca,complementar,2
Escala Tinetti (POMA),ferramenta,Protocolos,biblioteca,complementar,2
Escala Tinetti (POMA),ferramenta,SAE/NANDA/NIC/NOC,biblioteca,direto,3
Escala Tinetti (POMA),ferramenta,Seguranca Paciente,biblioteca,direto,3
Escala Tinetti (POMA),ferramenta,Educacao/Avaliacao,biblioteca,complementar,2
Escala Tinetti (POMA),ferramenta,Geriatria,biblioteca,direto,3
Escala Wood Downes,ferramenta,Sinais Vitais,biblioteca,direto,3
Escala Wood Downes,ferramenta,Anatomia/Fisiol.,biblioteca,direto,3
Escala Wood Downes,ferramenta,Doencas,biblioteca,complementar,2
Escala Wood Downes,ferramenta,Protocolos,biblioteca,complementar,2
Escala Wood Downes,ferramenta,SAE/NANDA/NIC/NOC,biblioteca,direto,3
Escala Wood Downes,ferramenta,Seguranca Paciente,biblioteca,complementar,2
Escala Wood Downes,ferramenta,Educacao/Avaliacao,biblioteca,complementar,2
Escala Wood Downes,ferramenta,Pediatria/Neo.,biblioteca,direto,3
Escala Wood Downes,ferramenta,Vent. Mecanica,biblioteca,complementar,2
Escala Zarit,ferramenta,Medicamentos,biblioteca,complementar,2
Escala Zarit,ferramenta,Anatomia/Fisiol.,biblioteca,complementar,2
Escala Zarit,ferramenta,Doencas,biblioteca,direto,3
Escala Zarit,ferramenta,Protocolos,biblioteca,complementar,2
Escala Zarit,ferramenta,SAE/NANDA/NIC/NOC,biblioteca,direto,3
Escala Zarit,ferramenta,Seguranca Paciente,biblioteca,complementar,2
Escala Zarit,ferramenta,Educacao/Avaliacao,biblioteca,complementar,2
Escala Zarit,ferramenta,Geriatria,biblioteca,direto,3
Escala Zarit,ferramenta,Pediatria/Neo.,biblioteca,direto,3
Insulina U-100,medicamento,seringa-insulina-1ml,dispositivo,preferencial,3
Insulina U-100,medicamento,seringa-3ml-luerlock,dispositivo,evitar,1
Insulina U-100,medicamento,seringa-5ml-luerlock,dispositivo,evitar,1
Irrigação/enteral (grande volume),medicamento,seringa-60ml-irrigation,dispositivo,preferencial,3
assepsia,objeto,antissepsia,objeto,relacionado,2
assepsia,objeto,esterilizacao,objeto,relacionado,2
assepsia,objeto,desinfeccao,objeto,relacionado,2
assepsia,objeto,puncao-venosa,objeto,relacionado,2
assepsia,objeto,protocolo-sepse,objeto,relacionado,2
calculadora-imc,objeto,escala-braden,objeto,relacionado,2
calculadora-imc,objeto,diabetes,objeto,relacionado,2
calculadora-imc,objeto,hipertensao,objeto,relacionado,2
calculadora-imc,objeto,calculadora-superficie-corporal,objeto,relacionado,2
caso-sepse-01,objeto,sepse,objeto,relacionado,2
caso-sepse-01,objeto,protocolo-sepse,objeto,relacionado,2
caso-sepse-01,objeto,escala-sofa,objeto,relacionado,2
caso-sepse-01,objeto,ceftriaxona,objeto,relacionado,2
caso-sepse-01,objeto,vancomicina,objeto,relacionado,2
ceftriaxona,objeto,sepse,objeto,relacionado,2
ceftriaxona,objeto,pneumonia,objeto,relacionado,2
ceftriaxona,objeto,meningite,objeto,relacionado,2
ceftriaxona,objeto,infeccao-urinaria,objeto,relacionado,2
ceftriaxona,objeto,vancomicina,objeto,relacionado,2
ceftriaxona,objeto,metronidazol,objeto,relacionado,2
ceftriaxona,objeto,protocolo-sepse,objeto,relacionado,2
ceftriaxona,objeto,seringa-20ml-luer-lock,objeto,relacionado,2
ceftriaxona,objeto,soro-fisiologico,objeto,relacionado,2
ceftriaxona,objeto,agulha-21g,objeto,relacionado,2
escala-braden,objeto,nanda-00046,objeto,relacionado,2
escala-braden,objeto,noc-0401,objeto,relacionado,2
escala-braden,objeto,nic-2300,objeto,relacionado,2
escala-braden,objeto,ulcera-pressao-estagio-2,objeto,relacionado,2
escala-braden,objeto,curativo-transparente,objeto,relacionado,2
escala-braden,objeto,protocolo-prevencao-up,objeto,relacionado,2
escala-braden,objeto,calculadora-imc,objeto,relacionado,2
filtracao-glomerular,objeto,creatinina,objeto,relacionado,2
filtracao-glomerular,objeto,clearance-creatinina,objeto,relacionado,2
filtracao-glomerular,objeto,insuficiencia-renal,objeto,relacionado,2
filtracao-glomerular,objeto,diabetes,objeto,relacionado,2
filtracao-glomerular,objeto,hipertensao,objeto,relacionado,2
flebite,objeto,puncao-venosa,objeto,relacionado,2
flebite,objeto,cateter-22g,objeto,relacionado,2
flebite,objeto,escala-flebite,objeto,relacionado,2
flebite,objeto,ceftriaxona,objeto,relacionado,2
flebite,objeto,heparina,objeto,relacionado,2
hemograma,objeto,sepse,objeto,relacionado,2
hemograma,objeto,anemia,objeto,relacionado,2
hemograma,objeto,leucemia,objeto,relacionado,2
hemograma,objeto,protocolo-sepse,objeto,relacionado,2
hemograma,objeto,ceftriaxona,objeto,relacionado,2
musculo-deltoide,objeto,agulha-25g,objeto,relacionado,2
musculo-deltoide,objeto,vacina-bcg,objeto,relacionado,2
musculo-deltoide,objeto,imunizacao,objeto,relacionado,2
musculo-deltoide,objeto,plexo-braquial,objeto,relacionado,2
musculo-deltoide,objeto,articulacao-ombro,objeto,relacionado,2
nanda-00046,objeto,nic-2300,objeto,relacionado,2
nanda-00046,objeto,noc-0401,objeto,relacionado,2
nanda-00046,objeto,punção-venosa,objeto,relacionado,2
nanda-00046,objeto,agulha-21g,objeto,relacionado,2
nanda-00046,objeto,cateter-22g,objeto,relacionado,2
nanda-00046,objeto,escala-flebite,objeto,relacionado,2
nanda-00046,objeto,curativo-transparente,objeto,relacionado,2
necrose,objeto,sepse,objeto,relacionado,2
necrose,objeto,infarto,objeto,relacionado,2
necrose,objeto,gangrena,objeto,relacionado,2
necrose,objeto,flebite,objeto,relacionado,2
necrose,objeto,ischemia,objeto,relacionado,2
nic-2312,objeto,nanda-00046,objeto,relacionado,2
nic-2312,objeto,nanda-00125,objeto,relacionado,2
nic-2312,objeto,noc-2301,objeto,relacionado,2
nic-2312,objeto,noc-0401,objeto,relacionado,2
nic-2312,objeto,ceftriaxona,objeto,relacionado,2
nic-2312,objeto,heparina,objeto,relacionado,2
nic-2312,objeto,insulina,objeto,relacionado,2
nic-2312,objeto,seringa-20ml-luer-lock,objeto,relacionado,2
nic-2312,objeto,agulha-21g,objeto,relacionado,2
nic-2312,objeto,protocolo-administracao-ev,objeto,relacionado,2
noc-0401,objeto,nanda-00046,objeto,relacionado,2
noc-0401,objeto,nic-2300,objeto,relacionado,2
noc-0401,objeto,nic-2312,objeto,relacionado,2
noc-0401,objeto,escala-braden,objeto,relacionado,2
noc-0401,objeto,ulcera-pressao-estagio-2,objeto,relacionado,2
noc-0401,objeto,curativo-transparente,objeto,relacionado,2
nove-certos,objeto,nic-2312,objeto,relacionado,2
nove-certos,objeto,administracao-medicamentos,objeto,relacionado,2
nove-certos,objeto,heparina,objeto,relacionado,2
nove-certos,objeto,insulina,objeto,relacionado,2
nove-certos,objeto,noradrenalina,objeto,relacionado,2
pressao-arterial,objeto,sepse,objeto,relacionado,2
pressao-arterial,objeto,choque,objeto,relacionado,2
pressao-arterial,objeto,hipertensao,objeto,relacionado,2
pressao-arterial,objeto,protocolo-sepse,objeto,relacionado,2
pressao-arterial,objeto,noradrenalina,objeto,relacionado,2
pressao-arterial,objeto,escala-news2,objeto,relacionado,2
protocolo-sepse,objeto,sepse,objeto,relacionado,2
protocolo-sepse,objeto,escala-sofa,objeto,relacionado,2
protocolo-sepse,objeto,escala-qsofa,objeto,relacionado,2
protocolo-sepse,objeto,ceftriaxona,objeto,relacionado,2
protocolo-sepse,objeto,vancomicina,objeto,relacionado,2
protocolo-sepse,objeto,noradrenalina,objeto,relacionado,2
protocolo-sepse,objeto,cateter-central,objeto,relacionado,2
puncao-venosa,objeto,seringa-20ml-luer-lock,objeto,relacionado,2
puncao-venosa,objeto,agulha-21g,objeto,relacionado,2
puncao-venosa,objeto,cateter-22g,objeto,relacionado,2
puncao-venosa,objeto,equipo-macrogotas,objeto,relacionado,2
puncao-venosa,objeto,heparina,objeto,relacionado,2
puncao-venosa,objeto,escala-flebite,objeto,relacionado,2
puncao-venosa,objeto,curativo-transparente,objeto,relacionado,2
resolucao-cofen-588,objeto,nic-2312,objeto,relacionado,2
resolucao-cofen-588,objeto,administracao-medicamentos,objeto,relacionado,2
resolucao-cofen-588,objeto,puncao-venosa,objeto,relacionado,2
resolucao-cofen-588,objeto,protocolo-sepse,objeto,relacionado,2
sepse,objeto,protocolo-sepse,objeto,relacionado,2
sepse,objeto,escala-sofa,objeto,relacionado,2
sepse,objeto,escala-qsofa,objeto,relacionado,2
sepse,objeto,escala-news2,objeto,relacionado,2
sepse,objeto,ceftriaxona,objeto,relacionado,2
sepse,objeto,vancomicina,objeto,relacionado,2
sepse,objeto,noradrenalina,objeto,relacionado,2
sepse,objeto,heparina,objeto,relacionado,2
sepse,objeto,cateter-central,objeto,relacionado,2
sepse,objeto,seringa-20ml-luer-lock,objeto,relacionado,2
sepse,objeto,soro-fisiologico,objeto,relacionado,2
sepse,objeto,punção-venosa,objeto,relacionado,2
sepse,objeto,hemocultura,objeto,relacionado,2
sepse,objeto,lactato,objeto,relacionado,2
sepse,objeto,creatinina,objeto,relacionado,2
seringa-20ml-luer-lock,objeto,agulha-21g,objeto,relacionado,2
seringa-20ml-luer-lock,objeto,agulha-22g,objeto,relacionado,2
seringa-20ml-luer-lock,objeto,agulha-25g,objeto,relacionado,2
seringa-20ml-luer-lock,objeto,cateter-22g,objeto,relacionado,2
seringa-20ml-luer-lock,objeto,cateter-20g,objeto,relacionado,2
seringa-20ml-luer-lock,objeto,equipo-macrogotas,objeto,relacionado,2
seringa-20ml-luer-lock,objeto,equipo-microgotas,objeto,relacionado,2
seringa-20ml-luer-lock,objeto,heparina,objeto,relacionado,2
seringa-20ml-luer-lock,objeto,soro-fisiologico,objeto,relacionado,2
seringa-20ml-luer-lock,objeto,ringer-lactato,objeto,relacionado,2
seringa-20ml-luer-lock,objeto,punção-venosa,objeto,relacionado,2
seringa-20ml-luer-lock,objeto,escala-flebite,objeto,relacionado,2
seringa-20ml-luer-lock,objeto,curativo-transparente,objeto,relacionado,2
snomed-ct,objeto,cid-11,objeto,relacionado,2
snomed-ct,objeto,loinc,objeto,relacionado,2
snomed-ct,objeto,atc,objeto,relacionado,2
snomed-ct,objeto,fhir,objeto,relacionado,2
snomed-ct,objeto,sepse,objeto,relacionado,2
staphylococcus-aureus,objeto,sepse,objeto,relacionado,2
staphylococcus-aureus,objeto,pneumonia,objeto,relacionado,2
staphylococcus-aureus,objeto,osteomielite,objeto,relacionado,2
staphylococcus-aureus,objeto,vancomicina,objeto,relacionado,2
staphylococcus-aureus,objeto,ceftriaxona,objeto,relacionado,2
staphylococcus-aureus,objeto,protocolo-sepse,objeto,relacionado,2
taxa-infeccao,objeto,sepse,objeto,relacionado,2
taxa-infeccao,objeto,flebite,objeto,relacionado,2
taxa-infeccao,objeto,protocolo-sepse,objeto,relacionado,2
taxa-infeccao,objeto,staphylococcus-aureus,objeto,relacionado,2
vacina-bcg,objeto,tuberculose,objeto,relacionado,2
vacina-bcg,objeto,imunizacao,objeto,relacionado,2
vacina-bcg,objeto,crianca,objeto,relacionado,2
vacina-bcg,objeto,anvisa,objeto,relacionado,2
